overnight,inheritedIntraday,tradeTiming,adverseFill,fees,dividend,interest,date,relativeChange,inStreak,baseTarget,dailyStrategy,dailyHold
0.0,0.0,0.00229996715834359,0.0008935412479278536,0.00026021640104661266,0.0,-0.0,2023-10-09,0.003453724807318056,False,0.0,0.0,-0.003447767560000078
-0.0076201739004081,0.01075789256528179,0.0,0.0,0.0,0.0,-0.0,2023-10-10,0.0031377186648736902,False,0.0,0.0,-0.003132801170246522
0.00044734472894343574,-0.007604860392036499,0.0,0.0,0.0,0.0,-0.0,2023-10-11,-0.007157515663093064,False,0.0,0.0,0.007183191901129253
-0.004015309122748467,0.005799890955081232,0.0,0.0,0.0,0.0,-0.0,2023-10-12,0.0017845818323327656,False,0.0,0.0,-0.0017829904129880707
0.012644920027843506,0.009935294307591526,0.0,0.0,0.0,0.0,-0.0,2023-10-13,0.022580214335435035,False,0.0,0.0,-0.02232718932686823
0.006480604556683911,0.020367614321006092,0.0,0.0,0.0,0.0,-0.0,2023-10-16,0.02684821887769,False,0.0,0.0,-0.026491009401535093
0.0,0.012748517223630369,0.0,0.0,0.0,0.0,-0.0,2023-10-17,0.01274851722363037,False,0.0,0.0,-0.012667599104939803
0.016532491248950575,0.02966123429958794,0.0,0.0,0.0,0.0,-0.0,2023-10-18,0.04619372554853852,False,0.0,0.0,-0.045143035917279514
0.011466060402794478,-0.007976389845422434,0.0,0.0,0.0,0.0,-0.0,2023-10-19,0.003489670557372044,False,0.0,0.0,-0.0034835887336497756
0.003028241601532107,0.018169449609191823,0.0,0.0,0.0,0.0,-0.0,2023-10-20,0.021197691210723933,False,0.0,0.0,-0.020974599279643742
0.0005125821947810139,0.009226479506055828,0.0,0.0,0.0,0.0,-0.0,2023-10-23,0.009739061700836844,False,0.0,0.0,-0.009691790622544218
-0.015169154999506579,-0.02174245549929256,0.0,0.0,0.0,0.0,-0.0,2023-10-24,-0.03691161049879914,False,0.0,0.0,0.03760130372312031
0.0010167521477695914,0.04677059879740111,0.0,0.0,0.0,0.0,-0.0,2023-10-25,0.047787350945170705,False,0.0,0.0,-0.04666350837184566
-0.005689479851432837,-0.007758381615590159,0.0,0.0,0.0,0.0,-0.0,2023-10-26,-0.013447861467022995,False,0.0,0.0,0.013538690652120799
0.01276698841378268,-0.016341745169641844,0.008820737438232052,-0.0002584394561573505,-0.00012893699531363954,0.0,-0.0,2023-10-27,0.004858604230901897,False,0.5,0.00848428443999999,0.00359634233233138
0.0,-0.010748926469907535,0.0,0.0,0.0,0.0,-0.0,2023-10-30,-0.010748926469907535,False,0.5,0.011085943700360309,0.022012652151541762
0.00348729911272319,0.00672550543168054,0.006195882103986601,-0.00025828593026078634,-0.00038807751096650697,0.0,-0.0,2023-10-31,0.01576232320716304,False,0.0,-0.004975807231285428,-0.0205367397568297
-0.005685505212247584,0.023775749069399412,-0.0028559705787481638,-0.0002609920793973314,-0.00013102979838560202,0.0,-0.0,2023-11-01,0.014842251400620732,False,0.5,-0.0032136466853781675,-0.01789894927013114
-0.0048894111834413,-0.008234797782637894,-0.00568125179377366,-0.0002470109475554146,-0.00012806035565060913,0.0,-0.0,2023-11-02,-0.019180532063058878,False,1.0,0.007054389333743523,0.026556662433006348
1.0722581618473825e-05,-2.4423658130968536e-05,0.002304831664966588,-0.0005005442504726113,-0.0007595356237407521,0.0,-0.0,2023-11-03,0.0010310507142407294,False,0.0,0.012710322882408764,0.011666705284469598
-0.008379641187583883,-0.02563184363260911,0.0,0.0,0.0,0.0,-0.0,2023-11-06,-0.03401148482019299,False,0.0,0.0,0.034596488814532284
0.005755814905288106,-0.02638081831590386,0.0,0.0,0.0,0.0,-0.0,2023-11-07,-0.020625003410615753,False,0.0,0.0,0.020839168645555486
0.011407272119810328,-0.009030757094849903,0.0,0.0,0.0,0.0,-0.0,2023-11-08,0.0023765150249604253,False,0.0,0.0,-0.0023736933488230118
0.00423265678691628,-0.02774741671422894,0.0,0.0,0.0,0.0,-0.0,2023-11-09,-0.02351475992731266,False,0.0,0.0,0.023793411751450937
-0.00325215053302619,0.002322964666447312,0.0,0.0,0.0,0.0,-0.0,2023-11-10,-0.0009291858665788782,False,0.0,0.0,0.0009296176935050049
-0.008774360885331274,-0.002309042338245105,0.0,0.0,0.0,0.0,-0.0,2023-11-13,-0.011083403223576378,False,0.0,0.0,0.011145051684819256
0.0,0.0055263464620048715,0.0,0.0,0.0,0.0,-0.0,2023-11-14,0.005526346462004872,False,0.0,0.0,-0.0055111043001441215
-0.010616584002078714,0.009693402784506693,0.0,0.0,0.0,0.0,-0.0,2023-11-15,-0.0009231812175720226,False,0.0,0.0,0.0009236074805148171
0.015945742872546464,0.016883727747402114,0.0,0.0,0.0,0.0,-0.0,2023-11-16,0.03282947061994858,False,0.0,0.0,-0.0322964325912847
0.008465096471415086,-0.02257359059044025,0.014149109570187236,-0.000803328965120446,-0.00021855415642267623,0.0,-0.0,2023-11-17,-0.0009812676703810502,False,1.0,0.013308458103817577,0.014303272943874346
0.001793621884549174,-0.00020695637129414203,-0.0024131310209891633,-0.0003368510209804264,-0.0002671011385544069,0.0,-0.0,2023-11-20,-0.0014304176672689656,False,0.5,-0.012225148567717547,-0.010811206946495287
-0.0016751411299126074,0.005025423389737637,-0.009604858006976148,-0.00047163218819916284,-0.0001314055536122271,0.0,-0.0,2023-11-21,-0.006857613488962507,False,1.0,-0.013441346352020897,-0.006652657924651613
3.2021991522927527e-06,4.056118926223497e-06,0.0,0.0,0.0,0.0,-0.0,2023-11-22,7.258318078514486e-06,False,1.0,-0.016257517876984977,-0.016264658166914296
2.15541674154549e-07,-3.233125112318935e-06,0.0,0.0,0.0,0.0,-0.0,2023-11-23,-3.0175834381642244e-06,False,1.0,0.006804902897501185,0.0068079410198855226
3.299647521647437e-06,9.898942565299695e-06,0.005381350013851379,-0.0004970847637250694,-0.0003831964919130764,0.0,-0.0,2023-11-24,0.004514267348300179,False,0.5,-0.02458624406661632,-0.028979598686584968
0.0,-0.006681459073376711,0.004358335972221002,-0.0003273773103557749,-8.560217725288064e-05,0.0,-0.0,2023-11-27,-0.002736102588764366,False,1.0,0.010660957331147844,0.013430015879505772
0.0,-0.0016386907448383537,-0.002531410781152535,-0.0003254100609841307,-0.00025206518860565154,0.0,-0.0,2023-11-28,-0.004747576775580671,False,0.5,0.005033508332579348,0.00981632649010448
0.002189895458183347,-0.0012166085878796223,0.0001553513835734202,-0.0003588115827050325,-0.0002796322899787421,0.0,-0.0,2023-11-29,0.0004901943811933703,False,0.0,-0.001454819300555706,-0.001944180586626816
0.0,-0.006323935591208824,-0.0017912417448027725,-0.00035165482106557227,-9.505032007565772e-05,0.0,-0.0,2023-11-30,-0.008561882477152827,False,0.5,-0.0012827312742870111,0.00730487920418723
0.0012045703432983896,-0.009636562746386546,-0.009811226714711805,-0.00047811054041236304,-0.0003740756789458765,0.0,-0.0,2023-12-01,-0.019095405337158203,False,0.0,-0.0023131815867442045,0.016921111467830013
-0.006209975149188722,0.01576378307101776,0.0,0.0,0.0,0.0,-0.0,2023-12-04,0.009553807921829038,False,0.0,0.0,-0.009508315290149973
0.005869498611905948,0.02641274375357672,-0.00531253984230815,-0.00031153783025880476,-8.311009474909668e-05,0.0,-0.0,2023-12-05,0.026575054598166614,False,0.5,-0.005600478670791479,-0.031678651059737356
0.0,0.007236664286212093,-0.0013543847332865946,-0.00024050774797262838,-8.763490875746654e-05,0.0,-0.0,2023-12-06,0.005554136896195403,False,1.0,-0.004897710093218878,-0.010409324138898536
-0.0008552639907171371,-0.015565804631051902,0.010794733118761654,-0.0003365147904398101,-8.875567871989187e-05,0.0,-0.0,2023-12-07,-0.0060516059721670915,False,1.0,0.04176257396395943,0.04808602479647936
9.262970340804385e-08,1.3894455512803405e-05,-0.045199434205520035,-0.0006909206687232656,-0.0005537601032210448,0.0,-0.0,2023-12-08,-0.046430127892248124,False,0.0,0.02352239088135616,0.0721651735131343
0.017372982013171397,-0.013363832317824065,-0.003509845028809926,-0.00021271788053392918,-0.00017742798415335413,0.0,-0.0,2023-12-11,0.00010915880185012432,False,0.0,-0.00524039039823604,-0.005348971238964009
0.0035126404294003096,-0.009659761180850957,0.0,0.0,0.0,0.0,-0.0,2023-12-12,-0.006147120751450647,False,0.0,0.00010731127182653669,0.006274026030246255
0.0035206619520092163,0.007041323904018439,0.0,0.0,0.0,0.0,-0.0,2023-12-13,0.010561985856027656,False,0.0,-0.0001839424411767543,-0.010688413808252669
-0.0026872033985797378,0.0197061582562506,-0.006275835364492415,-0.0002890123533640393,-8.368810456188782e-05,0.0,-0.0,2023-12-14,0.010370419035252518,False,0.5,-0.00686010245637087,-0.017106159575277224
-0.0006190767434786378,0.00928615115217959,-0.001887285108750491,-0.0004501423439559752,-0.00012665659029225543,0.0,-0.0,2023-12-15,0.006202990365702231,False,1.0,-0.006681431465252352,-0.01282390642408367
0.0012191553501906132,-0.0012191553501904979,4.468465610610172e-05,-0.00017291019101926854,-5.1202670895522e-05,0.0,-0.0,2023-12-18,-0.00017942820580857345,False,1.0,-0.00017941210953087127,-9.454242944073599e-17
5.412218755466429e-07,-7.035884382106034e-06,0.0,0.0,0.0,0.0,-0.0,2023-12-19,-6.494662506560146e-06,False,1.0,0.0055608243379552365,0.005567355137346776
0.0,1.0344184873468139e-05,-0.0045286037492898315,-0.00043976514613303075,-0.0003550108317635688,0.0,-0.0,2023-12-20,-0.005313035542312963,False,0.5,-0.014018669404134902,-0.008766174560491629
0.0021659324806466702,-0.005848017697746,0.006168773622041379,-0.00032048099736675195,-8.863715809680118e-05,0.0,-0.0,2023-12-21,0.002077570249478496,False,1.0,0.010008970538796904,0.007912784191076173
0.0005215569419094751,0.0013908185117586101,0.005287937954720585,-0.00040064599545515313,-0.00032814945608871353,0.0,-0.0,2023-12-22,0.006471517956844804,False,0.0,-0.008845962613161246,-0.015239523428495227
0.003039105721790437,-0.02000744600178703,0.01184612222357166,-0.0005006073985377095,-0.00014009372420365198,0.0,-0.0,2023-12-25,-0.005762919179166298,False,1.0,0.025492777717697427,0.031419671415905986
-1.3285200237050173e-06,-1.1956680213344725e-05,-0.011936419755745708,-0.0008985112364568881,-0.0007543753483783039,0.0,-0.0,2023-12-26,-0.013602591540817948,False,0.0,0.004430391664031549,0.018186595917707285
-0.0004518099018880351,0.023945924800065913,0.0,0.0,0.0,0.0,-0.0,2023-12-27,0.023494114898177876,False,0.0,0.0,-0.02322027689994302
0.0036295598088562685,-0.019962578948709373,-0.0005554635015005115,-0.0004432391268339969,-0.00012829371686063804,0.0,-0.0,2023-12-28,-0.017460015485048254,False,0.5,-0.001135601487179542,0.01645772934794872
0.0,0.0022627886788415728,0.006785694250181889,-0.0004377867258181789,-0.0003728104199722527,0.0,-0.0,2023-12-29,0.00823788578323303,False,0.0,0.0037371353520613865,-0.004497571668301336
0.0008980180143684404,0.003592072057474318,-0.0036164734919207687,-0.0004359949616477147,-0.00012586155951920525,0.0,-0.0,2024-01-02,0.00031176005875506885,False,0.5,-0.0042074912644331835,-0.004517891207798058
0.00281339846465224,0.007033496161630371,0.0,0.0,0.0,0.0,-0.0,2024-01-03,0.009846894626282611,False,0.5,-0.009354346316651697,-0.019061259770679486
0.0011934560111893447,0.0019095296179028915,0.00207219748987661,-0.0002487794101387503,-6.896273246309404e-05,0.0,-0.0,2024-01-04,0.004857440976367002,False,1.0,-0.0011745877740648406,-0.006014558806357871
-0.0003634602127772186,0.011509573404611924,-0.005419111928621479,-0.0002465510513114219,-6.733918573263034e-05,0.0,-0.0,2024-01-05,0.005413111026169176,False,1.0,-0.037626767266618205,-0.04282212621052996
2.6190839692460112e-06,2.828610686785603e-05,0.0,0.0,0.0,0.0,-0.0,2024-01-08,3.0905190837104274e-05,False,1.0,-0.028660589617830662,-0.028690608583802797
-2.2597633374929694e-05,-2.8760624295380686e-05,0.0,0.0,0.0,0.0,-0.0,2024-01-09,-5.135825767031699e-05,False,1.0,0.0500106039346057,0.05006453203457391
1.0565484108481424e-05,1.609978530816047e-05,-0.003731927697547209,-0.000897194935390853,-0.0006930101829403167,0.0,-0.0,2024-01-10,-0.005295467546461735,False,0.0,-0.030417128701040675,-0.02526911553417799
0.0026874726718327155,-0.003583296895776878,-0.0015188958068928337,-0.00040449954910597527,-0.00010803628792237605,0.0,-0.0,2024-01-11,-0.0029272558678653474,False,0.5,-0.0019475635085295555,0.0009782715873562493
0.00370963487888175,0.0037096348788818027,0.0,0.0,0.0,0.0,-0.0,2024-01-12,0.0074192697577635525,False,0.5,-0.007322040865192772,-0.014659732610454045
0.0032216007926484957,-0.009169171486769018,0.0009301608843597332,-0.0004893455087283652,-0.00012959620200096638,0.0,-0.0,2024-01-15,-0.00563635152049012,False,1.0,0.006214876419494335,0.011902270186758587
4.139323014514887e-06,-1.6933594150283818e-05,-0.005224549510309661,-0.00045213409509092697,-0.0003518498325268301,0.0,-0.0,2024-01-16,-0.0060413277090631875,False,0.5,0.01053973921483977,0.016663219293034142
0.00313191563026427,-0.002908207370959657,0.006121663240030431,-0.0005145600826452253,-0.0004094054250711658,0.0,-0.0,2024-01-17,0.0054214059916186524,False,0.0,0.004951445875033203,-0.00048206198059382033
0.005631434321375365,-0.06006863276133842,0.0,0.0,0.0,0.0,-0.0,2024-01-18,-0.05443719843996305,False,0.0,0.0,0.055946159265219585
-0.0004491924953461327,-0.0327910521602677,0.0,0.0,0.0,0.0,-0.0,2024-01-19,-0.033240244655613836,False,0.0,0.0,0.03379887406402753
-0.019236747287883823,0.044289255383732615,0.0,0.0,0.0,0.0,-0.0,2024-01-22,0.025052508095848792,False,0.0,0.0,-0.02474129829352038
0.004013800398692968,-0.03211040318954385,0.003649386399079592,-0.00043639309485356807,-0.00012788749292986091,0.0,-0.0,2024-01-23,-0.02501149697955472,False,0.5,0.003133801080084979,0.028540079192841215
0.00044224730241954654,0.0026534838145176464,-0.004655212772567832,-0.0004451678809003187,-0.00037758806784683556,0.0,-0.0,2024-01-24,-0.002382237604377796,False,0.0,-0.008530984758958802,-0.006166254430851572
0.010472397889067118,-0.04145324164422413,0.0,0.0,0.0,0.0,-0.0,2024-01-25,-0.030980843755157007,False,0.0,0.0,0.031465744686914904
0.020008608873265755,0.04890993280131591,0.0,0.0,0.0,0.0,-0.0,2024-01-26,0.06891854167458168,False,0.0,0.0,-0.0665972895967612
0.005388068780097966,0.08718874935067829,-0.033768254293721135,-0.0010382672689556913,-0.0002765696401254251,0.0,-0.0,2024-01-29,0.05749372692797399,False,1.0,-0.032969564101276876,-0.08699966949922257
-9.076401438557966e-06,9.076401438557966e-06,0.0,0.0,0.0,0.0,-0.0,2024-01-30,0.0,False,1.0,-4.336808689942018e-17,-4.336808689942018e-17
-5.979781825709949e-06,2.5178028739841002e-06,0.0,0.0,0.0,0.0,-0.0,2024-01-31,-3.4619789517258484e-06,False,1.0,-0.005549413194700378,-0.005545970421740926
-4.8615250893241635e-06,2.9776841172107796e-05,0.0,0.0,0.0,0.0,-0.0,2024-02-01,2.49153160827853e-05,False,1.0,0.0415992040779482,0.04157325262784265
5.519651404887029e-06,-3.776603592817714e-06,0.004182660847595991,-0.0009700659374524555,-0.0007614405629132756,0.0,-0.0,2024-02-02,0.0024528973950423295,False,0.0,0.00538361016861282,0.0029205294073726892
0.009170323349087055,-0.0202712410874554,0.0,0.0,0.0,0.0,-0.0,2024-02-05,-0.011100917738368346,False,0.0,0.0,0.011162761554873253
0.019215171508858674,-0.11437602088606283,0.0,0.0,0.0,0.0,-0.0,2024-02-06,-0.09516084937720416,True,0.0,0.0,0.0998357487943238
-0.0038862861470912668,-0.01727238287596128,0.0,0.0,0.0,0.0,-0.0,2024-02-07,-0.021158669023052544,True,0.0,0.0,0.02138410079853275
0.005372921237588564,-0.07150118262329526,0.0,0.0,0.0,0.0,-0.0,2024-02-08,-0.0661282613857067,True,0.0,0.0,0.06836373819205144
-0.022870760437429968,-0.07242407471852817,0.0,0.0,0.0,0.0,-0.0,2024-02-19,-0.09529483515595814,True,0.0,0.0,0.09998312101629797
0.04107885370354037,0.012697100235639747,0.0,0.0,0.0,0.0,-0.0,2024-02-20,0.053775953939180124,True,0.0,0.0,-0.05235560128611679
0.035598513453471245,0.024127881340686042,-0.0010430439183805853,-0.00041721756735221935,-0.0001334804163229984,0.0,-0.0,2024-02-21,0.05813265289210149,True,0.5,-0.00154590889965295,-0.05793382550673533
-0.013368416852428544,0.005671449573757516,-0.0023719972730223797,-0.00039533287883706327,-0.00012879154526754122,0.0,-0.0,2024-02-22,-0.010593088975798012,True,1.0,0.0047757018415738525,0.0154759545571977
-4.8277762946466704e-05,2.319840557162286e-05,0.011005653133156554,-0.0003930590404698694,-0.0003862512578889395,0.0,-0.0,2024-02-23,0.010201263477422902,True,0.5,0.02646017209920314,0.01604220996878663
0.00994067646866589,-0.014513387644252205,0.0,0.0,0.0,0.0,-0.0,2024-02-26,-0.004572711175586315,True,0.5,0.004474938023642615,0.009078629452152116
0.009028124382016589,-0.038609638314581855,-0.03166049214435984,-0.000376821347762683,-0.00036355907355985635,0.0,-0.0,2024-02-27,-0.061982386498247645,True,0.0,-0.003480598425193822,0.06024044435512014
0.011069112220736454,0.05725402872794719,0.0,0.0,0.0,0.0,-0.0,2024-02-28,0.06832314094868365,True,0.0,0.0,-0.06604137546601616
0.0,-0.04227309881938167,0.013219418943533925,-0.0007450739968174416,-0.0002524660660216051,0.0,-0.0,2024-02-29,-0.030051219938686792,True,1.0,0.012563250457716321,0.04345383662168062
-3.8475916043076256e-07,-3.231976947618214e-05,-0.02016937439849199,-0.0007407783585423033,-0.0007511842741751819,0.0,-0.0,2024-03-01,-0.021694041559846087,True,0.0,0.010028629265639218,0.03217963601621409
-0.012587365386064022,-0.02661328681624959,0.0,0.0,0.0,0.0,-0.0,2024-03-04,-0.03920065220231361,True,0.0,0.0,0.03997913682026192
0.020815531877038114,-0.020109920626969036,0.0,0.0,0.0,0.0,-0.0,2024-03-05,0.00070561125006908,True,0.0,0.0,-0.0007053623649931132
0.015512506847075032,-0.01762784868985799,0.0,0.0,0.0,0.0,-0.0,2024-03-06,-0.002115341842782961,True,0.0,0.0,0.0021175807567500125
-0.004890218531354235,-0.011526943681049333,0.0,0.0,0.0,0.0,-0.0,2024-03-07,-0.01641716221240357,True,0.0,0.0,0.016552664324428798
-0.024763718679470026,-0.07065914396542104,0.0,0.0,0.0,0.0,-0.0,2024-03-08,-0.09542286264489107,True,0.0,0.0,0.10012395810846755
0.03609432154658864,-0.025329348453746323,0.0,0.0,0.0,0.0,-0.0,2024-03-11,0.010764973092842316,True,0.0,0.0,-0.010707238127496719
0.022969827574949864,0.03806428569563121,0.0,0.0,0.0,0.0,-0.0,2024-03-12,0.061034113270581065,True,0.0,0.0,-0.059208854234318764
-0.021268585881238415,0.010803091241263966,-0.004978369080960999,-0.0006641599077120487,-0.000259194309724721,0.0,-0.0,2024-03-13,-0.016367217938372217,True,1.0,-0.0059150888080102895,0.010489195627319677
3.4425603597187097e-06,-4.348497296478066e-06,-0.006999604091963574,-0.00033331448056968553,-0.00037567208476048917,0.0,-0.0,2024-03-14,-0.007709496594230508,True,0.5,0.0006270769409651955,0.008371221353295204
0.007022108370432254,-0.027769246737618436,0.0,0.0,0.0,0.0,-0.0,2024-03-15,-0.020747138367186183,True,0.5,0.02174917109311501,0.043168974000184365
-0.0002984094940101813,-0.02372355477380936,-0.004425094737929226,-0.00031607819556630915,-0.00039287887552508905,0.0,-0.0,2024-03-18,-0.029156016076840163,True,0.0,0.0210429023460224,0.05125067490174892
0.012554404717895387,0.009798559779820798,0.0,0.0,0.0,0.0,-0.0,2024-03-19,0.022352964497716184,True,0.0,0.0,-0.022104988092659674
-0.0006171109226781245,-0.006479664688122025,0.0,0.0,0.0,0.0,-0.0,2024-03-20,-0.00709677561080015,True,0.0,0.0,0.007122017399274663
0.006846620194651031,0.01742776049547531,0.0,0.0,0.0,0.0,-0.0,2024-03-21,0.02427438069012634,True,0.0,0.0,-0.023982127442536257
-0.007211094991571891,0.003762310430385366,0.006911119677544701,-0.000627541637168469,-0.0002581183041662767,0.0,-0.0,2024-03-22,0.0025766751750234307,True,1.0,0.006054135566313602,0.0034651977088084973
2.0046410420892636e-05,7.546883923160263e-05,0.013449808735174679,-0.0003280441154920582,-0.00038668528157742674,0.0,-0.0,2024-03-25,0.012830594587757684,True,0.5,-0.038600148978228874,-0.05085668324927085
-0.0326422841395606,0.01813460229975581,-0.0073961098528359005,-0.00031472807884407484,-0.00012924938013889896,0.0,-0.0,2024-03-26,-0.02234776915162366,True,1.0,0.0063629424090578994,0.029106091926988674
5.906634549627639e-06,2.7564294564929583e-05,-0.0016666022104662175,-0.0003333204420932435,-0.00037947865691432387,0.0,-0.0,2024-03-27,-0.0023459303803592194,True,0.5,-0.03504880355654322,-0.03278243790061086
-0.00032989430436697207,-0.005938097478606495,-0.0007923579589314383,-0.00032502061907623497,-0.00012899218317209227,0.0,-0.0,2024-03-28,-0.007514362544153233,True,1.0,0.0050462806197337255,0.012627009246728842
-1.354761583059199e-06,5.30124097718435e-07,-0.00648201307798435,-0.00033241092707611287,-0.0003760431853641316,0.0,-0.0,2024-03-29,-0.007191291827909934,True,0.5,-0.016287753036036974,-0.009188093929529089
-0.0003141626316798132,-0.02513301053438507,0.012226428773702261,-0.0003056607193425498,-0.00012326074168207923,0.0,-0.0,2024-04-01,-0.013649665853387255,True,1.0,0.03936835500656271,0.05365265191189597
-4.0639324323057517e-07,-3.9013751350199075e-06,0.024569176478072757,-0.000642899243061334,-0.0007691674345033832,0.0,-0.0,2024-04-02,0.023152802032129785,True,0.0,-0.010675939789277101,-0.033318433855373385
0.01194480024099968,0.025216800508777035,-0.003032149010446084,-0.0003369054456051138,-0.00013060476504328118,0.0,-0.0,2024-04-03,0.03366194152868224,True,0.5,-0.0034296092619379923,-0.03641776586464827
0.005458160295424422,-0.012280860664704928,-0.005157260810165157,-0.0003327265038816764,-0.0001312772421064949,0.0,-0.0,2024-04-08,-0.012443964925433834,True,1.0,0.0009641229355371764,0.01349790862772706
8.691236187366676e-07,8.691236187366676e-07,-0.003367107425220165,-0.00033671074252201056,-0.00037770864253149853,0.0,-0.0,2024-04-09,-0.004079788563036202,True,0.5,-0.013356219470826455,-0.009322699098809464
0.0006799910676457976,0.009859870480864036,0.001094936419607924,-0.0003465985788687196,-0.00013101379017793654,0.0,-0.0,2024-04-10,0.011157185599071104,True,1.0,-0.009851509237553752,-0.020837380057360307
-1.0091565852091907e-05,2.761902233204193e-05,0.0,0.0,0.0,0.0,-0.0,2024-04-11,1.7527456479949147e-05,True,1.0,-0.011309557134937216,-0.01132688621177891
-1.892502297266256e-05,-5.524060759587865e-05,0.0,0.0,0.0,0.0,-0.0,2024-04-12,-7.416563056854286e-05,True,1.0,0.050261949007219434,0.05033984523550544
1.5925802517107266e-05,-2.9438604652830892e-05,0.0011167089159259576,-0.0006541391139315671,-0.0007589959318227127,0.0,-0.0,2024-04-15,-0.00030993893196404505,True,0.0,0.008942148191705083,0.00925490710910785
0.01723983163090564,0.007293774920767732,0.0,0.0,0.0,0.0,-0.0,2024-04-16,0.024533606551673373,True,0.0,0.0,-0.024235103726021123
-0.007174724590944755,-0.03946098525019617,0.010705182873986294,-0.00031603356295785065,-0.00012552311867802408,0.0,-0.0,2024-04-17,-0.036372083648790514,True,0.5,0.010562974840495789,0.047995885712184445
0.00820685524814502,-0.0035402120678273015,-0.005038168097557326,-0.00032504310306820524,-0.0003778366038685512,0.0,-0.0,2024-04-18,-0.0010744046241763627,True,0.0,-0.01035151612332485,-0.009287661813281476
0.008865029584799077,0.022326741176531002,0.0,0.0,0.0,0.0,-0.0,2024-04-19,0.031191770761330083,True,0.0,0.0,-0.030710326167124345
0.0735151588301664,-0.030828937573940757,0.01254599166528369,-0.000713876039065764,-0.00026336360399770414,0.0,-0.0,2024-04-22,0.05425497327844587,True,1.0,0.011388763740845586,-0.04202210298421769
-4.416904898182239e-05,-1.3802827806820553e-05,0.0,0.0,0.0,0.0,-0.0,2024-04-23,-5.79718767886421e-05,True,1.0,0.029183948004756963,0.02924361345922602
-3.2603592927121395e-05,-8.822148674398253e-05,-0.027700146464014645,-0.0003218359517480156,-0.0003632071416364178,0.0,-0.0,2024-04-24,-0.02850601463707019,True,0.5,0.034028453333875254,0.06392862624827482
0.006876814690081091,-0.0017192036725202642,-0.003958185006593161,-0.00032984875054942517,-0.0003866816902690994,0.0,-0.0,2024-04-25,0.000482895570149142,True,0.0,-0.01001349318926346,-0.01049143787993525
-0.027070484202814996,-0.03671628891876044,0.0,0.0,0.0,0.0,-0.0,2024-04-26,-0.06378677312157544,True,0.0,0.0,0.06586510344080221
-0.008093797285003743,-0.0029977026981495188,0.0,0.0,0.0,0.0,-0.0,2024-04-29,-0.011091499983153261,True,0.0,0.0,0.011153238716344271
0.0002982473356208486,0.0005964946712421018,0.0,0.0,0.0,0.0,-0.0,2024-04-30,0.0008947420068629504,True,0.0,0.0,-0.0008943418445897579
-0.02101230045887896,0.03301932929252387,0.0,0.0,0.0,0.0,-0.0,2024-05-06,0.012007028833644915,True,0.0,0.0,-0.011935232105360873
-0.009819945723410451,0.025777357523952542,-0.01598353930811091,-0.0003012398955136272,-0.00013182118793878607,0.0,-0.0,2024-05-07,-0.0004591885910212312,True,0.5,-0.0161550974468448,-0.015703223352483604
0.004718015516531251,-0.001729939022728116,-0.005130226304206287,-0.0003124464042464263,-0.0001329769023402198,0.0,-0.0,2024-05-08,-0.0025875731169898,True,1.0,-0.008398418419076013,-0.005829254307312059
5.696640890716821e-06,4.953600774577458e-07,0.0,0.0,0.0,0.0,-0.0,2024-05-09,6.1920009681746754e-06,True,1.0,-0.007708900164436083,-0.00771504441286436
6.133527300171853e-06,1.303374551286985e-05,0.0,0.0,0.0,0.0,-0.0,2024-05-10,1.916727281304348e-05,True,1.0,-0.023306366949315913,-0.023325087323225527
-3.093692817226309e-06,-9.023270716909818e-06,0.0,0.0,0.0,0.0,-0.0,2024-05-13,-1.211696353413741e-05,True,1.0,0.0149538430414648,0.014966141274678237
-6.6555769024381555e-06,1.894279579924235e-05,0.015525100086546473,-0.0003168387772763955,-0.0003893695101705855,0.0,-0.0,2024-05-14,0.014831179017996297,True,0.5,-0.00034249515131291533,-0.015059191820174157
0.004347668040466467,-0.012076855667962407,-0.007727789710065259,-0.00031223392767936944,-0.00013141145431206906,0.0,-0.0,2024-05-15,-0.015900622719552636,True,1.0,-0.0007266257649303358,0.015289438405952182
5.8317023968068135e-06,2.20659009608911e-06,0.0036015253487719817,-0.0006074862034072197,-0.0007612930317357448,0.0,-0.0,2024-05-16,0.0022407844061219095,True,0.0,0.03431586671214278,0.03200078261787023
0.01071691350094324,0.003674370343180679,0.0,0.0,0.0,0.0,-0.0,2024-05-17,0.01439128384412392,True,0.0,0.0,-0.014288224297513941
0.01854547104878463,-0.022801808666538564,0.00944609120712694,-0.00030693474613760523,-0.0001275032571482711,-0.015201205777692448,-0.0,2024-05-20,-0.010445890191605316,True,0.5,0.009141698483746755,0.019738331128829133
0.0,-0.00029631669598479505,-6.573561862407833e-05,-0.00030851917007578385,-0.0003815574023965232,0.0,-0.0,2024-05-21,-0.0010521288870811805,True,0.0,-0.00044732821643544095,0.0006048834577917604
0.007308469861129046,0.00761298943867609,0.0,0.0,0.0,0.0,-0.0,2024-05-22,0.014921459299805139,True,0.0,0.0,-0.01481068597694981
-0.01587666249322364,0.013739419465289773,0.008412817724827585,-0.0006231070389550922,-0.00025840226215294716,0.0,-0.0,2024-05-23,0.00539406539578568,True,1.0,0.007567875269903817,0.0021476200079569817
0.0,-0.0004227086160723004,0.024706621199797548,-0.0003167515538434956,-0.0003945584055296903,0.0,-0.0,2024-05-24,0.02357260262435206,True,0.5,-0.004671112580234118,-0.027859229065694144
-0.0038791068413737157,-0.010240842061226614,0.010284930218721273,-0.0003169049980422626,-0.00013211202006208297,0.0,-0.0,2024-05-27,-0.0042840357019834005,True,1.0,0.024260228003698293,0.028657607929476275
-0.000122720238526745,-0.0003728807247543388,0.019888133153407143,-0.0006346439571611506,-0.0007646548803622108,0.0,-0.0,2024-05-28,0.017993233352602698,True,0.0,-0.014572809654313257,-0.03214526430657014
-0.011101129163161468,0.01141830428210892,-0.009832035478210984,-0.0005592422058129979,-0.00022873065452129042,0.0,-0.0,2024-05-29,-0.010302833219597818,True,1.0,-0.010563011993883811,-0.0003163133506072363
0.0005847188961657419,-0.0007910902712830526,0.0009435566000825963,-7.862971667354853e-05,-3.16162227772678e-05,0.0,-0.0,2024-05-30,0.0006269392855144688,True,1.0,0.0025268070766957897,0.001898480618408898
-0.0001272014877881552,0.0001743131499319186,-0.0018384718215273812,-0.00032253891605743095,-0.00038137259465764294,0.0,-0.0,2024-05-31,-0.0024952716700986917,True,0.5,0.0006581070410446393,0.0031581386989049075
-0.0007412816557279987,-0.031875111196303985,0.0,0.0,0.0,0.0,-0.0,2024-06-03,-0.03261639285203199,True,0.5,0.03494752472936677,0.06926031768632375
0.0028189833683047467,-0.00507417006294826,-0.006600468674333246,-0.0003069985429922922,-0.00038684272405366705,0.0,-0.0,2024-06-04,-0.009549496636022718,True,0.0,-0.00483797726565745,0.004710839755514343
-0.00029574185170659064,0.01863173665751508,0.0,0.0,0.0,0.0,-0.0,2024-06-05,0.018335994805808487,True,0.0,0.0,-0.018168913213935906
-0.02389299289489972,-0.009734182290514922,-0.00948324100526012,-0.00028308182105258743,-0.0001281398171176442,0.0,-0.0,2024-06-06,-0.04352163782884499,True,0.5,-0.01001168462142168,0.03402556407539771
0.005011482754323649,0.015329241366166448,0.014661562662004123,-0.00029619318509103813,-0.0003795300996481933,0.0,-0.0,2024-06-07,0.034326563497755,True,0.0,-0.0063020501131008134,-0.039833483961955976
0.0020925087840710345,-0.0068753860048047346,0.007255306694161804,-0.000541364088631716,-0.0002298661729618528,0.0,-0.0,2024-06-11,0.0017011992118345356,True,1.0,0.006520809690204343,0.004809972931744851
8.599825295452773e-05,-2.8666084318155915e-05,0.006290592418081862,-0.00023738084596538984,-0.0003012837696992257,0.0,-0.0,2024-06-12,0.005809259971053618,True,0.5,0.005224311769300962,-0.0005983684802746904
-0.006611168434147057,-0.015378152662037722,0.0,0.0,0.0,0.0,-0.0,2024-06-13,-0.02198932109618478,True,0.5,0.023057101978131826,0.04580259557052539
0.001873325222219389,-0.037198886555499314,-0.03475444032416321,-0.00028370971693188776,-0.0003729137261296862,0.0,-0.0,2024-06-14,-0.07073662510050471,True,0.0,0.0021169238682931,0.07557059998380672
-0.011603934262967826,-0.006593144467595356,0.0,0.0,0.0,0.0,-0.0,2024-06-17,-0.018197078730563185,True,0.0,0.0,0.018363654430724345
0.009058438170566863,-0.028469377107495895,0.0,0.0,0.0,0.0,-0.0,2024-06-18,-0.01941093893692903,True,0.0,0.0,0.01960055610743263
-0.0025881251915905318,0.02199906412851956,0.0,0.0,0.0,0.0,-0.0,2024-06-19,0.019410938936929027,True,0.0,0.0,-0.01922375972632107
0.004491826523348855,0.011361678853176509,-0.005804371925292443,-0.00026868205064278674,-0.0001313389903916766,0.0,-0.0,2024-06-20,0.009649112410198456,True,0.5,-0.006136664393686487,-0.015680444885946065
0.007259507433825482,-0.006599552212568619,-0.0003614749707915586,-0.00027110622809361953,-0.00013091900492128887,0.0,-0.0,2024-06-21,-0.00010354498254960386,True,1.0,-0.0014309220132667038,-0.001327519842216381
-7.216265066379242e-05,3.608132533188924e-06,0.0,0.0,0.0,0.0,-0.0,2024-06-24,-6.855451813060284e-05,True,1.0,-0.005119486968332402,-0.0050512810762796696
-0.0002407806303205769,-0.0002633538144128118,0.0,0.0,0.0,0.0,-0.0,2024-06-25,-0.0005041344447333923,True,1.0,-0.03629165009056826,-0.035805689032139876
0.0002754555402653232,0.00018866817826382288,0.0,0.0,0.0,0.0,-0.0,2024-06-26,0.00046412371852914275,True,1.0,0.03456697743436247,0.03408692177295494
-0.00011853856952008655,-0.00015928620279261388,0.011620705647905913,-0.0005516537252875888,-0.0007641229177326499,0.0,-0.0,2024-06-27,0.010027104232572972,True,0.0,-0.010224586003289706,-0.020099575732480685
0.0038166015963079724,-0.016084249584440834,-0.005400004833373575,-0.00027017016000833045,-0.00012966998642222126,0.0,-0.0,2024-06-28,-0.01806749296793699,True,0.5,-0.005818503166890243,0.012307113193162692
0.004990155857519326,-0.01746554550131771,0.0,0.0,0.0,0.0,-0.0,2024-07-01,-0.01247538964379838,True,0.5,0.012949714773354654,0.025665811362159396
0.003917283560008656,0.0036561313226746318,-0.002967081372665129,-0.00027277591110359107,-0.0003797131264752091,0.0,-0.0,2024-07-02,0.00395384447243936,True,0.0,-0.01137639609715662,-0.015277542723078998
0.004539148546711728,-0.0037381223325862593,0.004800828032695564,-0.00025636319149318737,-0.0001215958988111986,0.0,-0.0,2024-07-03,0.005223895156516646,True,0.5,0.004430882846578002,-0.0008024776130736966
-0.004988605760783654,-0.0015242962046838867,0.0,0.0,0.0,0.0,-0.0,2024-07-04,-0.006512901965467541,True,0.5,0.006008826595408983,0.012582246242422053
0.001773883469008876,-0.012553636857601299,-0.017699967486350648,-0.00024755199281613165,-0.0003447656603949727,0.0,-0.0,2024-07-05,-0.029072038528154175,True,0.0,-0.008365884130753424,0.02088608807869645
0.010541736549709291,-0.0051423105120533864,0.0,0.0,0.0,0.0,-0.0,2024-07-08,0.005399426037655905,True,0.0,-5.382547273227034e-05,-0.005438410966415879
-0.00249545453630742,-0.06113863613953169,0.0,0.0,0.0,0.0,-0.0,2024-07-09,-0.0636340906758391,True,0.0,0.0006536302079896562,0.06639895223935348
0.001913843736204495,-0.021291511565275024,0.0,0.0,0.0,0.0,-0.0,2024-07-10,-0.01937766782907053,True,0.0,0.00020748809264097828,0.01977818136777455
0.0,0.0014223029495395276,0.0,0.0,0.0,0.0,-0.0,2024-07-11,0.0014223029495395276,True,0.0,-1.5366300019494747e-05,-0.001436636416090079
0.04295393536265697,-0.020397120144278486,0.0,0.0,0.0,0.0,-0.0,2024-07-12,0.02255681521837849,True,0.0,-0.00024074239962534828,-0.02253968518462045
0.030773047942399184,-0.0032003969860095777,0.00037929821774913277,-0.0002528654784993619,-0.0001285972677456611,0.0,-0.0,2024-07-15,0.027570486427893715,True,0.5,-0.00028904542491050753,-0.027475074646547432
0.0015972555441978772,-0.008723472587542264,0.012505272811370524,-0.00025359873684088644,-0.00012772984065997266,0.0,-0.0,2024-07-16,0.004997727190525282,True,1.0,0.019713664562604007,0.014630127501438356
-0.00011654265148851759,-0.0009760447062163431,0.03354773151765228,-0.0002727457846964025,-0.00039799064902892834,0.0,-0.0,2024-07-17,0.0317844077262221,True,0.5,-0.06394325860789635,-0.09322741267013393
0.007309469037974545,-0.011171075322187543,0.018103121487772465,-0.0002910327905181097,-0.00013248022520759815,0.0,-0.0,2024-07-18,0.013818002187833757,True,1.0,0.021697379143608003,0.007676654812133676
-0.00016842096014389464,-0.00019975509226369018,0.0,0.0,0.0,0.0,-0.0,2024-07-19,-0.00036817605240758305,True,1.0,-0.025933987970564183,-0.025575294164287832
-0.0001112236203054055,0.0002820313229165417,0.0,0.0,0.0,0.0,-0.0,2024-07-22,0.0001708077026111362,True,1.0,0.01217927725901304,0.012006404006495682
0.0002791456272984643,-0.00040495774101066137,0.015044569543883533,-0.00028120690736225303,-0.00038960654601233183,0.0,-0.0,2024-07-23,0.01424794397679675,True,0.5,0.005394240412775161,-0.008828993863123656
0.005813300716525212,0.0007089391117713448,-0.010843211776808243,-0.00028888914381364265,-0.00013415112873111203,0.0,-0.0,2024-07-24,-0.004744012221056439,True,1.0,-0.01747690680199665,-0.012804731574732458
-0.0004481461751385833,-0.00020103753651083757,0.0,0.0,0.0,0.0,-0.0,2024-07-25,-0.0006491837116494245,True,1.0,-0.04432663101995151,-0.04370602201231877
-6.984898664423994e-05,0.00012223572662742161,0.0,0.0,0.0,0.0,-0.0,2024-07-26,5.238673998318169e-05,True,1.0,0.003590912216587935,0.003538338737508773
-2.996260146288123e-05,0.0002653830415283749,0.0,0.0,0.0,0.0,-0.0,2024-07-29,0.00023542044006549454,True,1.0,0.016399458642974648,0.01616020559877207
-0.00011836732731110586,-0.0004953891846730604,0.003816913458393911,-0.00030535307667156055,-0.00038175241645472543,0.0,-0.0,2024-07-30,0.0025160514532834577,True,0.5,-0.03806365017618399,-0.04048088930291828
0.0062507029672964716,-0.01802528297545936,0.011527208082663215,-0.0002978025973098944,-0.0001266959570269463,0.0,-0.0,2024-07-31,-0.0006718704798365158,True,1.0,0.023721152610011117,0.024409191742742815
0.0005561322407288595,-0.00033294759148907316,0.0061282480512733755,-0.0002918213357748683,-0.000382466879093334,0.0,-0.0,2024-08-01,0.00567714448564496,True,0.5,0.023739678443557833,0.017944226747260036
0.019353283645806282,0.013352265461059925,0.008823519375134283,-0.0003042592887977804,-0.0003754133660759707,0.0,-0.0,2024-08-02,0.040849395827126746,True,0.0,-0.023929604688642817,-0.06299809592957836
0.04309825026851821,0.018011209067440404,-0.02342837458526107,-0.0006785165447636298,-0.00027097745130244696,0.0,-0.0,2024-08-05,0.03673159075463148,True,1.0,-0.023376061840860198,-0.0585981705387113
0.0006768993251008181,-5.288275977350037e-05,0.0,0.0,0.0,0.0,-0.0,2024-08-06,0.0006240165653273178,True,1.0,0.039306167849205466,0.038657825893119516
-9.565274879281483e-05,0.00025675211518071394,0.0023844266198549896,-0.00031792354931399486,-0.00038224584181121044,0.0,-0.0,2024-08-07,0.0018453565951176837,True,0.5,0.011958996663416047,0.010093293428265572
0.007996561330915464,0.002351929803210408,0.0,0.0,0.0,0.0,-0.0,2024-08-08,0.010348491134125873,True,0.5,-0.010421562574773752,-0.0206094009644823
-0.009665994804615366,-0.014268849473479766,0.0019636265833690636,-0.0003020963974413448,-0.00012685027728564596,0.0,-0.0,2024-08-09,-0.02240016436945305,True,1.0,0.02648530252380207,0.04973820414488796
-0.0001333499862497072,0.00032448496654108045,-0.012153063014468606,-0.0006125193760874214,-0.0007546733371901488,0.0,-0.0,2024-08-12,-0.013329120747454803,True,0.0,-0.00035331455216068845,0.013060294033223238
-0.005679419914384967,-0.00029891683759915755,0.0,0.0,0.0,0.0,-0.0,2024-08-13,-0.005978336751984125,True,0.0,0.0,0.005996242671899956
-0.013756355776792795,0.020634533665189123,0.0,0.0,0.0,0.0,-0.0,2024-08-14,0.00687817788839633,True,0.0,0.0,-0.0068545773634008655
0.004827084308422228,0.0042236987698694665,-0.001235340635719622,-0.0003090610807725585,-0.00013102002901319728,0.0,-0.0,2024-08-15,0.0073753613327863145,True,0.5,-0.0016664767061375374,-0.009002461149104433
-0.005078234501714916,-0.012768132461454683,-0.0038388756468756046,-0.0002843611590278712,-0.00012579853314232027,0.0,-0.0,2024-08-16,-0.0220954023022154,True,1.0,0.014578377265482988,0.0372453908958513
-5.0362477681180855e-05,-1.798659917185177e-05,0.0017559011558747897,-0.0005942226472623769,-0.0007584573286615005,0.0,-0.0,2024-08-19,0.00033487210309787914,True,0.0,-0.005213691343220282,-0.005546761755425922
-0.012345969111206239,0.01499153392075019,0.0,0.0,0.0,0.0,-0.0,2024-08-20,0.0026455648095439492,True,0.0,0.0,-0.0026420683869803428
0.013228804091118542,-0.013816750939612665,0.002337887767123987,-0.00029936367749756925,-0.00012976503073074827,0.0,-0.0,2024-08-21,0.0013208122104015462,True,0.5,0.001911144564017316,0.0005886816453831295
0.0,-0.009897451900860232,-0.01379150366569421,-0.00029680043756313476,-0.000374676385039754,0.0,-0.0,2024-08-22,-0.024360432389157333,True,0.0,-0.004257027405493291,0.020297567960015306
0.006121047355406185,0.015739836056758737,0.0,0.0,0.0,0.0,-0.0,2024-08-23,0.02186088341216492,True,0.0,0.0,-0.021623666038618147
-0.005066122219655657,0.02264854639375416,-0.0044715358088558334,-0.0003128718685265647,-0.0001347745307645925,0.0,-0.0,2024-08-26,0.012663241965951512,True,1.0,-0.004864388922392691,-0.017386578858503334
0.008386576589084883,0.0023541267618483385,-0.0028088296587112592,-0.00030751605256659683,-0.00012913669862098698,0.0,-0.0,2024-08-27,0.007495220941034376,True,1.0,-0.014534177310179208,-0.021892849494352905
-4.718550470966494e-05,0.00011581896610554067,0.0,0.0,0.0,0.0,-0.0,2024-08-28,6.863346139587487e-05,True,1.0,0.004974808016526864,0.004905835483775942
-0.0005630910615681411,-8.937953358224333e-05,0.0,0.0,0.0,0.0,-0.0,2024-08-29,-0.0006524705951503826,True,1.0,-0.045170409037816606,-0.04454720751811009
-8.86982153026913e-05,0.0008470679561406985,0.0,0.0,0.0,0.0,-0.0,2024-08-30,0.0007583697408380038,True,1.0,0.05540786400044631,0.05460777803098632
0.0006557199587392563,-0.0005278751869095894,0.02078241883283758,-0.0006023889516763337,-0.0007666122276824884,0.0,-0.0,2024-09-02,0.019541262425308428,True,0.0,0.029305731213391032,0.009387049737978728
0.006485696127652199,-0.04127261172142303,0.0,0.0,0.0,0.0,-0.0,2024-09-03,-0.03478691559377084,True,0.0,0.0,0.0353990578983625
0.04433314284260287,-0.004433314284260245,0.0,0.0,0.0,0.0,-0.0,2024-09-04,0.03989982855834263,True,0.0,0.0,-0.03911431236383352
0.0029834023423811755,-0.02148049686514352,0.003125975454011635,-0.00029771194800104765,-0.00012802804611839602,0.0,-0.0,2024-09-05,-0.015796859062870157,True,0.5,0.002729103562634649,0.018694846175553902
0.004181030388001118,0.035616184786674804,0.0,0.0,0.0,0.0,-0.0,2024-09-06,0.03979721517467592,True,0.5,-0.03855974489697078,-0.07607101673908605
0.010198273534366423,0.001504663308349142,-0.0005326662016205313,-0.00035264902776264127,-0.00013776330278707262,0.0,-0.0,2024-09-09,0.010679858310545319,True,1.0,-0.011929371148227653,-0.022425676173308286
5.4494296155955964e-05,0.0004305049396320511,0.0,0.0,0.0,0.0,-0.0,2024-09-10,0.000484999235788007,True,1.0,0.029665995179998506,0.029166729040853906
0.0,7.353926822271253e-05,0.007247380982562856,-0.00032210582144723174,-0.00038507106742374477,0.0,-0.0,2024-09-11,0.006613743361914594,True,0.5,0.011123243767063884,0.004457999528627598
-0.01543612120997586,0.0027785018177956494,0.0,0.0,0.0,0.0,-0.0,2024-09-12,-0.01265761939218021,True,0.5,0.013090440256359137,0.02599525326942561
0.0027574081446579417,-0.033524277969262314,-0.010874964248296712,-0.00030208234023051196,-0.000381451454302617,0.0,-0.0,2024-09-13,-0.04232536786743422,True,0.0,0.0213476367477456,0.06550443576207245
0.015200907666977377,0.00087697544232566,0.0,0.0,0.0,0.0,-0.0,2024-09-18,0.01607788310930304,True,0.0,0.0,-0.015949323855679067
-0.0024016542187687085,0.0396272946096837,0.0,0.0,0.0,0.0,-0.0,2024-09-19,0.03722564039091499,True,0.0,0.0,-0.036541284380583294
-0.00674684502139039,0.007666869342489079,-0.0035271467495480804,-0.0005982560515347072,-0.00025111372146720295,0.0,-0.0,2024-09-20,-0.003456492201451302,True,1.0,-0.004364952601885487,-0.0009175933721456159
5.198208404251126e-05,-6.497760505314005e-05,-0.0005563112853932742,-2.225245141572654e-05,-9.456624278143188e-06,0.0,-0.0,2024-09-23,-0.0006010158820977727,True,1.0,1.1087554565659813e-05,0.0006122907486966179
5.3129139588549364e-05,0.0011998330690414128,0.0,0.0,0.0,0.0,-0.0,2024-09-24,0.0012529622086299569,True,1.0,0.08794842968823018,0.08658612505722729
0.00011546638774426817,-0.0005278463439738064,0.03355625987658811,-0.0005785562047686472,-0.0007725576713518237,0.0,-0.0,2024-09-25,0.03179276604423811,True,0.0,0.003236225096557581,-0.02815773476357991
-0.011407649000285213,-0.01368917880034237,0.006744820042219321,-0.00028566659977345037,-0.00012785328310625175,0.0,-0.0,2024-09-26,-0.018765527641287964,True,0.5,0.006432187206513336,0.02549673694827675
-0.0002711145172733095,-0.021960275899138133,-0.02712409293484131,-0.00028254263473797425,-0.0003712723237510297,0.0,-0.0,2024-09-27,-0.050009298309741754,True,0.0,-0.004704378355255287,0.04633524848872916
-0.018801937222855072,-0.07495018810754601,0.0,0.0,0.0,0.0,-0.0,2024-09-30,-0.09375212533040109,True,0.0,0.0,0.09828747452910411
-0.09424970923462188,0.0,0.0,0.0,0.0,0.0,-0.0,2024-10-08,-0.09424970923462188,True,0.0,0.0,0.09883410068354688
0.004030975041039598,-0.002239430578355364,0.0,0.0,0.0,0.0,-0.0,2024-10-09,0.001791544462684234,True,0.0,0.0,-0.0017899406048405369
0.0,0.053165797059474856,0.0,0.0,0.0,0.0,-0.0,2024-10-10,0.05316579705947486,True,0.0,0.0,-0.05177721310090627
0.021472549928793962,-0.022652360364442,0.0028702220784626617,-0.0003587777598078433,-0.0001294446238869329,0.0,-0.0,2024-10-11,0.0012021892591198467,True,0.5,0.00238624909046428,0.0011819151720167363
0.0,-0.009988311200169879,0.0,0.0,0.0,0.0,-0.0,2024-10-14,-0.009988311200169879,True,0.5,0.010398303417732645,0.020541046218915584
0.0035657599097992064,0.00989210813686231,0.007702078270626397,-0.0003610349189356257,-0.00038551308643944656,0.0,-0.0,2024-10-15,0.020413398311912842,True,0.0,-0.007003212000415168,-0.027068157333892257
0.042716352180910334,0.007364888307053414,-0.013603266363825878,-0.0006679852477894104,-0.0002678822123426005,0.0,-0.0,2024-10-16,0.035542106664005854,True,1.0,-0.014082638682726599,-0.04850880548417287
0.00013710445938886826,8.500476482109811e-05,0.0,0.0,0.0,0.0,-0.0,2024-10-17,0.00022210922420996468,True,1.0,0.02046943395645473,0.020242803451443192
-5.0707897263521125e-06,0.0007200521411420132,-0.017172121471498446,-0.000350451458601938,-0.0003695954536139067,0.0,-0.0,2024-10-18,-0.017177187032298633,True,0.5,0.05086973050527483,0.0690766404928853
-0.009510478127597912,0.013538445334580665,0.0027243391648152215,-0.0003553485867150472,-0.00038682299553567337,0.0,-0.0,2024-10-21,0.0060101347895472525,True,0.0,-0.002270006910362249,-0.008248514837010217
-0.006431056841067785,-0.0052826538337345415,0.0,0.0,0.0,0.0,-0.0,2024-10-22,-0.011713710674802326,True,0.0,0.0,0.011782584845010085
0.018126995165007296,0.01719740566936594,0.0,0.0,0.0,0.0,-0.0,2024-10-23,0.035324400834373236,True,0.0,0.0,-0.034707776142458256
0.006512152697115777,-0.019769034973386845,0.021314963634793,-0.000709724718603717,-0.00025501224814874053,0.0,-0.0,2024-10-24,0.0070933443917694725,True,1.0,0.02069793882496511,0.013483394698248977
0.00022990357498122772,0.00020535076600265107,0.0006762936086853602,-0.0003381468043426801,-0.00037957655081073086,0.0,-0.0,2024-10-25,0.0003938245945158264,True,0.5,0.04592555352530591,0.045513723418030394
0.0035621052685460885,0.022751511070068522,0.0019912923204693294,-0.0003514045271415876,-0.0003750517091214435,0.0,-0.0,2024-10-28,0.02757845242282091,True,0.0,-0.024589913766958234,-0.05112266664249729
-0.00023707200731684582,0.016595040512179277,0.0020883984963285117,-0.0007306537830862498,-0.0002611723304672188,0.0,-0.0,2024-10-29,0.017454540887637475,True,1.0,0.001088240717870964,-0.016233682033458607
-7.823337200840471e-05,1.1504907648275953e-05,0.0,0.0,0.0,0.0,-0.0,2024-10-30,-6.672846436012875e-05,True,1.0,-0.007001703052476814,-0.00693543959020433
-3.022506675191849e-05,-2.3250051347641342e-06,0.0,0.0,0.0,0.0,-0.0,2024-10-31,-3.2550071886682484e-05,True,1.0,-0.003403966067699082,-0.003371526267196548
-0.00013782825261146882,-0.00021278747771615118,0.0,0.0,0.0,0.0,-0.0,2024-11-01,-0.0003506157303276164,True,1.0,-0.03537578080149144,-0.03503750907815713
-2.4233350897975873e-06,0.00033199690731958636,0.0,0.0,0.0,0.0,-0.0,2024-11-04,0.000329573572229791,True,1.0,0.03439685840600932,0.034056004709551606
-1.3932382225009157e-05,0.0001834430326292873,-0.015692506635798572,-0.0007269260228410261,-0.0007519469444521216,0.0,-0.0,2024-11-05,-0.01700186895268744,True,0.0,0.0005218471120824003,0.01767801866455486
0.0,0.02725738567165923,0.0,0.0,0.0,0.0,-0.0,2024-11-06,0.02725738567165923,True,0.0,0.0,-0.02688925547402803
0.009000916834702017,-0.01605568948892801,0.004290529224257473,-0.0007357637353661521,-0.0002584128573231901,0.0,-0.0,2024-11-07,-0.0037584200226578636,True,1.0,0.0033134979473000994,0.007091466636361158
5.537934502888641e-05,-0.00016030863034677557,0.011465542551780603,-0.0003698562113477755,-0.00038612495323091174,0.0,-0.0,2024-11-08,0.010604632101884028,True,0.5,0.001826657965026264,-0.0087412119494781
0.002385539390923881,-0.012762635741442766,0.018934679389852785,-0.000247512148887003,-0.00012764449030249636,0.0,-0.0,2024-11-11,0.008182426400144396,True,1.0,0.029701962441431452,0.02131087844993268
1.756679989878739e-05,-9.536262802199079e-05,0.013938174942685217,-0.0007279687470064326,-0.0007637591848593667,0.0,-0.0,2024-11-12,0.012368651182696214,True,0.0,0.004917843020721384,-0.0074350832463716526
0.008729601371816385,-0.04695109927003953,0.009599109670512473,-0.0003511869391651037,-0.00012691895981426367,0.0,-0.0,2024-11-13,-0.029100494126690038,True,0.5,0.009341468805614013,0.039145354970079024
0.003377592432771005,0.013976244549397804,0.0066889863283192495,-0.0003648537997264338,-0.00038376782070432847,0.0,-0.0,2024-11-14,0.023294201690057297,True,0.0,-0.011896697182837247,-0.03464776210616233
0.006982453970898117,0.04314159060590614,-0.019718942535569085,-0.0003819338162493401,-0.00013428675681300325,0.0,-0.0,2024-11-15,0.029888881468172826,True,0.5,-0.019546084503981414,-0.04841714424143378
0.0,0.016375564193776903,-0.019190604436946094,-0.00026814528734460055,-0.00013665157469270448,0.0,-0.0,2024-11-18,-0.0032198371052064995,True,1.0,-0.034502805128971324,-0.03138905123590661
6.370203098891934e-05,0.0002714260450826599,0.0,0.0,0.0,0.0,-0.0,2024-11-19,0.0003351280760715801,True,1.0,0.03196801403098317,0.03162223051999121
5.0969784231851556e-05,-6.438288534549762e-05,0.004440682806105199,-0.0002558534419560587,-0.00038148025252417937,0.0,-0.0,2024-11-20,0.0037899360105113147,True,0.5,0.0025256678114202167,-0.001266649459305381
0.0036860737160130884,0.00228790782373229,0.0,0.0,0.0,0.0,-0.0,2024-11-21,0.005973981539745378,True,0.5,-0.006001176664979662,-0.01192160541251979
0.0008045829903277033,0.023332906719503423,-0.018177266732371945,-0.00027751552263157706,-0.00013698443712620003,0.0,-0.0,2024-11-22,0.005545723017701405,True,1.0,-0.040903926922035996,-0.04620808679580858
0.0,-0.00033807615062378393,0.0,0.0,0.0,0.0,-0.0,2024-11-25,-0.00033807615062378393,True,1.0,-0.02831999379997192,-0.027991436428261362
-6.501464435072804e-06,0.00034457761505886245,0.0,0.0,0.0,0.0,-0.0,2024-11-26,0.00033807615062379087,True,1.0,0.0291453910950825,0.028797520389536722
-4.644326550012835e-05,0.0003901234302010771,-0.018337737100476804,-0.0002654279751156621,-0.00036661802484595996,0.0,-0.0,2024-11-27,-0.01862610293573748,True,0.5,0.010870453004940439,0.02987547541862508
0.0,0.01216701667829273,0.004820868548478679,-0.00027547820277015424,-0.00038868321541659886,0.0,-0.0,2024-11-28,0.016323723808584656,True,0.0,-0.00877828838610177,-0.024827371069414687
0.0,-0.013810857211214625,0.0045171370695731095,-0.0002664027694952523,-0.00012814277673028928,0.0,-0.0,2024-11-29,-0.009688265687867056,True,0.5,0.004159859297226692,0.013935705841186696
-0.008591432491808609,-0.0014105336926849882,0.004344333628730653,-0.0002631177106252789,-0.0003840435455410485,0.0,-0.0,2024-12-02,-0.006304793811929272,True,0.0,0.014201724015064828,0.020616256673235293
0.002589384233343869,-0.0028483226566782417,0.0,0.0,0.0,0.0,-0.0,2024-12-03,-0.0002589384233343724,True,0.0,0.0,0.0002589719507816975
0.0020877692321889575,0.013831471163251874,0.0,0.0,0.0,0.0,-0.0,2024-12-04,0.01591924039544083,True,0.0,0.0,-0.015793199002129797
-0.0015680723272280125,-0.02221435796906336,-0.009784601468552976,-0.0005114907261576818,-0.00025807964826290005,0.0,-0.0,2024-12-05,-0.034336602139264934,True,1.0,-0.010623392604683451,0.023938410127292302
-3.262904728364768e-06,4.241776146921586e-05,0.003857910451957572,-0.0005020318499994369,-0.0007375953805956037,0.0,-0.0,2024-12-06,0.002657438078103383,True,0.0,0.005752089121868177,0.0030829133785370915
-0.0009998260682142933,0.014997391023214434,0.0,0.0,0.0,0.0,-0.0,2024-12-09,0.013997564955000142,True,0.0,-0.00044889691109171017,-0.014342711761863716
-0.01854518494160448,0.05254469066787933,-0.008566461381358933,-0.0005354038363350165,-0.00025745964277837916,0.0,-0.0,2024-12-10,0.024640180865802525,True,1.0,-0.010209164438799821,-0.03429977232955616
-0.00010332001078076103,0.0001515360158117833,0.0,0.0,0.0,0.0,-0.0,2024-12-11,4.821600503102227e-05,True,1.0,0.003815462885955641,0.0037670640813547932
3.396175978506054e-06,0.0001256585111996006,0.0,0.0,0.0,0.0,-0.0,2024-12-12,0.00012905468717810606,True,1.0,0.01031689268360435,0.010186514966177035
-0.00011858175526569296,0.0003590392034433473,0.002764723979031639,-0.00026330704562200737,-0.00038111588397428186,0.0,-0.0,2024-12-13,0.002360758497613004,True,0.5,0.02178083602035682,0.01937150327437093
-0.0010376514503561407,0.002334715763301622,-0.009135670983561755,-0.00026480205749449177,-0.00037321731587396095,0.0,-0.0,2024-12-16,-0.008476626043984727,True,0.0,-0.011022030269144533,-0.0026032026371215575
0.0,-0.033619440412823026,0.0,0.0,0.0,0.0,-0.0,2024-12-17,-0.033619440412823026,True,0.0,0.0,0.03419096054494711
-0.000252977901833909,0.005059558036678073,0.0,0.0,0.0,0.0,-0.0,2024-12-18,0.004806580134844164,True,0.0,0.0,-0.004795047014236369
0.014619243131355727,-0.026717927102132995,0.0,0.0,0.0,0.0,-0.0,2024-12-19,-0.01209868397077727,True,0.0,0.0,0.012172169106465004
0.002515787057453339,0.005786310232142299,0.0,0.0,0.0,0.0,-0.0,2024-12-20,0.008302097289595637,True,0.0,0.0,-0.008267730052370678
-0.000256479484997106,0.02333963313473656,-0.006991126768409086,-0.0002612277823912806,-0.0001315094500835652,0.0,-0.0,2024-12-23,0.015699289648855523,True,0.5,-0.00727292249412691,-0.02273633254817266
-0.004404239155886081,-0.009563490738495179,0.006032599618450226,-0.00025300734107374317,-0.00012769297465375996,0.0,-0.0,2024-12-24,-0.008315830591658534,True,1.0,0.02017489649258578,0.028693870184010907
5.590698098588995e-06,-0.00019567443344597845,0.017318740836967095,-0.0005128719678743993,-0.0007650530628187567,0.0,-0.0,2024-12-25,0.015850732070926552,True,0.0,-0.001383901127515158,-0.017087908549751233
0.004677643307008646,-0.06671796506312151,0.012933871085352638,-0.0003592741968153652,-0.0001247663479087232,0.0,-0.0,2024-12-26,-0.04959049121548432,True,0.5,0.012928711968838432,0.06442669623665002
0.0,0.0011760973588603603,0.0009838898430661416,-0.00036895869114982494,-0.00038387938061990934,0.0,-0.0,2024-12-27,0.0014071491301567679,True,0.0,-0.0009971128978689256,-0.0024018703580666774
0.0053121998497755885,0.0004829272590703891,0.0,0.0,0.0,0.0,-0.0,2024-12-30,0.005795127108845978,True,0.0,0.0,-0.005778367749576224
-0.004174175297543011,0.031920164040033915,0.0,0.0,0.0,0.0,-0.0,2024-12-31,0.027745988742490905,True,0.0,0.0,-0.02736460423417397
0.013279880537585076,0.01225835126546325,-0.025124339831910758,-0.0005172107345408209,-0.0002665393367172723,0.0,-0.0,2025-01-02,-0.00036985810012052367,True,1.0,-0.025258364638745055,-0.024897781871263805
-1.9731125998966714e-05,0.00013482936099317214,0.0,0.0,0.0,0.0,-0.0,2025-01-03,0.00011509823499420563,True,1.0,0.009052861888413508,0.00893672836850409
0.00012429149018850454,0.00015934806434423683,0.0,0.0,0.0,0.0,-0.0,2025-01-06,0.00028363955453274137,True,1.0,0.02281360609113161,0.022523536835031895
5.9819888263715895e-06,0.0007118566703420198,-0.03265334482636153,-0.0007216097748638693,-0.0007477292614375734,0.0,-0.0,2025-01-07,-0.03340484520349458,True,0.0,0.024595207483763124,0.059399735294415744
0.013578636156634058,-0.009364576659747593,0.0,0.0,0.0,0.0,-0.0,2025-01-08,0.004214059496886464,True,0.0,0.0,-0.004205192807456333
-0.029286673681068118,0.01069196023277092,0.0,0.0,0.0,0.0,-0.0,2025-01-09,-0.0185947134482972,True,0.0,0.0,0.01876867169413054
0.01885140729859443,0.0023273342343944226,0.0,0.0,0.0,0.0,-0.0,2025-01-10,0.021178741532988855,True,0.0,0.0,-0.02095604688802527
0.026498217061015534,0.006504107824067353,-0.014723169443984491,-0.0003642414431165975,-0.00013218185205714518,0.0,-0.0,2025-01-13,0.017782732145924657,True,0.5,-0.014860890799123672,-0.03222451182761044
0.0,-0.013266844368495578,0.013130252274243073,-0.0003657958537229612,-0.00012900667209542858,0.0,-0.0,2025-01-14,-0.0006313946200708978,True,1.0,0.026330048818623174,0.026978272710868403
-6.818180136146799e-05,-0.0007663634473029017,0.026156591254464918,-0.0003831994438925869,-0.00039508235818340736,0.0,-0.0,2025-01-15,0.024543764203724554,True,0.5,-0.04937078159971097,-0.07241880140754599
-0.0033257576019482885,-0.0034536713558694174,0.0075842337556908295,-0.0002615253019203222,-0.00013140338794989203,0.0,-0.0,2025-01-16,0.0004118761080029072,True,1.0,0.013939933511536303,0.013522401869529256
-0.00012464482536850852,0.0002628380013205496,0.0,0.0,0.0,0.0,-0.0,2025-01-17,0.00013819317595204113,True,1.0,0.012978492037360725,0.012838514994533794
7.527980747118998e-05,0.00028294824187447053,-0.006896003280251285,-0.00036767075855664654,-0.00037729840153970115,0.0,-0.0,2025-01-20,-0.007282744391001971,True,0.5,0.02679398676223404,0.034299160870543445
-0.0023451579892083637,-0.0077390213643880506,-0.006635130813387886,-0.00036072046772818564,-0.00037812420061522807,0.0,-0.0,2025-01-21,-0.017458154835327713,True,0.0,0.00300170894004467,0.02066601249594125
-0.007681957937363361,-0.07410830010162417,0.0,0.0,0.0,0.0,-0.0,2025-01-22,-0.08179025803898753,True,0.0,0.0,0.08522816807325174
-0.0032752102104844625,0.016157703705057133,0.0,0.0,0.0,0.0,-0.0,2025-01-23,0.01288249349457267,True,0.0,0.0,-0.012799869357456785
0.009041983685540279,-0.0019848256870698927,0.0,0.0,0.0,0.0,-0.0,2025-01-24,0.007057157998470387,True,0.0,0.0,-0.0070323147342623415
0.045156453148705866,0.025443483753839403,0.0,0.0,0.0,0.0,-0.0,2025-01-27,0.07059993690254526,True,0.0,0.0,-0.06816538979227861
0.021009122612888616,0.08278594743888205,0.0002808696376513148,-0.0005617392753028289,-0.0002734827661811396,0.0,-0.0,2025-02-05,0.10324071764793803,True,1.0,-0.0005264191437959232,-0.09856494087357734
2.6646726662124206e-05,0.00016654204163816022,0.0,0.0,0.0,0.0,-0.0,2025-02-06,0.00019318876830028316,True,1.0,0.015477727921318064,0.015281567978383545
1.5952034238097772e-05,0.00032861190530517954,0.0,0.0,0.0,0.0,-0.0,2025-02-07,0.00034456393954327563,True,1.0,0.02838131849331779,0.028027036414784524
3.1075036222871975e-05,-3.107503622301997e-06,-0.006909765798754962,-0.00025591725180568886,-0.00037567117061571763,0.0,-0.0,2025-02-10,-0.007513386688575799,True,0.5,-0.005230326115741962,0.0022719114236956395
0.0014698852520159315,-0.006369502758735741,0.0,0.0,0.0,0.0,-0.0,2025-02-11,-0.004899617506719809,True,0.5,0.005137621335367215,0.010074495743346736
0.002551758559834985,-0.0037668816835657913,-0.002240041447289302,-0.00025545458338709537,-0.00038338513477284764,0.0,-0.0,2025-02-12,-0.0040940042891800515,True,0.0,-0.0016023196738937963,0.0024935031489760314
0.003550667291966964,0.03550667291966828,0.0,0.0,0.0,0.0,-0.0,2025-02-13,0.03905734021163525,True,0.0,0.0,-0.03830443626179628
-0.005419729629913476,-0.010839459259826998,-0.011070739125887932,-0.0005082913268234144,-0.00025926053742244306,0.0,-0.0,2025-02-14,-0.028097479879874262,True,1.0,-0.011863734676648077,0.016294134280543243
-2.509315960586958e-05,0.0005740060259813389,-0.010293717153479083,-0.0002480413771923063,-0.0003740067101855887,0.0,-0.0,2025-02-17,-0.010366852374481504,True,0.5,0.03376319858245331,0.04453581161782626
0.0015180741806056842,-0.015063966869087161,-0.004160294727890901,-0.00036708482893156797,-0.0003842546099967793,0.0,-0.0,2025-02-18,-0.018457526855300728,True,0.0,0.00945710525995236,0.028262200793377157
0.000710408650198916,-0.0018944230671969077,0.0,0.0,0.0,0.0,-0.0,2025-02-19,-0.0011840144169979916,True,0.0,0.0,0.0011847156387927507
0.0,-0.01409989265115844,0.0,0.0,0.0,0.0,-0.0,2025-02-20,-0.01409989265115844,True,0.0,0.0,0.014199764981871785
0.00046588361341518643,-0.003960010714028091,0.0,0.0,0.0,0.0,-0.0,2025-02-21,-0.003494127100612905,True,0.0,0.0,0.0035002386788477594
0.011738848373866283,0.048153235166267766,0.0,0.0,0.0,0.0,-0.0,2025-02-24,0.05989208354013405,True,0.0,0.0,-0.05813382903718516
0.013531741678409207,0.01428350510498764,-0.0012629823280808038,-0.0005203867036002304,-0.00026348793141594006,0.0,-0.0,2025-02-25,0.025768389820299872,True,1.0,-0.00201663489530377,-0.027404551610686483
2.0846618342292482e-05,0.00016379485840362537,0.0,0.0,0.0,0.0,-0.0,2025-02-26,0.00018464147674591806,True,1.0,0.01592591399427032,0.01573834924989454
2.421948384159552e-05,-0.00048438967683190676,0.014264672292398441,-0.0002617371062825803,-0.0003883916920126602,0.0,-0.0,2025-02-27,0.013154373301112885,True,0.5,-0.02524821222205465,-0.0379864953656711
0.015027604672616037,0.025463441250821714,-0.012729604239093376,-0.000301706840499123,-0.00014093930653263516,0.0,-0.0,2025-02-28,0.027318795537312604,True,1.0,-0.049994041668291224,-0.0755957638667509
-0.00011440900345375477,-0.0008051003946745042,0.0,0.0,0.0,0.0,-0.0,2025-03-03,-0.0009195093981282654,True,1.0,-0.061845125168046175,-0.060982086218333856
-0.0006718406553508161,0.000985660961468641,0.0,0.0,0.0,0.0,-0.0,2025-03-04,0.0003138203061178249,True,1.0,0.021568977038279438,0.02124843824760616
-4.293141884035843e-06,0.0001202079727530036,0.0,0.0,0.0,0.0,-0.0,2025-03-05,0.00011591483086896733,True,1.0,0.008029107409375317,0.007912268657681857
5.4452823414477607e-05,0.0002345660085546725,-0.00596135748954348,-0.0002907979263191336,-0.0003772579657724136,0.0,-0.0,2025-03-06,-0.0063403945496658745,True,0.5,0.013614377908098765,0.02006151006785132
0.008143230389018423,0.009143276226266308,0.010827020113267024,-0.00029663068803475773,-0.00038403588657101947,0.0,-0.0,2025-03-07,0.027432860153945977,True,0.0,-0.007635046825337081,-0.034488439081561115
-0.0032233999220898754,-0.00937716340971601,0.002987237908942604,-0.000587675608619853,-0.00025752437840032976,0.0,-0.0,2025-03-10,-0.010458525409883464,True,1.0,0.0021579249659912066,0.012694019055859667
-0.0002164028684051544,0.00048595731852385337,-0.0020328802781695563,-0.00029041146830987766,-0.0003789637332270011,0.0,-0.0,2025-03-11,-0.0024327010295877374,True,0.5,0.01821712854005845,0.02069716176361321
-0.0008361970095591949,-0.011428025797309001,-0.015097203721167466,-0.0002863034243874173,-0.00037322631045273746,0.0,-0.0,2025-03-12,-0.028020956262875815,True,0.0,-0.0031938303674980692,0.025132645778823865
-0.00478157529997342,0.023907876499867673,0.0,0.0,0.0,0.0,-0.0,2025-03-13,0.019126301199894252,True,0.0,0.0,-0.018944554062402995
-0.0002783199860087994,-0.0295019185169482,0.01052642558997919,-0.00027929940238747517,-0.0001272127622954057,0.0,-0.0,2025-03-14,-0.019660325077660693,True,0.5,0.010325576876453847,0.030385451845148553
-0.006579233207788175,0.004967992422207414,0.00014071679187763328,-0.00028143358375526655,-0.00038371780543535697,0.0,-0.0,2025-03-17,-0.002135675382893751,True,0.0,0.001166770699302307,0.0033072227674815786
-0.0008150460755114554,-0.02119119796329787,0.0,0.0,0.0,0.0,-0.0,2025-03-18,-0.02200624403880933,True,0.0,0.0,0.022250167420228735
0.013731195641410005,0.029934006498273904,0.0,0.0,0.0,0.0,-0.0,2025-03-19,0.04366520213968391,True,0.0,0.0,-0.04272560275128787
0.00028347840036869375,0.014173920018434687,-0.004426086458243497,-0.000579766328065886,-0.0002620804160884663,0.0,-0.0,2025-03-20,0.00918946521640553,True,1.0,-0.005216448405968577,-0.014316102736817478
-9.17519346232843e-05,-9.17519346232843e-05,0.0,0.0,0.0,0.0,-0.0,2025-03-21,-0.0001835038692465686,True,1.0,-0.013850654350851324,-0.013669675525620244
-4.2198133390977414e-05,0.0001803011153978111,0.0,0.0,0.0,0.0,-0.0,2025-03-24,0.00013810298200683455,True,1.0,0.010533892061045129,0.01039434395335922
5.378860319962653e-05,-0.0002458907574839764,0.005781317105644916,-0.0002930340243621113,-0.0003825483487591549,0.0,-0.0,2025-03-25,0.004913632578239298,True,0.5,-0.00943272851576293,-0.014288073671932933
0.0023341969550050882,0.006127267006888574,-0.0036870828953731146,-0.00030216361966182883,-0.00013223664775105913,0.0,-0.0,2025-03-26,0.0043399807991076605,True,1.0,-0.012538131651380615,-0.016814411002597535
-0.00011464451800068646,-4.3485851655432417e-05,0.0,0.0,0.0,0.0,-0.0,2025-03-27,-0.00015813036965611933,True,1.0,-0.01195071541081597,-0.011794462458362447
0.0,-0.00019484575834807782,0.0,0.0,0.0,0.0,-0.0,2025-03-28,-0.00019484575834807782,True,1.0,-0.014514314940212526,-0.014322278526433092
-0.0001347660830177959,0.00024911306254803535,0.0,0.0,0.0,0.0,-0.0,2025-03-31,0.00011434697953023945,True,1.0,0.008591381735403077,0.008476058950853101
6.911572820149391e-05,-0.00012196893212027251,0.0004904028732859747,-0.00030545093250382375,-0.0003793456781412428,0.0,-0.0,2025-04-01,-0.00024724694127787033,True,0.5,-0.004148489170577286,-0.0039022374893247468
-0.001609324258336626,-0.007315110265166482,0.004134725195410064,-0.00029799821228180845,-0.0001279283975459872,0.0,-0.0,2025-04-02,-0.005215635937920841,True,1.0,0.013084547260726602,0.018382230818608902
-0.0004430108469529229,-0.0006712285559892758,0.05290205461756445,-0.0006318836302194077,-0.0007790418149797184,0.0,-0.0,2025-04-03,0.05037688976942312,False,0.0,-0.02582077045472559,-0.07368123798188525
0.10358424299365618,0.0,0.0,-0.00017340353935638855,-6.251024190258585e-05,0.0,-0.0,2025-04-07,0.1033483292123972,False,1.0,-0.00022408224051116428,-0.09838928920473297
0.05041884264293992,0.02984563673691264,-0.00032914809213734336,-0.0006582961842748035,-0.00021368952437744853,0.0,-0.0,2025-04-08,0.07906334557906296,False,1.0,-0.023944259134799674,-0.09814265744178631
-0.0010527767954609194,0.001422034328197196,0.0,0.0,0.0,0.0,-0.0,2025-04-09,0.00036925753273627654,False,1.0,0.018840666603251614,0.018464521463937345
0.0017919975405902202,-0.0004677905226440294,0.0,0.0,0.0,0.0,-0.0,2025-04-10,0.001324207017946194,False,1.0,0.07239523101429034,0.07097609754399331
-0.0003691825023854457,0.000657816095159522,-0.028732628851999727,-0.0007334574240190646,-0.0007490856313104551,0.0,-0.0,2025-04-11,-0.02992653831455517,False,0.0,-0.014452236739021167,0.015487558912230012
-0.036352098822498784,0.02646997487075154,0.0,0.0,0.0,0.0,-0.0,2025-04-14,-0.009882123951747245,False,0.0,0.0,0.009931113378863148
0.005660971421673879,0.009199078560220108,0.0,0.0,0.0,0.0,-0.0,2025-04-15,0.014860049981893986,False,0.0,0.0,-0.014750184315498429
0.008388447047968864,0.03173021274666474,-0.005533080676864807,-0.0003815917708182555,-0.00013269853830205123,0.0,-0.0,2025-04-16,0.03407128880864849,False,0.5,-0.005910370077812686,-0.039209786692708276
0.0018405771181520907,-0.0014724616945217069,-0.005348390432716291,-0.0003778383447749011,-0.00013126117737853805,0.0,-0.0,2025-04-17,-0.005489374531239345,False,1.0,-0.006212272323736377,-0.0007419988283817185
8.573190245416952e-05,0.0007781818838147747,0.0,0.0,0.0,0.0,-0.0,2025-04-18,0.0008639137862689467,False,1.0,0.04954333527244264,0.04863701186482673
-6.251546011698691e-06,0.00024381029445625074,-0.01451698135769244,-0.0006933831824270907,-0.0007290981707544452,0.0,-0.0,2025-04-21,-0.015701903962429424,False,0.0,-0.00233479658420471,0.013454079943933663
0.009583034459170027,0.016085807842178224,0.0,0.0,0.0,0.0,-0.0,2025-04-22,0.025668842301348253,False,0.0,-0.0008817335810000397,-0.02620158690758796
-0.01848192920313613,-0.006502901015918311,0.0011290480933306174,-0.0003288489592225241,-0.00011987772266441363,0.0,-0.0,2025-04-23,-0.024304508807610762,False,0.5,0.0015487008357617568,0.026189073200887945
-0.0008665674673296628,0.009012301660228485,0.003625737701980861,-0.0003497708376501329,-0.0003695952151809727,0.0,-0.0,2025-04-24,0.01105210584204858,False,0.0,-0.00550034167623829,-0.01643114171509217
-0.008556887872301962,-0.045522643480646385,-0.009386152423141208,-0.00031817465841155965,-0.00012330222537423435,0.0,-0.0,2025-04-25,-0.06390716065987537,False,0.5,-0.00922525524825294,0.05615936657431368
0.0016950754568710886,0.010339960286913693,0.006730719133430583,-0.0003443373497518364,-0.00037764015174393686,0.0,-0.0,2025-04-28,0.018043777375719588,False,0.0,-0.006121789728959342,-0.023894283243825663
0.026193096215566102,0.0034924128287420722,0.004480175804618177,-0.00036862205987363733,-0.0001313842745801646,0.0,-0.0,2025-04-29,0.033665678514472545,False,0.5,0.003929296413068727,-0.029306079824561383
0.0006898019605477542,-0.005173514704108106,0.0038241176453300166,-0.0003567421280152922,-0.00012848885219664743,0.0,-0.0,2025-04-30,-0.001144826078442275,False,1.0,0.00808011263791892,0.009234849900572727
0.0002712194507006931,0.000984644527543829,-0.0040062875336812605,-0.00033385729447342846,-0.00037767940294601874,0.0,-0.0,2025-05-06,-0.0034619602528561944,False,0.5,0.07124742181709455,0.07496246476746526
-0.0036944236411597716,0.005140067674657078,-0.0004808717736133272,-0.0003205811824088658,-0.00036412251860364574,0.0,-0.0,2025-05-07,0.00028006855887146827,False,0.0,-0.0026672651860370133,-0.002946547616852203
-0.016293711126209337,-0.029454016266609113,0.0,0.0,0.0,0.0,-0.0,2025-05-08,-0.045747727392818446,False,0.0,0.001079960745224378,0.047940810108711304
0.009227438588221835,0.0009227438588222183,0.0,0.0,0.0,0.0,-0.0,2025-05-09,0.010150182447044052,False,0.0,-0.000243837381586002,-0.0103402180990518
-0.01622891820763821,-0.0024496480313415643,0.0,0.0,0.0,0.0,-0.0,2025-05-12,-0.018678566238979774,False,0.0,0.0004508396369125202,0.01931344168539625
-0.01831031684886768,0.030517194748112802,0.0,0.0,0.0,0.0,-0.0,2025-05-13,0.012206877899245119,False,0.0,-0.00029549932598626057,-0.012424590324159442
0.002436043559371004,-0.013398239576540561,-0.009630618093427344,-0.0002918369119220879,-0.00012261819691316528,-0.015298536742785607,-0.0,2025-05-14,-0.03630580596221776,False,0.5,-0.009570133603660077,0.027048941210181622
0.001983728319671648,0.009308263653843933,0.0033085202538543457,-0.00031714286183594237,-0.00037466259518570546,0.0,-0.0,2025-05-15,0.013908706770348278,False,0.0,-0.00897320968597504,-0.022661695475017913
0.009417815996998709,-0.007534252797598918,-0.0014117487960880353,-0.00032308053481265467,-0.00012998050364312644,0.0,-0.0,2025-05-16,1.8753364855974902e-05,False,0.5,-0.001861321371071855,-0.0018800396543730974
0.002150869740649515,0.0030726710580707252,0.0,0.0,0.0,0.0,-0.0,2025-05-19,0.00522354079872024,False,0.5,-0.005492317591936426,-0.010673624879476568
0.0,-0.0035390593800829835,0.0025887857232442806,-0.00032650220133083677,-0.0001298461706939569,0.0,-0.0,2025-05-20,-0.0014066220288634973,False,1.0,0.005882400615549048,0.0072982925376297554
-0.00019605717577621338,0.00036270577518599396,-0.004827796885362087,-0.0003246104343999886,-0.0003772417425094555,0.0,-0.0,2025-05-21,-0.00536300046286175,False,0.5,-2.198332929630127e-05,0.005355305549976737
0.0030087045491939282,-0.0073713261455251545,-0.0025314702753457333,-0.00032252806471070683,-0.00038009767411798927,0.0,-0.0,2025-05-22,-0.007596717610505657,False,0.0,0.0014501540912782546,0.009086858329469795
0.0034544631620885844,0.019156568444309404,0.0,0.0,0.0,0.0,-0.0,2025-05-23,0.022611031606397988,False,0.0,0.0,-0.022357318070542642
0.0038137234142997835,-0.006038395405974584,-0.0028923281452085665,-0.00037794259679086275,-0.00015090104017083137,0.0,-0.0,2025-05-26,-0.005645843773845062,False,1.0,-0.0034191172134729313,0.002223335975325157
0.0031769032599586414,0.014560806608143791,-0.0069603452328601545,-0.0002943478389988712,-0.00011362065988265724,0.0,-0.0,2025-05-27,0.010369396136360745,False,1.0,-0.03248588469044222,-0.04246658546900341
0.00016490950177679292,0.0007805716417434806,0.0,0.0,0.0,0.0,-0.0,2025-05-28,0.0009454811435202735,False,1.0,0.0294362710518768,0.028463418448509595
0.00024706452974219425,0.0009573750527510028,0.0,-0.0003203492817592861,-0.0003799278411808862,0.0,-0.0,2025-05-29,0.0005041624595530231,False,0.5,0.03817506623176464,0.03765178925631397
0.003483535386125193,0.0003029161205326191,-0.006884517779193187,-0.0003233842071669517,-0.00037522281853559665,0.0,-0.0,2025-05-30,-0.0037966732982379217,False,0.0,-0.011513421468832382,-0.007753327462927647
0.010299882839748059,-0.013108941796043036,0.0,0.0,0.0,0.0,-0.0,2025-06-03,-0.002809058956294977,False,0.0,0.0,0.002813008059293567
-0.01690162069119924,-0.04708308621119784,0.0,0.0,0.0,0.0,-0.0,2025-06-04,-0.06398470690239708,False,0.0,0.0,0.06607609503106483
-0.0002843315313985228,-0.05516031709128458,0.0,0.0,0.0,0.0,-0.0,2025-06-05,-0.0554446486226831,False,0.0,0.0,0.05701050846568982
0.004407831601031214,-0.012397026377899963,0.0,0.0,0.0,0.0,-0.0,2025-06-06,-0.00798919477686875,False,0.0,0.0,0.008021193551511194
-0.015704515345313117,-0.01083070023814694,0.0,0.0,0.0,0.0,-0.0,2025-06-09,-0.02653521558346006,False,0.0,0.0,0.026890409169855543
0.008232911256889403,-0.020449489250983596,0.0,0.0,0.0,0.0,-0.0,2025-06-10,-0.012216577994094193,False,0.0,0.0,0.012291505190137676
-0.000264451079551948,0.003966766193279371,0.0,0.0,0.0,0.0,-0.0,2025-06-11,0.0037023151137274227,False,0.0,0.0,-0.0036954699953275195
0.005468687433940331,-0.039843294161567094,0.0,0.0,0.0,0.0,-0.0,2025-06-12,-0.03437460672762676,False,0.0,0.0,0.03497224168289522
0.003812086269310261,-0.01829801409268986,0.0,0.0,0.0,0.0,-0.0,2025-06-13,-0.0144859278233796,False,0.0,0.0,0.014591357342162317
-0.009145163311739191,-0.03188448830309067,0.0,0.0,0.0,0.0,-0.0,2025-06-16,-0.04102965161482986,False,0.0,0.0,0.04188299860083509
-0.00965156883613308,0.0024128922090333044,0.0,0.0,0.0,0.0,-0.0,2025-06-17,-0.007238676627099775,False,0.0,0.0,0.0072649391772142986
-0.002293961304918707,-0.09084086767478082,0.0,0.0,0.0,0.0,-0.0,2025-06-18,-0.09313482897969953,False,0.0,0.0,0.097609714889854
-0.01869406780759491,0.026831485559136194,0.0,0.0,0.0,0.0,-0.0,2025-06-19,0.008137417751541285,False,0.0,0.0,-0.008104398591976505
0.004692514264426608,0.018993510117916786,0.0,0.0,0.0,0.0,-0.0,2025-06-20,0.023686024382343393,False,0.0,0.0,-0.0234077122068647
0.0175294713069111,-0.00022765547151844246,0.004286469808421636,-0.0003572058173683992,-0.0001303944115721864,0.0,-0.0,2025-06-23,0.02110068541487371,False,0.5,0.0037732545538115016,-0.017185153115738584
-0.0026050062084326375,0.007701757485801198,-0.0016729771211963407,-0.0003584950973992281,-0.0001310203982301489,0.0,-0.0,2025-06-24,0.002934258660542844,False,1.0,-0.007445199590060662,-0.010353343399584979
0.0004843689718365464,-0.00030273060739784624,0.0,0.0,0.0,0.0,-0.0,2025-06-25,0.00018163836443870016,False,1.0,0.007854929945778855,0.007671881449530028
0.000560258056578178,-0.0007689816462837706,0.0072628929637482105,-0.0003571914572335324,-0.0003848476011289195,0.0,-0.0,2025-06-26,0.006312130315680167,False,0.5,-0.002490447981523422,-0.008767028129289329
0.00326847504064133,-0.012848488090796296,0.005564651754491857,-0.0003499438868090493,-0.00012845002836810092,0.0,-0.0,2025-06-27,-0.004493755210840257,False,1.0,0.01521152573480726,0.019783903697846876
0.00013982816955555852,-0.0002496931599208555,0.005574060451557979,-0.0007017702007357011,-0.0007606977776562395,0.0,-0.0,2025-06-30,0.004001727482800741,False,0.0,-0.0010315894769387722,-0.005021200827010014
0.013065429032775707,-0.047531129757166786,0.002115748636541163,-0.00033406557419072663,-0.00012724557720924295,0.0,-0.0,2025-07-01,-0.032811263239249884,False,0.5,0.0016847123657717364,0.03509639543763974
0.008035403386909947,0.009821048584001076,-0.003029987776460497,-0.00034961397420699635,-0.00037393778377247695,0.0,-0.0,2025-07-02,0.01410291243647106,False,0.0,-0.02175844786168423,-0.03545767624902753
-0.00890341631777651,-0.03338781119166235,0.021137444349717257,-0.0006672521289136173,-0.00025149419774638036,0.0,-0.0,2025-07-03,-0.0220725294863816,False,1.0,0.02087014635524095,0.043653854796102246
0.001014668505671061,0.0002658520102195115,0.013024715293386974,-0.0006302281593574536,-0.0007646012059745584,0.0,-0.0,2025-07-04,0.01291040644394554,False,0.0,0.0774432680341483,0.06362244570940558
0.0021025949357882014,0.02943632910103494,0.0,0.0,0.0,0.0,-0.0,2025-07-07,0.031538924036823145,False,0.0,0.0,-0.03104675985189042
0.0072071078813032066,-0.07454208722948105,0.005756414449053296,-0.0002977455749510447,-0.00012520399923740923,0.0,-0.0,2025-07-08,-0.062001514473313,False,0.5,0.005532719652014709,0.0698505703606249
0.001974806019501491,0.010466471903357854,0.009250084031537533,-0.0003118005853327374,-0.0003844418070329752,0.0,-0.0,2025-07-09,0.020995119562031168,False,0.0,-0.004474327643983155,-0.02515762426709166
-0.012171274294848041,0.023723670235720726,-0.0024035483998062776,-0.0003175672756220874,-0.0001307512894428513,0.0,-0.0,2025-07-10,0.00870052897600147,False,0.5,-0.0028314565808114285,-0.011469717176095665
0.0015267048441090442,-0.0016284851670496127,0.0,0.0,0.0,0.0,-0.0,2025-07-11,-0.00010178032294056844,False,0.5,0.00010539659062629809,0.0002071928212046309
-0.00040234409823600625,-0.007141607743689118,0.0,0.0,0.0,0.0,-0.0,2025-07-14,-0.0075439518419251235,False,0.5,0.007903911251676514,0.015536242592418967
-0.009325255755543896,-0.023313139388859698,-0.014410446399252099,-0.000300217633317764,-0.00038004750346783177,0.0,-0.0,2025-07-15,-0.04772910668044128,False,0.0,0.0200964893118737,0.06996541643977462
-0.008988096908539911,0.05842262990550946,0.0,0.0,0.0,0.0,-0.0,2025-07-16,0.04943453299696955,False,0.0,0.0,-0.04823253453955137
0.0020881134401274583,-0.08181608115408501,0.02576206284592518,-0.0002820663815247387,-0.0001232065954500012,0.0,-0.0,2025-07-17,-0.05437117784500711,False,0.5,0.026756023936098036,0.08412750287224732
-0.0035461945030859886,0.01250033562337808,0.017592302785227006,-0.0002915851290368545,-0.00039800203773022406,0.0,-0.0,2025-07-18,0.02585685673875202,False,0.0,0.00704446711794863,-0.01866077684718298
0.003976622513598889,0.007574519073521667,0.0,0.0,0.0,0.0,-0.0,2025-07-21,0.011551141587120556,False,0.0,0.0,-0.011484683287010796
0.004421453244667485,-0.003652504854290624,-0.017421225665687178,-0.00028250636214629014,-0.0001305725572082627,0.0,-0.0,2025-07-22,-0.01706535619466487,False,0.5,-0.017669520488115372,-0.0007618435175466916
0.009323308551426795,0.008243767561261621,0.0,0.0,0.0,0.0,-0.0,2025-07-23,0.01756707611268842,False,0.5,-0.017000863245187386,-0.034118490360928594
-0.010099657815610211,0.009796668081141897,-0.005933124146595248,-0.00031047337341620385,-0.00013532765870564138,0.0,-0.0,2025-07-24,-0.006681914913185409,False,1.0,-0.006071566179021,0.0005920170005316722
-0.00011509781762086228,5.7548908810430704e-05,0.0,0.0,0.0,0.0,-0.0,2025-07-25,-5.754890881043157e-05,False,1.0,-0.0030157106277934782,-0.002958333618862672
0.0001338259218460202,0.0010235874562826528,0.0,0.0,0.0,0.0,-0.0,2025-07-28,0.0011574133781286633,False,1.0,0.06452976315214047,0.06329837491292747
0.00011899878768166446,0.0006875485510496139,-0.03223282013179189,-0.0005525626308307391,-0.0007475067269877957,0.0,-0.0,2025-07-29,-0.032726342150879155,False,0.0,0.011733692529146066,0.04539178466727128
0.008953595248359359,0.0035814380993437946,0.0,0.0,0.0,0.0,-0.0,2025-07-30,0.012535033347703154,False,0.0,0.0,-0.012456797056549644
-0.030504845413268734,-0.0012414762668190814,0.0,0.0,0.0,0.0,-0.0,2025-07-31,-0.03174632168008781,False,0.0,0.0,0.03225561121892305
0.017122824651439987,0.02604096249073166,0.0,0.0,0.0,0.0,-0.0,2025-08-01,0.04316378714217165,False,0.0,0.0,-0.04224549065412889
0.01676056460199854,-0.018400185052194012,0.00014292872300257015,-0.0005552626649022027,-0.0002596813974133657,0.0,-0.0,2025-08-04,-0.0023116357895084706,False,1.0,-0.0006723403198814023,0.001640413355884822
0.00025504372984374375,-0.0007175230266270757,0.010495916630781291,-0.0002836734224535593,-0.0003856218681710546,0.0,-0.0,2025-08-05,0.009364142043373345,False,0.5,-0.015572579970960013,-0.024747871749579004
0.004553451319140662,-0.004553451319140554,-0.009447099779706043,-0.0002837440280906314,-0.00013183028136406902,0.0,-0.0,2025-08-06,-0.009862674089160636,False,1.0,-0.009814197419827973,-9.540979117872439e-17
0.0,-0.0004900904725097417,0.0,0.0,0.0,0.0,-0.0,2025-08-07,-0.0004900904725097417,False,1.0,-0.025853407511625844,-0.025375870539217485
-7.787584296647879e-05,2.5958614322159523e-05,0.0,0.0,0.0,0.0,-0.0,2025-08-08,-5.191722864431904e-05,False,1.0,-0.002732012004704585,-0.0026802352705115294
-2.9209656524021096e-05,0.00037607432774677607,0.0,0.0,0.0,0.0,-0.0,2025-08-11,0.0003468646712227533,False,1.0,0.018589439460834616,0.018236188038566078
1.4181250609145847e-05,0.0003226234513580665,-0.012155981003890244,-0.0005699105523616094,-0.0007552394693748774,0.0,-0.0,2025-08-12,-0.013144326323659517,False,0.0,0.004617399503156999,0.017909585470237962
-0.015546914540035657,-0.07808791166699731,0.0,0.0,0.0,0.0,-0.0,2025-08-13,-0.09363482620703296,False,0.0,0.0,0.09815865392655523
0.005201620633935767,0.05045572014917689,0.0,0.0,0.0,0.0,-0.0,2025-08-14,0.05565734078311265,False,0.0,0.0,-0.05413681089302321
0.003377379579741791,-0.008354570539361252,0.0015563485651960646,-0.00027165934465654007,-0.00012998096843440157,0.0,-0.0,2025-08-15,-0.0038224827075143382,False,0.5,0.0011582580024598519,0.0049924916083697
0.00017197613329219334,-0.005417248198704113,0.0,0.0,0.0,0.0,-0.0,2025-08-18,-0.0052452720654119185,False,0.5,0.005534310672783379,0.010822468492247545
0.0011113201872706097,0.007522782806139472,0.02315100402500649,-0.0002713008284180556,-0.0003950574143092208,0.0,-0.0,2025-08-19,0.031118748775689292,False,0.0,0.013320357996887754,-0.01772731582592334
0.023466315143027713,-0.018133061701430437,0.01640833652709283,-0.0005532820828761359,-0.0002579305230307276,0.0,-0.0,2025-08-20,0.020930377362783244,False,1.0,0.015677004983589062,-0.005360567833220534
8.757495903834133e-06,-0.0003240273484418623,0.0,0.0,0.0,0.0,-0.0,2025-08-21,-0.0003152698525380297,False,1.0,-0.019711154448671428,-0.01940205020582554
-5.736531228009477e-06,0.0005965992477129798,0.0,0.0,0.0,0.0,-0.0,2025-08-22,0.0005908627164849731,False,1.0,0.03835318760849743,0.037739844641986035
0.00018736756603651404,0.0004426219313616199,-0.045012884473414526,-0.0005286316320388002,-0.0007414549257015873,0.0,-0.0,2025-08-25,-0.04565298153375678,False,0.0,-0.005496951013002115,0.04095740008829483
0.003400545515701362,0.001700272757850705,0.0,0.0,0.0,0.0,-0.0,2025-08-26,0.0051008182735520664,False,0.0,0.0,-0.0050878311909878385
0.0040484423757056655,-0.024965394650185,0.0,0.0,0.0,0.0,-0.0,2025-08-27,-0.020916952274479338,False,0.0,0.0,0.02113724499043693
-0.0046412814309196564,-0.07906182851290734,0.0,0.0,0.0,0.0,-0.0,2025-08-28,-0.083703109943827,False,0.0,0.0,0.08730603553452497
-0.005634448126326128,-0.06360995384720823,0.0,0.0,0.0,0.0,-0.0,2025-08-29,-0.06924440197353436,False,0.0,0.0,0.07169810227467308
-0.0055470207783860585,-0.008818340724613597,0.0,0.0,0.0,0.0,-0.0,2025-09-01,-0.014365361502999654,False,0.0,0.0,0.014469039169392451
0.008631076559176437,0.0284825526452823,0.0,0.0,0.0,0.0,-0.0,2025-09-02,0.03711362920445874,False,0.0,0.0,-0.03643336018249925
0.00975176864992319,0.008569736086296112,0.00245084560383362,-0.00030635570047924337,-0.00013082920188964043,0.0,-0.0,2025-09-03,0.02033516543768404,False,0.5,0.001997305997599346,-0.0181726997344078
-0.003609907353171426,0.056555215199683054,-0.0214159990357599,-0.0003510819514058928,-0.00014116654184079846,0.0,-0.0,2025-09-04,0.031037060317505027,False,1.0,-0.07009781980261967,-0.09851596085230228
-0.00015177281230776098,0.0011987852566337658,0.0,0.0,0.0,0.0,-0.0,2025-09-05,0.0010470124443260065,False,1.0,0.07994561346464521,0.07881548869873942
-3.658879613857679e-05,-0.0007748215652875054,0.011452561646956643,-0.00032957011933687464,-0.0003864802875439744,0.0,-0.0,2025-09-08,0.009925100878649708,False,0.5,-0.048465348261623326,-0.05786271362747882
0.010496131489094961,-0.0023967544345177396,-0.004637019417671959,-0.0002576121898706746,-0.00013386903317359053,0.0,-0.0,2025-09-09,0.0030708764138609977,False,1.0,-0.012938520551130494,-0.015965014993809465
0.0004111887328852044,0.0006269359075471986,0.0,0.0,0.0,0.0,-0.0,2025-09-10,0.001038124640432403,False,1.0,0.0688194926234055,0.06771050050755642
0.0005306970962866597,0.0008618345406639346,-0.027607143203023196,-0.0005812030148005818,-0.0007496995808213013,0.0,-0.0,2025-09-11,-0.027545514161694484,False,0.0,0.0686137628882198,0.09845843480046584
0.0032000332814457505,-0.03200033281445621,0.0,0.0,0.0,0.0,-0.0,2025-09-12,-0.02880029953301046,False,0.0,0.0,0.02921903842838602
0.014000896404362823,0.027441756952551244,0.0,0.0,0.0,0.0,-0.0,2025-09-15,0.041442653356914064,False,0.0,0.0,-0.04059564761709288
0.0011214077206320998,-0.04401525303480993,-0.00331386088093213,-0.0002705192555863414,-0.00012753495044988278,0.0,-0.0,2025-09-16,-0.04660576040114619,False,0.5,-0.003785389356556251,0.04374289328010247
0.0,0.007500251832106583,0.01010587397568538,-0.0002787827303636813,-0.0003830168054194344,0.0,-0.0,2025-09-17,0.01694432627200885,False,0.0,0.0017656865202404079,-0.015065558367883813
0.010133271813802877,-0.07039957260115588,0.022662542980316374,-0.0002650589822259638,-0.00012411651901711045,0.0,-0.0,2025-09-18,-0.037992933308279714,False,0.5,0.023229240225059615,0.06285265933767857
-0.004302250578237567,0.0012653678171286643,-0.0081017567041056,-0.0002700585568035616,-0.0003830888651680644,0.0,-0.0,2025-09-19,-0.011791786887186129,False,0.0,-0.00551624303267723,0.006279909667710925
-0.004811590713164452,-0.047862665515163515,0.0,0.0,0.0,0.0,-0.0,2025-09-22,-0.05267425622832796,False,0.0,0.0,0.05408622716595827
-0.03650485520465482,0.06350844672590629,0.0,0.0,0.0,0.0,-0.0,2025-09-23,0.027003591521251476,False,0.0,0.0,-0.02664225431696981
0.024465829359303297,0.020431570262822232,-0.008421693036961062,-0.0002694941771827004,-0.00013267467836884165,0.0,-0.0,2025-09-24,0.03607353772961293,False,0.5,-0.008592139870194682,-0.043718356209616685
-0.0016506471320301514,-6.602588528114602e-05,0.004740007141149796,-0.00027085755092279593,-0.0001303705106979407,0.0,-0.0,2025-09-25,0.0026221060622177617,False,1.0,0.006079934054651746,0.003445341360727042
-9.730742426447677e-06,-0.000364207787955976,0.0,0.0,0.0,0.0,-0.0,2025-09-26,-0.00037393853038242275,False,1.0,-0.035884228151418236,-0.035523640702005956
-3.074556576498371e-05,0.0003507789548641255,0.0,0.0,0.0,0.0,-0.0,2025-09-29,0.0003200333890991426,False,1.0,0.031685285457279486,0.03135516454656543
4.912133171402618e-05,-0.00016373777238008785,0.008982187448798475,-0.00027014097590366017,-0.0003837190478126714,0.0,-0.0,2025-09-30,0.008213710984416084,False,0.5,-0.0029962302282066163,-0.011151791480737295
-0.00826777063757915,0.005067343294000147,0.0,0.0,0.0,0.0,-0.0,2025-10-09,-0.003200427343579003,False,0.5,0.0032284149268608283,0.006444317964886977
0.005976886874084671,0.002014680968792566,0.0,0.0,0.0,0.0,-0.0,2025-10-10,0.007991567842877238,False,0.5,-0.007978022306541035,-0.015874239640256343
0.04003603367185637,-0.024327451015884984,0.0021223233955778493,-0.00029564704017994423,-0.00013500532031008295,0.0,-0.0,2025-10-13,0.0174002536910592,False,1.0,-0.013619191233302663,-0.030634007190595273
0.0002930350948179737,-0.0012767957702789943,0.0,0.0,0.0,0.0,-0.0,2025-10-14,-0.0009837606754610206,False,1.0,-0.06663984941462875,-0.06572119460829245
0.0,0.0005170715967003428,0.0,0.0,0.0,0.0,-0.0,2025-10-15,0.0005170715967003428,False,1.0,0.036306534343312276,0.03577082818008464
-8.240976089880915e-05,-0.0001162188935752452,0.004575405881497463,-0.0002986557363901894,-0.00038485769728282616,0.0,-0.0,2025-10-16,0.0036932637933503945,False,0.5,-0.009933152620451626,-0.01358298661230441
0.003404188432923685,0.019895590174642836,-0.0029926290264484685,-0.00032352746231868507,-0.00013580712285754144,0.0,-0.0,2025-10-17,0.01984781499594183,False,1.0,-0.025977167476067188,-0.04511880424799741
0.00023684065753497605,0.00034071813890996025,0.0,0.0,0.0,0.0,-0.0,2025-10-20,0.0005775587964449297,False,1.0,0.043250723124157966,0.04264835845936993
-3.851346349002779e-06,0.0006008100304384355,-0.02146140598266763,-0.0002892716762778178,-0.00036847562252111354,0.0,-0.0,2025-10-21,-0.02152219459737713,False,0.5,0.02334880340022749,0.04561223507157292
0.006144030613142215,-0.005461360545015416,-0.00227048074431571,-0.0002912346608742748,-0.00038511852232697545,0.0,-0.0,2025-10-22,-0.002264163859390161,False,0.0,-0.00366559798950457,-0.0014071778928283225
0.008853335454213207,0.01770667090842634,0.0,0.0,0.0,0.0,-0.0,2025-10-23,0.026560006362639547,False,0.0,0.0,-0.026210391490075962
-0.026847903350700496,-0.04226823758289739,0.029067812888813837,-0.0005347356999119581,-0.00024669582556453834,0.0,-0.0,2025-10-24,-0.040829759570260554,False,1.0,0.02973014694386145,0.0726438988343635
0.00036755629556774265,0.0002819407729052767,-0.027562590783045432,-0.0005225135693469146,-0.0007481558291335694,0.0,-0.0,2025-10-27,-0.028183763113052894,False,0.0,0.02991988151231623,0.059359814818903144
0.016423708013570397,-0.04764129042104387,0.0,0.0,0.0,0.0,-0.0,2025-10-28,-0.03121758240747347,False,0.0,0.0,0.0317099614038503
-0.030481827158550263,0.03816423888143706,0.0,0.0,0.0,0.0,-0.0,2025-10-29,0.007682411722886794,False,0.0,0.0,-0.007652977421651164
0.0010185911725557482,0.045836602765008595,0.0,0.0,0.0,0.0,-0.0,2025-10-30,0.04685519393756435,False,0.0,0.0,-0.0457744347668496
0.005887905900567201,0.05901598704987128,-0.034975886407814905,-0.0005718723907141204,-0.0002730128387805572,0.0,-0.0,2025-10-31,0.029083121313128908,False,1.0,-0.034100963963498494,-0.06178776205614709
-0.00017374489130434615,0.00030454160723009094,0.0,0.0,0.0,0.0,-0.0,2025-11-03,0.00013079671592574477,False,1.0,0.009440911517457193,0.009308888595580142
-2.5364271002490424e-05,-9.755488847111749e-05,0.0,0.0,0.0,0.0,-0.0,2025-11-04,-0.00012291915947360878,False,1.0,-0.008794249279640709,-0.008672403613466734
-0.0005915963281732621,0.00047049775092965505,0.0,0.0,0.0,0.0,-0.0,2025-11-05,-0.00012109857724360712,False,1.0,-0.008590614770584648,-0.008470549234831357
8.165506420979117e-05,0.00033050859323010314,0.0,0.0,0.0,0.0,-0.0,2025-11-06,0.0004121636574398943,False,1.0,0.030114610085753033,0.02969012176581636
-0.00025321464489950135,-0.00034939695187683275,0.009128809820734062,-0.0005735577427419245,-0.0007632311350432778,0.0,-0.0,2025-11-07,0.007189409346172522,False,0.0,-0.03484090788877155,-0.041754947973115214
0.009472776750867995,0.017079703535655896,0.0051593961879993645,-0.0006009455788793431,-0.0002628312287386316,0.0,-0.0,2025-11-10,0.03084809966690528,False,1.0,0.004248008845758925,-0.026258185641200443
0.0002945982768809383,-0.0007691038984224025,0.0,0.0,0.0,0.0,-0.0,2025-11-11,-0.0004745056215414642,False,1.0,-0.03121592786147355,-0.030756125292359326
-0.0002772422412793765,-4.502224431030655e-05,0.0,0.0,0.0,0.0,-0.0,2025-11-12,-0.0003222644855896857,False,1.0,-0.020768527770651187,-0.020452905389769422
-3.369514649125337e-05,0.00011552621654104321,0.0,0.0,0.0,0.0,-0.0,2025-11-13,8.183107004978984e-05,False,1.0,0.0053022519086749174,0.005219990315500768
-0.0004657537218086533,-0.0002479011745110348,0.0,0.0,0.0,0.0,-0.0,2025-11-14,-0.0007136548963196862,False,1.0,-0.04421092939676277,-0.043528582395498845
0.00012671667303465218,7.758163655182786e-05,0.0,0.0,0.0,0.0,-0.0,2025-11-17,0.00020429830958648004,False,1.0,0.012821824138365488,0.012614927486819427
-0.00012896137585860813,0.00028573795043181744,0.0,0.0,0.0,0.0,-0.0,2025-11-18,0.0001567765745732093,False,1.0,0.009935308644841864,0.00977698685751002
0.00011862617475770635,1.9771029126283963e-05,0.009347763433735083,-0.000314210535587672,-0.00038643811140328706,0.0,-0.0,2025-11-19,0.008785511990628115,False,0.5,0.01764671243398773,0.008745323921991267
-0.016873024558360178,0.006536396900986374,-0.0019917096145982646,-0.000306416863784407,-0.0003763289354253985,0.0,-0.0,2025-11-20,-0.013011083071181874,False,0.0,0.007855542802051724,0.02105451525462806
0.03643789074161509,0.01712892299819515,0.0,0.0,0.0,0.0,-0.0,2025-11-21,0.05356681373981024,False,0.0,0.0,-0.05215739002138878
-0.016180687919971334,0.026536328188753,-0.011770976926186335,-0.0006559429887511071,-0.0002627154860979398,0.0,-0.0,2025-11-24,-0.002333995132253717,False,1.0,-0.012545077323449675,-0.010237670650103569
0.000391122521441022,0.0010266966187826832,0.0,0.0,0.0,0.0,-0.0,2025-11-25,0.0014178191402237084,False,1.0,0.0999839556814672,0.09842548245282126
0.00020844058790864514,0.0009588267043797751,-0.036372060627601,-0.0005595701635016425,-0.0007462483657473088,0.0,-0.0,2025-11-26,-0.036510611864561525,False,0.0,0.04756218533794082,0.08651611039382212
0.020279823010756513,0.016968831498796317,0.0,0.0,0.0,0.0,-0.0,2025-11-27,0.03724865450955282,False,0.0,0.0,-0.036563457278621384
0.0035308901077877475,0.006073130985394821,0.0,0.0,0.0,0.0,-0.0,2025-11-28,0.009604021093182567,False,0.0,0.0,-0.009558049770165122
-0.0027744135130057307,-0.03384784485866811,0.008942135138236015,-0.0002751426196379771,-0.00012667428636825166,0.0,-0.0,2025-12-01,-0.02808194013944406,False,0.5,0.0087370376400169,0.03746582283646328
0.0009479561891638915,0.0069065379496226105,0.004580486807629595,-0.00028187611123869195,-0.0003831429229623807,0.0,-0.0,2025-12-02,0.011769961912215025,False,0.0,-0.004216122766503421,-0.015867756919202027
0.0011134462491759424,-0.009603473899140163,-0.010673007723034637,-0.0002736668646932407,-0.00013010396414379324,0.0,-0.0,2025-12-03,-0.019566806201835894,False,0.5,-0.011062118145287281,0.008478790875961895
0.004779223886254881,0.0005541129143483467,0.0013923952829356342,-0.00027847905658706743,-0.0003752978701907678,0.0,-0.0,2025-12-04,0.006071955156761026,False,0.0,-0.0045869620629280594,-0.010612752712884754
-0.0032542410346046535,0.03494771893684127,0.0009628528704692047,-0.0002962624216827837,-0.00013179530090982937,0.0,-0.0,2025-12-05,0.0322282730501132,False,0.5,0.0005265463283778796,-0.03120462945336793
-0.00047901712809313645,-0.018202650867544766,0.013203244483834661,-0.00027796304176498285,-0.00012538912814016414,0.0,-0.0,2025-12-08,-0.00588177568170839,False,1.0,0.033160871725209,0.039255598553112225
-8.282741761913023e-05,0.0005595452212492347,-0.02829823328235502,-0.0005494802579098953,-0.0007490789615955477,0.0,-0.0,2025-12-09,-0.029120074698230365,False,0.0,0.00610707473641766,0.035835737605699775
0.0074091598381441645,0.009564551791058926,0.0,0.0,0.0,0.0,-0.0,2025-12-10,0.01697371162920309,False,0.0,0.0,-0.016830469779644364
0.005275725096074231,0.024851441899927825,-0.013180019517431587,-0.00028142697643248363,-0.00013231754601083817,0.0,-0.0,2025-12-11,0.016533402956127145,False,0.5,-0.013302658702136962,-0.029482005060151695
0.0009030287856999158,-0.0033342601318155367,0.014455218894280331,-0.0002913914620353094,-0.0001303589343611658,0.0,-0.0,2025-12-12,0.011602237151768238,False,1.0,0.016626594187514214,0.004899612507206316
-0.00022339662480333418,-0.0001621427115508078,0.012181960090379319,-0.0002900466688185993,-0.00038725000893971605,0.0,-0.0,2025-12-15,0.011119124076266858,False,0.5,-0.01896372256704592,-0.029811565638485527
0.00456874161979848,-0.0028282686217800156,-0.011412683267111513,-0.000292632904284852,-0.00013312895031085563,0.0,-0.0,2025-12-16,-0.010097972123688757,False,1.0,-0.01345862179335227,-0.0034460863862165727
1.1995931431206341e-05,0.000709759276346368,0.0,0.0,0.0,0.0,-0.0,2025-12-17,0.0007217552077775774,False,1.0,0.05277369865863944,0.052014127904068834
-0.0003313685011869495,-0.0004405018399012089,0.024583888409425735,-0.0005801303863163551,-0.0007689837877258444,0.0,-0.0,2025-12-18,0.022462903894295373,False,0.0,-0.03177050343646685,-0.05327729277369848
-0.012967244683707657,0.02156350801335661,-0.004818507430239614,-0.0005932322467418778,-0.000261764820766123,0.0,-0.0,2025-12-19,0.0029227588319013396,False,1.0,-0.0056333074925191155,-0.008535358461741537
0.00017112429264924832,0.0006267684935581648,0.0,0.0,0.0,0.0,-0.0,2025-12-22,0.0007978927862074131,False,1.0,0.05731142533634187,0.0564681406474149
0.0,5.783912956368407e-06,0.023948041170164542,-0.0005537119345703637,-0.0007691557111922264,0.0,-0.0,2025-12-23,0.022630957437358323,False,0.0,0.023312804631932853,0.00041434048747587593
-0.015001586263634632,-0.009410085929007148,0.0,0.0,0.0,0.0,-0.0,2025-12-24,-0.024411672192641776,False,0.0,0.0,0.02471207653888663
0.0009480142655718725,0.009480142655720178,0.0,0.0,0.0,0.0,-0.0,2025-12-25,0.01042815692129205,False,0.0,0.0,-0.01037397220537505
0.0019145633217930581,0.007111235195231304,0.0,0.0,0.0,0.0,-0.0,2025-12-26,0.009025798517024362,False,0.0,0.0,-0.008985188269402635
0.0016989350203070817,-0.06651984041049017,0.03308239299209347,-0.000264197176302797,-0.00012325146259947194,0.0,-0.0,2025-12-29,-0.03212596103699188,False,0.5,0.034367685593670184,0.06813727750325452
0.0014970620704744654,0.011914118977525933,0.014571694060123676,-0.00027236811327338226,-0.00039687030153171606,0.0,-0.0,2025-12-30,0.027313636693318977,False,0.0,-0.0007268232553205189,-0.027651232143124177
-0.011307513890634235,0.03176872950225788,-0.014597362038934893,-0.0002703215192394799,-0.00013225615489553805,0.0,-0.0,2025-12-31,0.005461275898553733,False,0.5,-0.01473857955154904,-0.020104697737587947
-0.004752135905514374,-0.013996016708021676,0.01786603763604348,-0.00026566598715301027,-0.00012657655957907694,0.0,-0.0,2026-01-05,-0.0012743575242246605,False,1.0,0.03755162053761812,0.03887467509523499
-0.00014420816740674688,-0.00019733749224081117,0.01739315916137831,-0.0005372404374170157,-0.0007651082827453653,0.0,-0.0,2026-01-06,0.015749264781568368,False,0.0,-0.013824489914580122,-0.029234363534146213
0.006561123037303689,-0.004150914574620643,0.00195934795845845,-0.00027120057278822866,-0.00012916241140374424,0.0,-0.0,2026-01-07,0.003969193436949523,False,0.5,0.0015583196892275358,-0.0024091799244627156
0.0023961767738578488,0.013281665546526348,-0.01098538740372901,-0.00028334237550048223,-0.00013411597288746642,0.0,-0.0,2026-01-08,0.004274996568267235,False,1.0,-0.026571621712569753,-0.03072414235929815
-0.00019354690799519694,-2.8941593718906737e-05,0.0,0.0,0.0,0.0,-0.0,2026-01-09,-0.00022248850171410414,False,1.0,-0.017244259569766662,-0.017025583391961883
-3.727258517608189e-05,-0.000126726789598676,0.0,0.0,0.0,0.0,-0.0,2026-01-12,-0.0001639993747747561,False,1.0,-0.012553838082652268,-0.012391884249673406
0.0002291818495320302,-0.00016906857752363037,0.0,0.0,0.0,0.0,-0.0,2026-01-13,6.011327200839984e-05,False,1.0,0.004623069293409674,0.004562679928698665
9.881597506448785e-05,0.0006387746959525853,0.0,0.0,0.0,0.0,-0.0,2026-01-14,0.0007375906710170715,False,1.0,0.0601109455784634,0.05932930593525304
-6.446546413449157e-05,0.00041654607594593943,-0.0408242861197192,-0.0005386423138292212,-0.0007438051245692058,0.0,-0.0,2026-01-15,-0.04175465294630618,False,0.0,-0.013522855547619965,0.028539187344901597
-0.003359714070249152,-0.012792757421333244,0.0,0.0,0.0,0.0,-0.0,2026-01-16,-0.016152471491582398,False,0.0,0.0,0.016283627874252797
0.009200927190281193,0.01269987133306442,0.0,0.0,0.0,0.0,-0.0,2026-01-19,0.021900798523345612,False,0.0,0.0,-0.02166271725939268
0.0054245551563274295,0.05126204622729422,-0.0127033148022334,-0.00028387295647443195,-0.00013462391087846136,0.0,-0.0,2026-01-20,0.04356478971403535,False,0.5,-0.012677315095299888,-0.05476636348069849
0.0008034682140287516,-0.020019749666216356,0.00655121912674953,-0.000267396699051042,-0.00012698401841232948,0.0,-0.0,2026-01-21,-0.013059443042901447,False,1.0,0.02629074228033924,0.039781426450633574
0.0002553023132352203,0.00011807731987122714,-6.56296940459278e-05,-0.0002625187761835246,-0.00038052359126585655,0.0,-0.0,2026-01-22,-0.0003352924283888635,False,0.5,0.030848391799217355,0.03119408541079112
-0.0010614530640688034,0.029189959261892134,0.013328996808596014,-0.0002706395291084948,-0.0003806734424582113,0.0,-0.0,2026-01-23,0.04080619003485264,False,0.0,-0.015445541443033355,-0.054812781705762516
0.004113043412936624,0.002056521706468267,0.0021863786411093905,-0.000560035512579232,-0.00026039968988254174,0.0,-0.0,2026-01-26,0.007535508558052508,False,1.0,0.0013626641290626611,-0.006154753441659945
-6.527221148010178e-05,5.4082689512204496e-05,0.0,0.0,0.0,0.0,-0.0,2026-01-27,-1.118952196789728e-05,False,1.0,-0.0008368960898642395,-0.0008257158698129824
0.00026714204107704254,-0.0001855153063035023,0.0,0.0,0.0,0.0,-0.0,2026-01-28,8.16267347735402e-05,False,1.0,0.0061423785249083585,0.006060253759665901
-4.389676377158153e-05,-0.000505767060846481,0.012743565120228659,-0.0002879901722086029,-0.0003878421247167091,0.0,-0.0,2026-01-29,0.011518068998685283,False,0.5,-0.028300275280461938,-0.03942817079750075
0.005657386882225561,-0.009900427043894256,0.0045789994669743275,-0.00028996302693239594,-0.0001303468378610708,0.0,-0.0,2026-01-30,-8.435055948783493e-05,False,1.0,0.008466298724189768,0.008551367008440025
-5.0479790260542175e-05,-7.211398608648945e-05,0.0,0.0,0.0,0.0,-0.0,2026-02-02,-0.0001225937763470325,False,1.0,-0.00973078426009915,-0.009609375975543396
0.00016807133353135184,-7.590318288511406e-05,0.0,0.0,0.0,0.0,-0.0,2026-02-03,9.216815064623778e-05,False,1.0,0.007369802149834102,0.007276959016808746
-0.00018765097159981046,-0.0004184616666675749,0.005114804779598752,-0.00030087086938820586,-0.00038295145126594245,0.0,-0.0,2026-02-04,0.003824869820677222,False,0.5,-0.0420975997929614,-0.0457544538211616
0.006293349613960165,-0.003479852139483934,0.0015867215626576522,-0.00030616072141254774,-0.0001309503023265974,0.0,-0.0,2026-02-05,0.003963108013394738,False,1.0,-0.0016924053768034865,-0.005640976729408488
-0.00016545673505779753,0.0007454644106999741,0.0,0.0,0.0,0.0,-0.0,2026-02-06,0.0005800076756421815,False,1.0,0.048230962013032924,0.04762315629225053
0.0002569775313448961,0.00014851298889412891,0.010820199417982596,-0.0005548820214350908,-0.000762557715597483,0.0,-0.0,2026-02-09,0.009908250201189052,False,0.0,0.04493040982363472,0.0346281010908291
0.0010968113179994337,-0.010282606106244692,0.0,0.0,0.0,0.0,-0.0,2026-02-10,-0.009185794788245258,False,0.0,0.0,0.009228113679491258
0.006959930415319528,0.0327116729520019,0.0,0.0,0.0,0.0,-0.0,2026-02-11,0.03967160336732143,False,0.0,0.0,-0.03889498901761891
0.0,0.006535087173752617,0.0064088244151326735,-0.0005827847327349921,-0.00025967477727609727,0.0,-0.0,2026-02-12,0.0121014520788742,False,1.0,0.005563602215730641,-0.006531843689663529
-7.904417612077503e-05,0.00012044826837451449,0.0,0.0,0.0,0.0,-0.0,2026-02-13,4.1404092253739463e-05,False,1.0,0.003185999538588104,0.0031444643927839864
0.0001516596133329591,0.00042428582301482604,-0.012117603755372986,-0.0002812996689819789,-0.0003773188703006279,0.0,-0.0,2026-02-24,-0.01220027685830781,False,0.5,0.032774501140500865,0.045451812090661015
-0.0041226030404819865,-0.02963120935346424,-0.017185101624948147,-0.00026438617884539804,-0.0003765493713587108,0.0,-0.0,2026-02-25,-0.051579849569098474,False,0.0,0.017552364964415715,0.07141472805122716
-0.016862106484792867,-0.07727454554541713,0.0,0.0,0.0,0.0,-0.0,2026-02-26,-0.09413665203020999,False,0.0,0.0,0.09870987659435758
0.0,0.020586913952114955,0.0,0.0,0.0,0.0,-0.0,2026-02-27,0.020586913952114958,False,0.0,0.0,-0.020376450179944435
0.019105334823052923,0.001552308454373006,0.0,0.0,0.0,0.0,-0.0,2026-03-02,0.02065764327742593,False,0.0,0.0,-0.020445735842388985
-0.001135464709725941,0.07241741593141834,-0.019254480821481422,-0.0002637600112532113,-0.00013574936499166903,0.0,-0.0,2026-03-03,0.05162796102396611,False,0.5,-0.018795234408195253,-0.0681673781663044
0.004372907033766581,-0.0029370271122313046,0.002900474824855876,-0.000269811611614538,-0.00013260296370211816,0.0,-0.0,2026-03-04,0.003933940171074496,False,1.0,0.001081982169966214,-0.002848478287144624
0.0003340146495230286,-0.0002592352503760817,0.0,0.0,0.0,0.0,-0.0,2026-03-05,7.477939914694691e-05,False,1.0,0.005918295890585894,0.005843076737284871
-7.536044577065995e-05,-9.880591778819917e-05,0.0,0.0,0.0,0.0,-0.0,2026-03-06,-0.00017416636355886,False,1.0,-0.013597366155336481,-0.01342555303399591
-0.00041580571626908787,0.00020531485575112128,0.0,0.0,0.0,0.0,-0.0,2026-03-09,-0.0002104908605179666,False,1.0,-0.016170634489571203,-0.015963525603322908
0.000307267791980041,0.00011034478717515446,0.0,0.0,0.0,0.0,-0.0,2026-03-10,0.0004176125791551938,False,1.0,0.03314229325824923,0.032710930118133245
-4.1061926485500066e-05,0.00013796807299127752,-0.01273097710688704,-0.0005212878482617741,-0.0007549494732290167,0.0,-0.0,2026-03-11,-0.013910308281872053,False,0.0,-0.0063221435215166655,0.007596805794462414
0.013881149846454777,-0.002313524974409217,0.0,0.0,0.0,0.0,-0.0,2026-03-12,0.01156762487204556,False,0.0,0.0,-0.01150097713234049
-0.0002477565424475557,-0.05970932672986101,0.024130778756757114,-0.00024686218676993164,-0.0001240519517846728,0.0,-0.0,2026-03-13,-0.03619721865410606,False,0.5,0.024795039925049077,0.06256930741884213
-0.0012782901539355404,-0.014816544966070119,-0.025330449187984407,-0.00024833773713714094,-0.00037667122955744236,0.0,-0.0,2026-03-16,-0.042050293274684646,False,0.0,-0.0088655175265428,0.033700666355312055
-0.03555540731864896,0.01643708994075243,0.0,0.0,0.0,0.0,-0.0,2026-03-17,-0.01911831737789653,False,0.0,0.0,0.019302242651716966
-0.02710515669650041,-0.03348942914154384,0.0,0.0,0.0,0.0,-0.0,2026-03-18,-0.060594585838044245,False,0.0,0.0,0.06246808725222769
0.027325771369766213,0.024760494873828965,0.0,0.0,0.0,0.0,-0.0,2026-03-19,0.05208626624359517,False,0.0,0.0,-0.05075302466010245
-0.019565968125963857,0.04334974974015948,-0.02246941383890321,-0.00028955430204770464,-0.00013284635556228626,0.0,-0.0,2026-03-20,0.0008919671176824198,False,0.5,-0.022369752252765402,-0.02324137749868936
0.014500457220895544,0.010551396530949572,-0.005614073852949868,-0.00032639964261343886,-0.00013773412118998763,0.0,-0.0,2026-03-23,0.018973646135091823,False,1.0,-0.02934554743509391,-0.04758878388843338
9.469485229877264e-05,0.00015103229607145956,0.0,0.0,0.0,0.0,-0.0,2026-03-24,0.0002457271483702339,False,1.0,0.02548141637565548,0.02522945870919007
0.00011745199702591688,-9.070550265358085e-05,0.005667009663667319,-0.00030143668423760693,-0.00038217107425035543,0.0,-0.0,2026-03-25,0.005010148399551694,False,0.5,0.007797552287551368,0.002760964555392865
0.003198983298152352,0.018394153964375992,0.0,0.0,0.0,0.0,-0.0,2026-03-26,0.021593137262528338,False,0.5,-0.021107934138724423,-0.04201870779116619
0.012287424599141788,-0.022402829698435277,0.017030190039745492,-0.00025669295507513203,-0.00013018707009014588,0.0,-0.0,2026-03-27,0.006527904915286726,False,1.0,0.027051492090715955,0.020368833219056
-0.0002193561284916758,2.541321000818164e-05,-0.0022086474579751584,-0.00025241685234006164,-0.00037791851132348126,0.0,-0.0,2026-03-30,-0.0030329257401221915,False,0.5,-0.020732362920456184,-0.017757808376121533
0.0024960906829964813,0.018112658033025742,-0.018618870970027738,-0.0002631642539933662,-0.00013486115360141938,0.0,-0.0,2026-03-31,0.0015918523383997019,False,1.0,-0.03861835300433457,-0.04014751320567116
0.00038328782916942535,0.00011968276088689803,0.0,0.0,0.0,0.0,-0.0,2026-04-01,0.0005029705900563217,False,1.0,0.04365051435870396,0.04312572083260261
-4.3291345998440466e-05,-0.00040753577440037043,0.022897383017293625,-0.0005180845404535093,-0.000767780116949844,0.0,-0.0,2026-04-02,0.021160691239491464,False,0.0,-0.017025092880244362,-0.03760698980408355
-0.014550347659649765,0.01390077856770121,-0.007911820301136005,-0.0005204577410523425,-0.0002603810684722299,0.0,-0.0,2026-04-03,-0.009342228202609132,False,1.0,-0.008657778495940884,0.0006469625973257193
2.6851352789630843e-05,-1.1305832753514622e-05,0.0,0.0,0.0,0.0,-0.0,2026-04-07,1.554552003611622e-05,False,1.0,0.0014379652291000241,0.0014223974761513488
0.00037247538783712677,0.0006190618815272499,-0.02100842463839643,-0.00030012035197707484,-0.0003673184992661706,0.0,-0.0,2026-04-08,-0.020684326220275273,False,0.5,0.07616019141814091,0.09865164830620454
-0.003415168002332221,-0.0064944178405004285,0.0011342006030626772,-0.00029847384291121744,-0.00039007427140532055,0.0,-0.0,2026-04-09,-0.009463933354086511,False,0.0,0.011187677264700498,0.020802917279680352
-0.008173607223279354,-0.019979928768016093,0.0,0.0,0.0,0.0,-0.0,2026-04-10,-0.028153535991295445,False,0.0,0.0,0.02855359229423734
0.020333126683854025,-0.02424334335382611,0.0,0.0,0.0,0.0,-0.0,2026-04-13,-0.003910216669972086,False,0.0,0.0,0.003917871541325009
-0.032004416910731796,-0.06230760235777,0.0,0.0,0.0,0.0,-0.0,2026-04-14,-0.0943120192685018,False,0.0,0.0,0.09890257120676704
-0.011023915312360947,0.060527535016925135,0.0,0.0,0.0,0.0,-0.0,2026-04-15,0.04950361970456419,False,0.0,0.0,-0.04829828674880775
0.005590748514957607,-0.022679451522941294,0.004539508972593149,-0.0002639249402670287,-0.00012844382282988163,0.0,-0.0,2026-04-16,-0.01294156279848745,False,0.5,0.004191587656810136,0.017271853127883412
0.0036377995440756337,-0.020108947479751962,-0.004986481269967937,-0.00025971256614415033,-0.00038153853667107,0.0,-0.0,2026-04-17,-0.022098880308459485,False,0.0,0.011563559333218853,0.034166814803301714
0.00667717998783037,-0.010116939375500561,0.0,0.0,0.0,0.0,-0.0,2026-04-20,-0.0034397593876701917,False,0.0,0.0,0.0034456821490036387
0.014911711961205826,-0.03312601784670544,0.0,0.0,0.0,0.0,-0.0,2026-04-21,-0.018214305885499618,False,0.0,0.0,0.018381198090294093
-0.0009751383743311792,-0.03266713554009445,0.0,0.0,0.0,0.0,-0.0,2026-04-22,-0.033642273914425626,False,0.0,0.0,0.034214575015501604
-0.01661154751420214,-0.015007023038398555,0.0,0.0,0.0,0.0,-0.0,2026-04-23,-0.03161857055260069,False,0.0,0.0,0.03212374782376297
0.0060663495305578385,0.03412321610938793,0.0,0.0,0.0,0.0,-0.0,2026-04-24,0.040189565639945767,False,0.0,0.0,-0.039392676250606024
-0.01557720168697885,-0.008983171525006186,-0.00023369032868851927,-0.00028042839442624963,-0.0001276678308464896,0.0,-0.0,2026-04-27,-0.025202159765946294,False,0.5,-0.000649519975749037,0.02485632164552763
4.800981061197862e-05,0.01469100204726546,0.003864668562690605,-0.0002898501422018022,-0.00037676267350813896,0.0,-0.0,2026-04-28,0.017937067604858102,False,0.0,-0.011397502689146397,-0.02897204345695397
0.008500841720333573,-0.009466846461280607,0.011941796241829748,-0.0005585922388719843,-0.0002581031430210674,0.0,-0.0,2026-04-29,0.010159096118989661,False,1.0,0.01119267047673395,0.0009718718850738068
0.0001415376750611969,-9.06186334233293e-05,0.0,0.0,0.0,0.0,-0.0,2026-04-30,5.09190416378676e-05,False,1.0,0.005779688810419979,0.00572847677641183
0.0001950410649646596,-9.207947273009353e-06,0.007648551525337936,-0.0002850391872796855,-0.00038394018422072774,0.0,-0.0,2026-05-06,0.007165405271529174,False,0.5,0.02877709326475643,0.02143183575816738
-0.0001396990075565386,-0.014249298770766946,-0.016540138429825414,-0.0002803413293190861,-0.0003702972550709804,0.0,-0.0,2026-05-07,-0.03157977479253896,False,0.0,-0.0027893303778944167,0.029204884139928645
0.01871157139925568,-0.02628747591700306,0.0,0.0,0.0,-0.004563797902257483,-0.0,2026-05-08,-0.012139702420004865,False,0.0,0.0,0.01221368769070123
-0.011705009822237914,0.01197721935298757,0.0,0.0,0.0,0.0,-0.0,2026-05-11,0.000272209530749657,False,0.0,0.0,-0.000272172485096811
-0.0134308314342141,0.013430831434214007,0.0,0.0,0.0,0.0,-0.0,2026-05-12,-9.194034422677078e-17,False,0.0,0.0,9.194034422677078e-17
0.019173674019225397,-0.05395382689130865,0.0,0.0,0.0,0.0,-0.0,2026-05-13,-0.034780152872083255,False,0.0,0.0,0.03539205580637497
-0.016173803881590888,0.06613288698250497,0.0,0.0,0.0,0.0,-0.0,2026-05-14,0.04995908310091408,False,0.0,0.0,-0.048731653344634626
0.0011251341962448982,0.036660622560979704,0.003658053015628798,-0.0005931977863182214,-0.00026394137769632816,0.0,-0.0,2026-05-15,0.040586670608838846,False,1.0,0.00275239006569389,-0.03713114613052875
-0.00017027507299988107,0.00032044822765950126,0.0,0.0,0.0,0.0,-0.0,2026-05-18,0.00015017315465962015,False,1.0,0.012304628803480832,0.012152619238060542
-9.376691485725585e-05,-0.00010326229864026813,0.0,0.0,0.0,0.0,-0.0,2026-05-19,-0.0001970292134975231,False,1.0,-0.015887723066533885,-0.015693805095491103
0.0,0.00011707575676451511,0.0,0.0,0.0,0.0,-0.0,2026-05-20,0.00011707575676451511,False,1.0,0.00953092383827167,0.009412739159801451
0.00023449283780344578,-0.00022042326753523737,0.016996241277828516,-0.0002872604159633099,-0.0003900249571700097,0.0,-0.0,2026-05-21,0.016333025474963403,False,0.5,0.01762777374574903,0.0011418325334800264
-0.010254630251701315,-0.035980376578795464,0.0,0.0,0.0,0.0,-0.0,2026-05-22,-0.04623500683049678,False,0.5,0.04892514899230316,0.09856082148240006
-0.02731708645515024,-0.005974384375802682,0.002979270701073702,-0.00029792707010734606,-0.00039841020987278997,0.0,-0.0,2026-05-25,-0.03100853740985935,False,0.0,0.04050976184790688,0.0732798989898113
-0.0027823113060745416,-0.08084160072649924,0.0,0.0,0.0,0.0,-0.0,2026-05-26,-0.08362391203257377,False,0.0,0.0,0.08721992657748738
0.023805379436991132,0.014509945561594621,0.0,0.0,0.0,0.0,-0.0,2026-05-27,0.038315324998585754,False,0.0,0.0,-0.03759057870935176
0.016568958287708182,-0.05265751127052469,0.0,0.0,0.0,0.0,-0.0,2026-05-28,-0.03608855298281651,False,0.0,0.0,0.036747649522940844
-0.0008205062488072912,0.008428836919567376,0.0,0.0,0.0,0.0,-0.0,2026-05-29,0.007608330670760085,False,0.0,0.0,-0.007579460587075147
0.0,0.07403066833254418,0.0,0.0,0.0,0.0,-0.0,2026-06-01,0.07403066833254418,False,0.0,0.0,-0.07135678653431886
-0.011169456201162067,-0.05247395530747279,0.07772377169153727,-0.0005369136819004323,-0.00024117827413930575,0.0,-0.0,2026-06-02,0.01330226822686266,False,1.0,0.08276218987096005,0.06845437099808116
2.917145601558401e-06,-9.043151364830502e-05,0.02274557187406479,-0.0005325050271519701,-0.0007673184439249776,0.0,-0.0,2026-06-03,0.021358234034941095,False,0.0,0.01233682922243319,-0.009055631885014463
0.019581658818503107,-0.09891617359052593,0.030737753764786303,-0.0002490327272609763,-0.00012232843324099294,0.0,-0.0,2026-06-04,-0.048968122167738486,False,0.5,0.03212187350402384,0.08392084240030812
0.013015454063018083,0.013575258538846804,0.014344140245174592,-0.00026423416241119166,-0.0003928860013153309,0.0,-0.0,2026-06-05,0.04027773268331296,False,0.0,-0.01449011697673971,-0.05339545174399435
0.05965406460950555,-0.08708622570730738,0.017388997301136265,-0.00025843520405093685,-0.00012705265340177965,0.0,-0.0,2026-06-08,-0.010428651654118281,False,0.5,0.01738971363276928,0.028055233385715972
-0.0034561162353138357,-0.010679399167119763,-0.013564221137815713,-0.0002559287007134785,-0.0003815370445739726,0.0,-0.0,2026-06-09,-0.028337202285536763,False,0.0,0.0007631976798460661,0.029527654174911412
0.03707414756003223,0.03933210153716587,0.0,0.0,0.0,0.0,-0.0,2026-06-10,0.07640624909719809,False,0.0,0.0,-0.07356023521805768
0.011844263021851317,0.01672131250143713,-0.0160764528342988,-0.0005541497826094479,-0.00026553908120686314,0.0,-0.0,2026-06-11,0.011669433825173332,False,1.0,-0.016520430651792328,-0.02793037711761548
0.00040307224555876883,-0.0005481782539599296,0.0,0.0,0.0,0.0,-0.0,2026-06-12,-0.00014510600840116072,False,1.0,-0.013458408815745532,-0.013315245316636304
0.00026577671018741366,0.00042363196835933125,0.0,0.0,0.0,0.0,-0.0,2026-06-15,0.0006894086785467352,False,1.0,0.06828982054672081,0.0675535860856063
3.207589707425456e-05,0.00046947449353917453,-0.030679238688134623,-0.0005053051078045211,-0.0007478746592128351,0.0,-0.0,2026-06-16,-0.031430868064538556,False,0.0,0.018343898538214408,0.05085965364791017
0.018195708107693664,-0.05892928193969025,0.0,0.0,0.0,0.0,-0.0,2026-06-17,-0.040733573831996585,False,0.0,0.0,0.041574565854932605
0.003697772343140812,-0.01277412263994054,0.0,0.0,0.0,0.0,-0.0,2026-06-18,-0.009076350296799728,False,0.0,0.0,0.009117665265932547
-0.012762483555884807,0.03058944471331121,0.0,0.0,0.0,0.0,-0.0,2026-06-22,0.0178269611574264,False,0.0,0.0,-0.017669000928441543
0.0018179469606228419,0.045448674015571046,-0.004567545319185078,-0.0002557825378743394,-0.0001328359107979192,0.0,-0.0,2026-06-23,0.04231045720833655,False,0.5,-0.004829342485548971,-0.04605713441292483
-0.00010392736526249814,-0.01669766335217468,0.006045081383561086,-0.0002763465775342643,-0.00012724654509140742,0.0,-0.0,2026-06-24,-0.011160102456501762,False,1.0,0.023156849690440438,0.03463933866235104
4.1289393401671574e-05,0.0006981083592067131,-0.03326912025423494,-0.00026325713356461545,-0.00036213651293155703,0.0,-0.0,2026-06-25,-0.033155116148122735,False,0.5,0.0451192232790075,0.08035110369679568
0.006340961597282051,0.01798183139527742,0.020109626534270068,-0.00027360036101042287,-0.0003978860610030968,0.0,-0.0,2026-06-26,0.04376093310481602,False,0.0,-0.006734981321097282,-0.04926384718202848
0.0,0.04291619394977137,-0.009762224169277633,-0.00028399197583347467,-0.00013280671755873212,0.0,-0.0,2026-06-29,0.03273717108710154,False,0.5,-0.009914919962482631,-0.041802698927700215
-0.00013210149967726446,-0.03863968865559991,0.009191960409906889,-0.00025357132165255286,-0.0001235995371697367,0.0,-0.0,2026-06-30,-0.029957000604192575,False,1.0,0.05040017035213349,0.08234307690592672
0.0,-0.0004919419906684707,0.07337908258694437,-0.0005317324825141717,-0.0007878759953283629,0.0,-0.0,2026-07-01,0.07156753211843336,False,0.0,0.019964025997847617,-0.05048141368219074
0.049721890241799786,0.05537539962789374,-0.017257007005240483,-0.00027516867662111884,-0.00013794677476749385,0.0,-0.0,2026-07-02,0.08742716741306444,False,0.5,-0.016638210897269596,-0.09895974846102003
0.0031761778243553107,-0.021051411161424692,0.008671103451595337,-0.00025828818791983656,-0.00012766151976127086,0.0,-0.0,2026-07-03,-0.009590079593155151,False,1.0,0.02676580725037968,0.0366599399958499
4.539853754254729e-05,-0.0005007807910462562,0.015336368832786211,-0.0002690591023295578,-0.0003877910404861676,0.0,-0.0,2026-07-06,0.014224136436466778,False,0.5,-0.03399513218246134,-0.04763845494583957
0.007020553329122218,-0.010434920795197812,0.00015533505818795499,-0.0002718363518289488,-0.0001310057046992926,0.0,-0.0,2026-07-07,-0.003661874464415881,False,1.0,0.0031479383275392655,0.00682807413225304
9.719424736129562e-05,-0.00021261241610283802,0.0,0.0,0.0,0.0,-0.0,2026-07-08,-0.00011541816874154238,False,1.0,-0.011696419641716601,-0.011582344869286908
0.00027199829318004184,0.0003810846798909872,0.0,0.0,0.0,0.0,-0.0,2026-07-09,0.0006530829730710258,False,1.0,0.07085334808406732,0.07015422031484773
2.0439613045327463e-05,-0.0005559574748287527,0.08561750425361422,-0.0005911416983459443,-0.0007915351591639312,0.0,-0.0,2026-07-10,0.08369930953432093,False,0.0,0.025736215525028312,-0.0566224409433715
0.013617046049390477,0.023790701143762725,-0.011739695126468962,-0.00027982576104332215,-0.00013269079881120913,0.0,-0.0,2026-07-13,0.025255535506829706,False,0.5,-0.011857746692958865,-0.03650130544301364
-0.014282009842349766,-0.03150119394533662,0.01801436006761474,-0.0002472559224966491,-0.00012131788448672482,0.0,-0.0,2026-07-14,-0.028137417527055023,False,1.0,0.06834424493411967,0.0988315993132819
0.0002445476673007617,-0.00023819577983840123,0.03391126676895059,-0.0005723420551722504,-0.0007714913349795902,0.0,-0.0,2026-07-15,0.03257378526626112,False,0.0,0.03385527059152497,0.0007212705994483169
0.02469509073503177,-0.02101248948507087,0.0,0.0,0.0,0.0,-0.0,2026-07-16,0.0036826012499609016,False,0.0,0.0,-0.0036758287899516517
0.019667280369289473,0.04703695571210301,0.0,0.0,0.0,0.0,-0.0,2026-07-17,0.06670423608139248,False,0.0,0.0,-0.0645281607580743
-0.021387293276232122,0.1285753748724072,-0.060725157581973985,-0.0006211784075220769,-0.0002813281118234189,0.0,-0.0,2026-07-20,0.04556041749485561,False,1.0,-0.056821641576143084,-0.09882903794112548
2.198497565654216e-05,0.0006445994862498251,0.0,0.0,0.0,0.0,-0.0,2026-07-21,0.0006665844619063582,False,1.0,0.06575545072501415,0.06504527142490861
-0.00013918460877147782,-0.0005889248758643189,0.03597993741739729,-0.00030090748138800096,-0.00040030496011144665,0.0,-0.0,2026-07-22,0.03455061549126205,False,0.5,-0.03465419857346664,-0.06743788076091109
-0.011688817129224541,0.005028396802760748,-0.008803317756696679,-0.0002622858539237607,-0.00013390390411568748,0.0,-0.0,2026-07-23,-0.01585992784119992,False,1.0,-0.0028940902797007888,0.013046007774911498
-0.000369936028863587,2.1760942874328437e-05,0.014229696855161445,-0.0002649993476575833,-0.00038729737616474414,0.0,-0.0,2026-07-24,0.01322922504534986,False,0.5,-0.01710290607810563,-0.030020241371626927
0.0,-0.02248880641050012,-0.0007055505445306956,-0.0002490178392461348,-0.0001270397709292675,0.0,-0.0,2026-07-27,-0.023570414565206217,False,1.0,0.022047781980032988,0.046424022415804664
-0.00048779238823108397,-0.000658519724111966,0.05239428480236701,-0.0005440991568020278,-0.0007682269616269181,0.0,-0.0,2026-07-28,0.049935646571595015,False,0.0,-0.052579450531977975,-0.09872769787302302
0.018869570067412873,-0.01437681528945738,0.05353363363921483,-0.0005309918575575833,-0.00025041189826519354,0.0,-0.0,2026-07-29,0.05724498466134755,False,1.0,0.05397918349328893,-0.004661386600897398
-0.00014612845817643238,-0.0010762922977225733,0.0,0.0,0.0,0.0,-0.0,2026-07-30,-0.001222420755898998,False,1.0,-0.08261009597775494,-0.08148797380484198
0.0012470879781402457,-0.0002209127275562745,0.0,0.0,0.0,0.0,-0.0,2026-07-31,0.0010261752505839744,False,1.0,0.07452335771501206,0.07342127400137714
-0.00023722311914778845,-5.286686655293624e-05,-0.00042746997134729983,-0.00029634302499383786,-0.0003808611558713352,0.0,-0.0,2026-08-03,-0.001394764137913198,False,0.5,-0.02169525118690517,-0.02032979478385854
-0.010666799615255278,-0.03467825648976295,0.0,0.0,0.0,0.0,-0.0,2026-08-04,-0.045345056105018225,False,0.5,0.04982191453799032,0.09852195686762799
0.008627480936820465,-0.024213920553812107,-0.00809508157198412,-0.00027440954481303207,-0.0003954479362361147,0.0,-0.0,2026-08-05,-0.024351378670024904,False,0.0,0.008938145808955855,0.03380876863967078
0.024255292302312857,-0.037824686597313126,0.0,0.0,0.0,0.0,-0.0,2026-08-06,-0.013569394295000268,False,0.0,0.0,0.013661876360862284
-0.019024653722848336,-0.051464127378474334,0.0,0.0,0.0,0.0,-0.0,2026-08-07,-0.07048878110132267,False,0.0,0.0,0.07303253111994068
-0.007393123840844751,0.03259334166393918,0.0,0.0,0.0,0.0,-0.0,2026-08-10,0.025200217823094426,False,0.0,0.0,-0.02488534285169028
0.02131932265799765,-0.007538771890470708,0.0,0.0,0.0,0.0,-0.0,2026-08-11,0.013780550767526942,False,0.0,0.0,-0.013686033641943242
0.0,-0.016203277719341866,0.008963259656023258,-0.0002846425913024471,-0.00012779513300017163,0.0,-0.0,2026-08-12,-0.007652455787621224,False,0.5,0.00865793942865494,0.0164062587386271
-0.007458873731106871,0.016733134719520214,0.0304753406993052,-0.0002855788285075176,-0.00039705901188277087,0.0,-0.0,2026-08-13,0.03906696384732825,False,0.0,0.020216426500122203,-0.01887183064749272
-0.002366488988543713,-0.0026112981942550757,0.0014783927511093635,-0.00028419038014490804,-0.0001276977862984748,0.0,-0.0,2026-08-14,-0.0039112825981328075,False,0.5,0.001069736119529654,0.004992869999184615
-0.0029081111620386417,-0.01230967601465673,0.0,0.0,0.0,0.0,-0.0,2026-08-17,-0.015217787176695374,False,0.5,0.015539044017135994,0.031111489617653906
-0.0023900028776984417,0.008267059134333949,0.005824918449816272,-0.0002821887719500425,-0.00038286304380137756,0.0,-0.0,2026-08-18,0.011036922890700358,False,0.0,-0.0008813809916479057,-0.011847946257795616
0.046626354953597085,0.03936210400068157,-0.02648838303451092,-0.0002652926844822919,-0.0001373322768578591,0.0,-0.0,2026-08-19,0.05909745095842757,False,0.5,-0.025447359953007523,-0.08137215485382879
-0.007580045246599444,0.0035696724707823067,-0.010954859120595292,-0.00026293817120341174,-0.0001331726914677502,0.0,-0.0,2026-08-20,-0.015361342759083593,False,1.0,-0.007446403572916926,0.007918261236587818
-6.669403104212923e-05,0.0007736507600886856,0.0,0.0,0.0,0.0,-0.0,2026-08-21,0.0007069567290465539,False,1.0,0.0602308312787862,0.05948155884107334
-9.535461224395044e-05,-0.00047677306121975853,0.0024963195772901084,-0.0005097815129891775,-0.0007477721287068574,0.0,-0.0,2026-08-24,0.0006666382621303563,False,0.0,-0.045320484707092726,-0.0459566985142642
0.0211173030679204,-0.010261821972764599,-0.008169036604642134,-0.0002524495595139083,-0.0001272169137490024,0.0,-0.0,2026-08-25,0.002306778017250757,False,0.5,-0.008648108334170183,-0.010932301509031383
-0.008832660810606048,-0.011611009516289626,0.004536958208881622,-0.00024697573519055137,-0.00012647720887097813,0.0,-0.0,2026-08-26,-0.016280165062075583,False,1.0,0.025736025874911507,0.04257185084005997
0.00028758596986394835,2.0689638119704094e-06,-0.011853232352414906,-0.0005349858843120167,-0.0007556976266558669,0.0,-0.0,2026-08-27,-0.01285426092970687,False,0.0,0.010123237694047505,0.02319143644089848
0.0001621085113093375,0.002431627669640039,0.0,0.0,0.0,0.0,-0.0,2026-08-28,0.0025937361809493763,False,0.0,0.0,-0.0025903753535889773
0.02812221914387296,-0.05384082981391061,0.0,0.0,0.0,0.0,-0.0,2026-08-31,-0.025718610670037653,False,0.0,0.0,0.026052187710642376
0.00024131768654943572,0.033462719201521725,0.0,0.0,0.0,0.0,-0.0,2026-09-01,0.03370403688807116,False,0.0,0.0,-0.033142383514891176
0.013737650646034546,0.005544714417375404,-0.0030505416078562284,-0.0005103313271123374,-0.00026273770550269704,0.0,-0.0,2026-09-02,0.015458754422938687,False,1.0,-0.003779866613832991,-0.019061765119980898
0.00020463798447242028,-0.00040520357124390215,0.0,0.0,0.0,0.0,-0.0,2026-09-03,-0.00020056558677148187,False,1.0,-0.016627030863646454,-0.016429780306900805
0.00017072913772699162,-0.0007023667058388839,0.0,0.0,0.0,0.0,-0.0,2026-09-04,-0.0005316375681118923,False,1.0,-0.04222749442628805,-0.04171817120493721
0.00021649276777657286,0.0009275329955925134,0.0,0.0,0.0,0.0,-0.0,2026-09-07,0.0011440257633690831,False,1.0,0.09991776526039955,0.098660150508356
0.0003050167029701476,-0.00010015473828870505,0.01478257942466793,-0.0005563336342617552,-0.0007652321453529555,0.0,-0.0,2026-09-08,0.013665875609734663,False,0.0,0.03213018428845472,0.018121162374274566
-0.019571824984452212,-0.001174309499067066,0.0,0.0,0.0,0.0,-0.0,2026-09-09,-0.020746134483519276,False,0.0,0.0,0.020962831478870098
0.011528123823575653,-0.014390812289832688,0.0,0.0,0.0,0.0,-0.0,2026-09-10,-0.0028626884662570364,False,0.0,0.0,0.0028667898716325958
0.01442910693262818,-0.016975419920739056,0.0,0.0,0.0,0.0,-0.0,2026-09-11,-0.002546312988110877,False,0.0,0.0,0.0025495575963725113
0.04646456673899914,-0.02661789250374827,0.0,0.0,0.0,0.0,-0.0,2026-09-14,0.019846674235250873,False,0.0,0.0,-0.01965102545982253
0.0,-0.0009546680514992715,-0.024153543584616275,-0.000548793809670132,-0.00026289120278683893,0.0,-0.0,2026-09-15,-0.025919896648572516,False,1.0,-0.024667704837565196,0.0009432907702274476
5.874589505206872e-05,0.00011486137689285109,0.0,0.0,0.0,0.0,-0.0,2026-09-16,0.00017360727194491894,False,1.0,0.015725951992128135,0.01554962988640186
0.0,-0.0003803444340986307,0.030317315098849693,-0.0005582165295885421,-0.0007709843231402945,0.0,-0.0,2026-09-17,0.028607769812022225,False,0.0,-0.005355597737276703,-0.03340699874066209
-0.021531133217088622,0.02137281606108064,0.02187035604900985,-0.0005720636081610851,-0.000256876193366143,0.0,-0.0,2026-09-18,0.02088309909147464,False,1.0,0.021266060812102826,0.00016000739815542203
0.00019261092087606221,2.4293269299683142e-05,0.0,0.0,0.0,0.0,-0.0,2026-09-21,0.00021690419017574708,False,1.0,0.02021899076187525,0.019997724985486645
0.00016985381728944627,-0.0002428909587239099,0.017835297391710463,-0.0005540995366376693,-0.0007659681699595208,0.0,-0.0,2026-09-22,0.016442192543678808,False,0.0,0.009721954968624673,-0.006744345822051006
0.0037377757613833097,-0.02678739295658037,0.004887027584726323,-0.0002720975557020733,-0.0001282641351954884,0.0,-0.0,2026-09-23,-0.0185629513013683,False,0.5,0.0045491688648376626,0.023370717448572123
0.005759405338294001,0.00989535413827695,0.01000942023075435,-0.00027996812012625157,-0.00038446344687928177,0.0,-0.0,2026-09-24,0.024999748140319765,False,0.0,-0.006722711810488723,-0.031246571446248907
0.008680675536500461,0.04795039820162157,-0.018503342708845922,-0.0005205833422672456,-0.00026933314753273794,0.0,-0.0,2026-09-28,0.03733781453947612,False,1.0,-0.01858555222559233,-0.05455375723273899
9.136976643635795e-06,0.00016172448659235525,0.0,0.0,0.0,0.0,-0.0,2026-09-29,0.00017086146323599255,False,1.0,0.015925682275454323,0.01575211455528129
5.44943524105729e-05,-0.00034451514320582355,0.0,0.0,0.0,0.0,-0.0,2026-09-30,-0.00029002079079525067,False,1.0,-0.02632231908012572,-0.026039891356149356
0.0001489727756348308,-0.00015371713154677143,0.0,0.0,0.0,0.0,-0.0,2026-10-08,-4.744355911940647e-06,False,1.0,-0.00043047634396457986,-0.00042573401913599714
