overnight,inheritedIntraday,tradeTiming,adverseFill,fees,dividend,interest,date,relativeChange,inStreak,baseTarget,dailyStrategy,dailyHold
0.0,0.0,0.00229996715834359,0.0008935412479278536,0.00026021640104661266,0.0,-0.0,2023-10-09,0.003453724807318056,False,0.0,0.0,-0.003447767560000078
-0.0076201739004081,0.01075789256528179,0.0,0.0,0.0,0.0,-0.0,2023-10-10,0.0031377186648736902,False,0.0,0.0,-0.003132801170246522
0.00044734472894343574,-0.007604860392036499,0.0,0.0,0.0,0.0,-0.0,2023-10-11,-0.007157515663093064,False,0.0,0.0,0.007183191901129253
-0.004015309122748467,0.005799890955081232,0.0,0.0,0.0,0.0,-0.0,2023-10-12,0.0017845818323327656,False,0.0,0.0,-0.0017829904129880707
0.012644920027843506,0.009935294307591526,0.0,0.0,0.0,0.0,-0.0,2023-10-13,0.022580214335435035,False,0.0,0.0,-0.02232718932686823
0.006480604556683911,0.020367614321006092,0.0,0.0,0.0,0.0,-0.0,2023-10-16,0.02684821887769,False,0.0,0.0,-0.026491009401535093
0.0,0.012748517223630369,0.0,0.0,0.0,0.0,-0.0,2023-10-17,0.01274851722363037,False,0.0,0.0,-0.012667599104939803
0.016532491248950575,0.02966123429958794,0.0,0.0,0.0,0.0,-0.0,2023-10-18,0.04619372554853852,False,0.0,0.0,-0.045143035917279514
0.011466060402794478,-0.007976389845422434,0.0,0.0,0.0,0.0,-0.0,2023-10-19,0.003489670557372044,False,0.0,0.0,-0.0034835887336497756
0.003028241601532107,0.018169449609191823,0.0,0.0,0.0,0.0,-0.0,2023-10-20,0.021197691210723933,False,0.0,0.0,-0.020974599279643742
0.0005125821947810139,0.009226479506055828,0.0,0.0,0.0,0.0,-0.0,2023-10-23,0.009739061700836844,False,0.0,0.0,-0.009691790622544218
-0.015169154999506579,-0.02174245549929256,0.0,0.0,0.0,0.0,-0.0,2023-10-24,-0.03691161049879914,False,0.0,0.0,0.03760130372312031
0.0010167521477695914,0.04677059879740111,0.0,0.0,0.0,0.0,-0.0,2023-10-25,0.047787350945170705,False,0.0,0.0,-0.04666350837184566
-0.005689479851432837,-0.007758381615590159,0.0,0.0,0.0,0.0,-0.0,2023-10-26,-0.013447861467022995,False,0.0,0.0,0.013538690652120799
0.01276698841378268,-0.016341745169641844,0.008820737438232052,-0.0002584394561573505,-0.00012893699531363954,0.0,-0.0,2023-10-27,0.004858604230901897,False,0.5,0.00848428443999999,0.00359634233233138
0.0,-0.010748926469907535,0.0,0.0,0.0,0.0,-0.0,2023-10-30,-0.010748926469907535,False,0.5,0.011085943700360309,0.022012652151541762
0.00348729911272319,0.00672550543168054,0.006195882103986601,-0.00025828593026078634,-0.00038807751096650697,0.0,-0.0,2023-10-31,0.01576232320716304,False,0.0,-0.004975807231285428,-0.0205367397568297
-0.005685505212247584,0.023775749069399412,-0.0028559705787481638,-0.0002609920793973314,-0.00013102979838560202,0.0,-0.0,2023-11-01,0.014842251400620732,False,0.5,-0.0032136466853781675,-0.01789894927013114
-0.0048894111834413,-0.008234797782637894,-0.00568125179377366,-0.0002470109475554146,-0.00012806035565060913,0.0,-0.0,2023-11-02,-0.019180532063058878,False,1.0,0.007054389333743523,0.026556662433006348
1.0722581618473825e-05,-2.4423658130968536e-05,0.002304831664966588,-0.0005005442504726113,-0.0007595356237407521,0.0,-0.0,2023-11-03,0.0010310507142407294,False,0.0,0.012710322882408764,0.011666705284469598
-0.008379641187583883,-0.02563184363260911,0.0,0.0,0.0,0.0,-0.0,2023-11-06,-0.03401148482019299,False,0.0,0.0,0.034596488814532284
0.005755814905288106,-0.02638081831590386,0.0,0.0,0.0,0.0,-0.0,2023-11-07,-0.020625003410615753,False,0.0,0.0,0.020839168645555486
0.011407272119810328,-0.009030757094849903,0.0,0.0,0.0,0.0,-0.0,2023-11-08,0.0023765150249604253,False,0.0,0.0,-0.0023736933488230118
0.00423265678691628,-0.02774741671422894,0.0,0.0,0.0,0.0,-0.0,2023-11-09,-0.02351475992731266,False,0.0,0.0,0.023793411751450937
-0.00325215053302619,0.002322964666447312,0.0,0.0,0.0,0.0,-0.0,2023-11-10,-0.0009291858665788782,False,0.0,0.0,0.0009296176935050049
-0.008774360885331274,-0.002309042338245105,0.0,0.0,0.0,0.0,-0.0,2023-11-13,-0.011083403223576378,False,0.0,0.0,0.011145051684819256
0.0,0.0055263464620048715,0.0,0.0,0.0,0.0,-0.0,2023-11-14,0.005526346462004872,False,0.0,0.0,-0.0055111043001441215
-0.010616584002078714,0.009693402784506693,0.0,0.0,0.0,0.0,-0.0,2023-11-15,-0.0009231812175720226,False,0.0,0.0,0.0009236074805148171
0.015945742872546464,0.016883727747402114,0.0,0.0,0.0,0.0,-0.0,2023-11-16,0.03282947061994858,False,0.0,0.0,-0.0322964325912847
0.008465096471415086,-0.02257359059044025,0.014149109570187236,-0.000803328965120446,-0.00021855415642267623,0.0,-0.0,2023-11-17,-0.0009812676703810502,False,1.0,0.013308458103817577,0.014303272943874346
0.001793621884549174,-0.00020695637129414203,-0.0024131310209891633,-0.0003368510209804264,-0.0002671011385544069,0.0,-0.0,2023-11-20,-0.0014304176672689656,False,0.5,-0.012225148567717547,-0.010811206946495287
-0.0016850385205184498,0.005055115561555163,-0.02073662816322329,-0.000950806094820322,-0.0002638491440774361,0.0,-8.353116136985353e-05,2023-11-21,-0.018664737522454185,False,1.0,-0.025021269420289077,-0.006652657924651613
-0.003765516239467186,-0.004769653903325208,0.0001257682996998327,-2.4342251554806335e-05,-2.2610422067939784e-05,0.0,-8.609037083029105e-05,2023-11-22,-0.0085424448875456,False,1.0,-0.02463237185698153,-0.016264658166914296
-0.0002446486596412832,0.003669729894619299,-0.004374503321366409,-0.0004192232349642687,-0.0003259584596108031,0.0,-8.253132270498025e-05,2023-11-23,-0.001777135103668447,False,1.0,0.0050202961989087224,0.0068079410198855226
-0.0005541788479463528,-0.0016625365438390593,0.006157515909372076,-0.0005607216586395139,-0.000432319692269123,0.0,-1.2449332013114113e-05,2023-11-24,0.002935309834664914,False,0.5,-0.02612516567980386,-0.028979598686584968
0.0,-0.006522549507614905,0.0044623420604075585,-0.000335189749237991,-8.764496322740646e-05,0.0,-0.0,2023-11-27,-0.0024830421596727433,False,1.0,0.010916747990558168,0.013430015879505772
0.0,-0.0014462864306848228,-0.0026476364213579326,-0.00034334459188587244,-0.00026597511717852296,0.0,-0.0,2023-11-28,-0.004703242561107151,False,0.5,0.005078066691413459,0.00981632649010448
0.0021841564671751046,-0.0012134202595417093,0.00015903257399777708,-0.0003673139451045141,-0.00028625842799266096,0.0,-0.0,2023-11-29,0.00047619640853399734,False,0.0,-0.0014687968108656536,-0.001944180586626816
0.0,-0.0063781968381356295,-0.0018204877502269437,-0.0003579610744828233,-9.675411701870603e-05,0.0,-0.0,2023-11-30,-0.008653399779864103,False,0.5,-0.0013741270026829,0.00730487920418723
0.0012066875974230933,-0.009653500779384186,-0.009744631801800765,-0.00047723814182114586,-0.00037343011700389714,0.0,-0.0,2023-12-01,-0.0190421132425869,False,0.0,-0.0022600113497007177,0.016921111467830013
-0.006209975149188722,0.01576378307101776,0.0,0.0,0.0,0.0,-0.0,2023-12-04,0.009553807921829038,False,0.0,0.0,-0.009508315290149973
0.005869892809700601,0.02641451764365266,-0.005439036454756547,-0.0003189558414826303,-8.508902493279171e-05,0.0,-0.0,2023-12-05,0.026441329132181286,False,0.5,-0.005733446319378281,-0.031678651059737356
0.0,0.007159407414308251,-0.0013868077977672395,-0.0002462653425681377,-8.97328298485466e-05,0.0,-0.0,2023-12-06,0.005436601444124329,False,1.0,-0.005014663017527981,-0.010409324138898536
-0.0008181364352331836,-0.014890083121243947,0.010382872075705048,-0.00032063726943291004,-8.454264790031907e-05,0.0,-0.0,2023-12-07,-0.005730527398105312,False,1.0,0.04209711530987383,0.04808602479647936
-5.459146618291463e-07,-8.18871992731573e-05,-0.04629745634822549,-0.0007077050866356997,-0.0005672125029196523,0.0,-0.0,2023-12-08,-0.04765480705171583,False,0.0,0.022269671586175044,0.0721651735131343
0.017836632043910675,-0.013720486187623534,-0.0034674277755872398,-0.00021014713791437251,-0.00017528372773438188,0.0,-0.0,2023-12-11,0.00026328721505114797,False,0.0,-0.005087057861944936,-0.005348971238964009
0.003573957866191106,-0.009828384132025648,0.0,0.0,0.0,0.0,-0.0,2023-12-12,-0.006254426265834542,False,0.0,0.0,0.006274026030246255
0.0035819817388966922,0.0071639634777933905,0.0,0.0,0.0,0.0,-0.0,2023-12-13,0.010745945216690082,False,0.0,0.0,-0.010688413808252669
-0.002733577720738644,0.02004623661874925,-0.006430358537743964,-0.000296128395031318,-8.574866713710703e-05,0.0,-0.0,2023-12-14,0.010500423298098215,False,0.5,-0.006730981643141846,-0.017106159575277224
-0.0006275182394333532,0.00941277359150032,-0.0019335723454044476,-0.0004611824592549571,-0.00012976294848978406,0.0,-0.0,2023-12-15,0.006260737598917778,False,1.0,-0.0066240684099549176,-0.01282390642408367
0.0012037635735958978,-0.0012037635735957805,-0.0032847548552893705,-0.0006342149629520275,-0.0001786118060785733,0.0,-8.240191889257618e-05,2023-12-18,-0.00417998354321243,False,1.0,-0.004171259571587286,-9.454242944073599e-17
-0.00023209070822283548,0.0030171792068968395,-0.0007636404161850761,-0.0002720903433481375,-0.000223164964425733,0.0,-8.207141244461762e-05,2023-12-19,0.0014441213622704398,False,1.0,0.007020565489604982,0.005567355137346776
0.0,-0.0018337052829134946,-0.004551796045052387,-0.000556665564891624,-0.0004502787369489202,0.0,-3.425392419913115e-05,2023-12-20,-0.007426699554005557,False,0.5,-0.016100501736714404,-0.008766174560491629
0.0017736526490282308,-0.004788862152376216,0.006346782570913215,-0.000329728943388116,-9.119491241079024e-05,0.0,-0.0,2023-12-21,0.0029106492117663228,False,1.0,0.010850738344716204,0.007912784191076173
0.00012602349183957797,0.00033606264490554247,0.005441851676029219,-0.00041230742503619726,-0.00033770076027656433,0.0,-0.0,2023-12-22,0.005153929627461577,False,0.0,-0.010151035642142422,-0.015239523428495227
0.002584728305339735,-0.017016128010152492,0.01380979120258128,-0.0006200274500698752,-0.00017373730500730946,0.0,-3.4313827375907764e-05,2023-12-25,-0.0014496870846845734,False,1.0,0.029925518927821984,0.031419671415905986
0.00037688714563662907,0.0033919843107296545,-0.01403182299550745,-0.0010870334996864624,-0.0009129664385369847,0.0,-3.393872358876455e-05,2023-12-26,-0.012296890200953377,False,0.0,0.005742734349583146,0.018186595917707285
-0.0004518099018880351,0.023945924800065913,0.0,0.0,0.0,0.0,-0.0,2023-12-27,0.023494114898177876,False,0.0,0.0,-0.02322027689994302
0.003629359786274959,-0.01996147882451217,-0.0004470984875619241,-0.0004422702101584156,-0.00012798540876776996,0.0,-0.0,2023-12-28,-0.017349473144725323,False,0.5,-0.001025178575811598,0.01645772934794872
0.0,0.0022676643212509273,0.006917251835217263,-0.0004462743119494931,-0.00038003827856995743,0.0,-0.0,2023-12-29,0.00835860356594874,False,0.0,0.0038583115873865722,-0.004497571668301336
0.0009075610366056489,0.003630244146423153,-0.003702559098579947,-0.00044637327379562264,-0.0001288575357735553,0.0,-0.0,2024-01-02,0.0002600152748796769,False,0.5,-0.004259016999476931,-0.004517891207798058
0.002808128009679674,0.0070203200241989614,0.0,0.0,0.0,0.0,-0.0,2024-01-03,0.009828448033878636,False,0.5,-0.009372620184696147,-0.019061259770679486
0.0011912097886760875,0.0019059356618816822,0.0021215793825975497,-0.00025470799474647607,-7.060616185284692e-05,0.0,-0.0,2024-01-04,0.004893410676555997,False,1.0,-0.0011386596772883638,-0.006014558806357871
-0.0003536785377900865,0.011199820363352738,-0.009460985328632735,-0.00043813237851914174,-0.0001196208355252474,0.0,-3.392754690278702e-05,2024-01-05,0.0007934757359827418,False,1.0,-0.04206232739155927,-0.04282212621052996
-0.0005197648726514543,-0.005613460624635692,0.00218945352499219,-0.00021215634932094583,-0.00016241909368646456,0.0,-0.00010500814302496567,2024-01-08,-0.004423355558327326,False,1.0,-0.03297756701855879,-0.028690608583802797
3.7514866023176843e-06,4.774619312030477e-06,0.0,0.0,0.0,0.0,-0.0,2024-01-09,8.526105914341553e-06,False,1.0,0.05007348503415798,0.05006453203457391
-1.7541305282473468e-06,-2.6729608049482527e-06,-0.0038557899178236488,-0.000926972724706366,-0.0007160111054902327,0.0,-0.0,2024-01-10,-0.005503200839353451,False,0.0,-0.030618522424812077,-0.02526911553417799
0.002773401699338487,-0.0036978689324512377,-0.001576881708088579,-0.00043262360977383275,-0.00011553545804101036,0.0,-0.0,2024-01-11,-0.003049508009016172,False,0.5,-0.002069570097936085,0.0009782715873562493
0.0037128836313413886,0.003712883631341441,0.0,0.0,0.0,0.0,-0.0,2024-01-12,0.00742576726268283,False,0.5,-0.007315590914315763,-0.014659732610454045
0.003224456086332132,-0.009177298091868593,0.0009100598278243254,-0.0004910770597903773,-0.00013006086071894925,0.0,-0.0,2024-01-15,-0.005663920098221461,False,1.0,0.006187136888830794,0.011902270186758587
-3.039993321868918e-06,1.243633631673726e-05,-0.005399772104005333,-0.00046729791135561053,-0.00036365028347960224,0.0,-0.0,2024-01-16,-0.006221323955845676,False,0.5,0.010357862223635488,0.016663219293034142
0.0032282696882650714,-0.0029976789962461144,0.0059709084996509764,-0.0005008526367124765,-0.00039850857449777715,0.0,-0.0,2024-01-17,0.00530213798045968,False,0.0,0.004831594462134252,-0.00048206198059382033
0.005631434321375365,-0.06006863276133842,0.0,0.0,0.0,0.0,-0.0,2024-01-18,-0.05443719843996305,False,0.0,0.0,0.055946159265219585
-0.0004491924953461327,-0.0327910521602677,0.0,0.0,0.0,0.0,-0.0,2024-01-19,-0.033240244655613836,False,0.0,0.0,0.03379887406402753
-0.019236747287883823,0.044289255383732615,0.0,0.0,0.0,0.0,-0.0,2024-01-22,0.025052508095848792,False,0.0,0.0,-0.02474129829352038
0.004014113730852533,-0.03211290984682037,0.0034639635012577966,-0.000412545961135415,-0.00012089531359568414,0.0,-0.0,2024-01-23,-0.025168273889441144,False,0.5,0.0029765451899173827,0.028540079192841215
0.00046638964494617394,0.0027983378696774005,-0.004220851864846851,-0.0004207379958575696,-0.00035700278035620325,0.0,-0.0,2024-01-24,-0.0017338651264370486,False,0.0,-0.007887935091419775,-0.006166254430851572
0.010472397889067118,-0.04145324164422413,0.0,0.0,0.0,0.0,-0.0,2024-01-25,-0.030980843755157007,False,0.0,0.0,0.031465744686914904
0.020008608873265755,0.04890993280131591,0.0,0.0,0.0,0.0,-0.0,2024-01-26,0.06891854167458168,False,0.0,0.0,-0.0665972895967612
0.005388606623397016,0.08719745263315383,-0.03397605730360625,-0.0010375716794577567,-0.00027644426246468793,0.0,-0.0,2024-01-29,0.05729598601102214,False,1.0,-0.033160766681482046,-0.08699966949922257
-7.065939949379291e-07,7.065939949379291e-07,0.0,0.0,0.0,0.0,-0.0,2024-01-30,0.0,False,1.0,-4.336808689942018e-17,-4.336808689942018e-17
-4.655227309150587e-07,1.960095709120627e-07,0.0,0.0,0.0,0.0,-0.0,2024-01-31,-2.6951316000299597e-07,False,1.0,-0.005546238440152798,-0.005545970421740926
-3.784708018271284e-07,2.3181336611911613e-06,0.0,0.0,0.0,0.0,-0.0,2024-02-01,1.939662859364033e-06,False,1.0,0.041575272930755434,0.04157325262784265
4.29737768816627e-07,-2.94031104979661e-07,0.004058870920595237,-0.0009695905121625072,-0.0007609748616366138,0.0,-0.0,2024-02-02,0.0023284412534599532,False,0.0,0.005258491789717914,0.0029205294073726892
0.009170323349087055,-0.0202712410874554,0.0,0.0,0.0,0.0,-0.0,2024-02-05,-0.011100917738368346,False,0.0,0.0,0.011162761554873253
0.019215171508858674,-0.11437602088606283,0.0,0.0,0.0,0.0,-0.0,2024-02-06,-0.09516084937720416,True,0.0,0.0,0.0998357487943238
-0.0038862861470912668,-0.01727238287596128,0.0,0.0,0.0,0.0,-0.0,2024-02-07,-0.021158669023052544,True,0.0,0.0,0.02138410079853275
0.005372921237588564,-0.07150118262329526,0.0,0.0,0.0,0.0,-0.0,2024-02-08,-0.0661282613857067,True,0.0,0.0,0.06836373819205144
-0.022870760437429968,-0.07242407471852817,0.0,0.0,0.0,0.0,-0.0,2024-02-19,-0.09529483515595814,True,0.0,0.0,0.09998312101629797
0.04107885370354037,0.012697100235639747,0.0,0.0,0.0,0.0,-0.0,2024-02-20,0.053775953939180124,True,0.0,0.0,-0.05235560128611679
0.03559859833049812,0.024127938868448703,-0.0010462280190664574,-0.00041849120762656807,-0.00013388789205597077,0.0,-0.0,2024-02-21,0.058127930080197836,True,0.5,-0.001550624399384439,-0.05793382550673533
-0.013326095877687804,0.0056534952208372015,-0.0015086106715386102,-0.0007926079086756856,-0.0002573715749254363,0.0,-8.121966668827992e-05,2024-02-22,-0.010312410478678615,True,1.0,0.005057760357537289,0.0154759545571977
0.014914859477619993,-0.0071668805282070315,0.02154149969942882,-0.0007693392749795862,-0.0007560143187369558,0.0,-7.925679590603983e-05,2024-02-23,0.0276848682592192,True,0.5,0.04456419671599249,0.01604220996878663
0.009889325618359434,-0.01443841540280478,0.0,0.0,0.0,0.0,-0.0,2024-02-26,-0.0045490897844453464,True,0.5,0.004498665399280679,0.009078629452152116
0.008981568315195265,-0.038410536837324705,-0.03185119468365196,-0.00037881829679934276,-0.00036546832122604477,0.0,-0.0,2024-02-27,-0.06202444982380678,True,0.0,-0.003522514463638089,0.06024044435512014
0.011069112220736454,0.05725402872794719,0.0,0.0,0.0,0.0,-0.0,2024-02-28,0.06832314094868365,True,0.0,0.0,-0.06604137546601616
0.0,-0.042186666437597206,0.017759165314052437,-0.0010753308537361538,-0.0003647157520425736,0.0,-7.105954586957328e-05,2024-02-29,-0.025938607275193072,True,1.0,0.016736105691282574,0.04345383662168062
0.0001624064918436537,0.013642145314866906,-0.02980323816315902,-0.00106507580306819,-0.0010794260754627464,0.0,-7.039344569419608e-05,2024-03-01,-0.01821358168067359,True,0.0,0.013550118031971863,0.03217963601621409
-0.012587365386064022,-0.02661328681624959,0.0,0.0,0.0,0.0,-0.0,2024-03-04,-0.03920065220231361,True,0.0,0.0,0.03997913682026192
0.020815531877038114,-0.020109920626969036,0.0,0.0,0.0,0.0,-0.0,2024-03-05,0.00070561125006908,True,0.0,0.0,-0.0007053623649931132
0.015512506847075032,-0.01762784868985799,0.0,0.0,0.0,0.0,-0.0,2024-03-06,-0.002115341842782961,True,0.0,0.0,0.0021175807567500125
-0.004890218531354235,-0.011526943681049333,0.0,0.0,0.0,0.0,-0.0,2024-03-07,-0.01641716221240357,True,0.0,0.0,0.016552664324428798
-0.024763718679470026,-0.07065914396542104,0.0,0.0,0.0,0.0,-0.0,2024-03-08,-0.09542286264489107,True,0.0,0.0,0.10012395810846755
0.03609432154658864,-0.025329348453746323,0.0,0.0,0.0,0.0,-0.0,2024-03-11,0.010764973092842316,True,0.0,0.0,-0.010707238127496719
0.022969827574949864,0.03806428569563121,0.0,0.0,0.0,0.0,-0.0,2024-03-12,0.061034113270581065,True,0.0,0.0,-0.059208854234318764
-0.021308660266414238,0.010823446484527877,-0.008181070924716814,-0.001000130919892013,-0.00039452963549211354,0.0,-8.262751946494666e-05,2024-03-13,-0.02014357278145225,True,1.0,-0.009662026840153187,0.010489195627319677
-0.01616794102473132,0.020422662347029087,-0.018272483286651257,-0.000676972331007377,-0.0007599193659368337,0.0,-8.34308762177343e-05,2024-03-14,-0.015538084537515436,True,0.5,-0.007175837377564654,0.008371221353295204
0.007006773587612512,-0.02770860464192218,0.0,0.0,0.0,0.0,-0.0,2024-03-15,-0.020701831054309672,True,0.5,0.021795464851206012,0.043168974000184365
-0.00029774470274238264,-0.023670703868019373,-0.004434218051551002,-0.0003167298608250073,-0.000393688882408346,0.0,-0.0,2024-03-18,-0.02911308536554611,True,0.0,0.021086737385009827,0.05125067490174892
0.012554404717895387,0.009798559779820798,0.0,0.0,0.0,0.0,-0.0,2024-03-19,0.022352964497716184,True,0.0,0.0,-0.022104988092659674
-0.0006171109226781245,-0.006479664688122025,0.0,0.0,0.0,0.0,-0.0,2024-03-20,-0.00709677561080015,True,0.0,0.0,0.007122017399274663
0.006846620194651031,0.01742776049547531,0.0,0.0,0.0,0.0,-0.0,2024-03-21,0.02427438069012634,True,0.0,0.0,-0.023982127442536257
-0.007209024264991428,0.003761230051299907,0.007571925761276933,-0.000680207172012674,-0.00027975950580627656,0.0,-1.3364420696513487e-05,2024-03-22,0.003150800449069948,True,1.0,0.006631902512033981,0.0034651977088084973
-0.0009135713258849724,-0.0034393273445081332,0.015780553490030824,-0.0003848915485373288,-0.0004536947617538714,0.0,-4.1964521916501926e-05,2024-03-25,0.010547103987430008,True,0.5,-0.04079299188026578,-0.05085668324927085
-0.03280828829011629,0.018226826827842307,-0.012196418712266477,-0.0006369283007959998,-0.0002640920835773756,0.0,-8.25726395265141e-05,2024-03-26,-0.027761473198440353,True,1.0,0.0009295120374952846,0.029106091926988674
-0.003085587358808205,-0.014399407674438347,-0.003426594909216005,-0.0006853189818432009,-0.0007802219544488639,0.0,-8.755776464915286e-05,2024-03-27,-0.022464688643403778,True,0.5,-0.05426843754735913,-0.03278243790061086
-0.0003287180341145486,-0.005916924614061865,-0.0024969495309881897,-0.0006534827528595951,-0.0002595852128711424,0.0,-8.281699922915413e-05,2024-03-28,-0.009738477144124496,True,1.0,0.002813426495524754,0.012627009246728842
-0.007801478247332708,0.003052752357651925,-0.013517067043295425,-0.0006776093520099035,-0.0007663215551986222,0.0,-8.484129780135294e-05,2024-03-29,-0.019794565137986084,True,0.5,-0.02860794687745249,-0.009188093929529089
-0.0003120827142552333,-0.024966617140418684,0.0244965802324635,-0.0006124145058115739,-0.00024696227361358056,0.0,-7.869397414983105e-05,2024-04-01,-0.0017201903757854062,True,1.0,0.05184172677520428,0.05365265191189597
-0.0015491863794209705,-0.014872189242441325,0.03294340030901065,-0.0009555012210838841,-0.001140450889679298,0.0,-8.090666084310783e-05,2024-04-02,0.014345165915542059,True,0.0,-0.019351285387364175,-0.033318433855373385
0.011945025341450363,0.02521727572083959,-0.003065228577071699,-0.00034058095300795987,-0.00013202961224306853,0.0,-0.0,2024-04-03,0.03362446191996723,True,0.5,-0.003466959630296853,-0.03641776586464827
0.005420775523241189,-0.012196744927292655,-0.012118446160605291,-0.0006634702621730677,-0.00026344137591290606,0.0,-8.328912065017104e-05,2024-04-08,-0.019904616323392903,True,1.0,-0.006475933105052771,0.01349790862772706
-0.002427504968504407,-0.0024275049685044173,-0.006702789909739005,-0.0006891688603385907,-0.0007732256237806056,0.0,-8.548690735728677e-05,2024-04-09,-0.013105681238224311,True,0.5,-0.022221491659549484,-0.009322699098809464
0.0006813098979387283,0.009878993520111531,0.0036843506685820464,-0.0006932006148598221,-0.0002646330657107436,0.0,-8.211530681130987e-05,2024-04-10,0.013204705099250433,True,1.0,-0.007822083959731952,-0.020837380057360307
0.00328878092656594,-0.009000874114812039,-0.0002916436678319164,-8.546334588480883e-06,-1.080894462202672e-05,0.0,-8.484940194915486e-05,2024-04-11,-0.006107941537237677,True,1.0,-0.01734723909178519,-0.01132688621177891
0.006264698256176303,0.01828614626127133,6.248072421815695e-05,-1.2093043397062705e-05,-1.0259879103574515e-05,0.0,-8.305339867821325e-05,2024-04-12,0.02450791892048694,True,1.0,0.07639951882893171,0.05033984523550544
-0.005395426761104695,0.009973364619011696,0.00042555197617756725,-0.0009811337228538119,-0.0011374574042893886,0.0,-0.0002436195517039944,2024-04-15,0.002641279155237373,True,0.0,0.011924154619679623,0.00925490710910785
0.01723983163090564,0.007293774920767732,0.0,0.0,0.0,0.0,-0.0,2024-04-16,0.024533606551673373,True,0.0,0.0,-0.024235103726021123
-0.007174270042135223,-0.03945848523174375,0.010831511775602872,-0.0003173369140045949,-0.00012601942065507146,0.0,-0.0,2024-04-17,-0.036244599832935764,True,0.5,0.010691813476935992,0.047995885712184445
0.008173379523318225,-0.003525771559078488,-0.005058728938957192,-0.00032636960896497075,-0.0003793785608530694,0.0,-0.0,2024-04-18,-0.001116869144535496,True,0.0,-0.010393540179244811,-0.009287661813281476
0.008865029584799077,0.022326741176531002,0.0,0.0,0.0,0.0,-0.0,2024-04-19,0.031191770761330083,True,0.0,0.0,-0.030710326167124345
0.07337723568579091,-0.030771098835976833,0.01692749710182338,-0.0010730521315872566,-0.00040064385880897116,0.0,-8.400234734302045e-05,2024-04-22,0.057975935613898195,True,1.0,0.015159113551827775,-0.04202210298421769
0.010692522107338684,0.0033414131585433274,-0.0003188299516608213,-2.0569674300697793e-05,-7.990084285363223e-06,0.0,-8.382266369481655e-05,2024-04-23,0.013602722891940311,True,1.0,0.04333978492321425,0.02924361345922602
0.008328056359795947,0.022534740738271424,-0.05435484824771774,-0.0006487018082960544,-0.0007332143263649083,0.0,-7.924596475056241e-05,2024-04-24,-0.024953213249061898,True,0.5,0.03770868475265509,0.06392862624827482
0.006892744850069814,-0.0017231862125174449,-0.003949409820829374,-0.00032911748506910964,-0.0003858244277465255,0.0,-0.0,2024-04-25,0.0005052069039073615,True,0.0,-0.009991405023486569,-0.01049143787993525
-0.027070484202814996,-0.03671628891876044,0.0,0.0,0.0,0.0,-0.0,2024-04-26,-0.06378677312157544,True,0.0,0.0,0.06586510344080221
-0.008093797285003743,-0.0029977026981495188,0.0,0.0,0.0,0.0,-0.0,2024-04-29,-0.011091499983153261,True,0.0,0.0,0.011153238716344271
0.0002982473356208486,0.0005964946712421018,0.0,0.0,0.0,0.0,-0.0,2024-04-30,0.0008947420068629504,True,0.0,0.0,-0.0008943418445897579
-0.02101230045887896,0.03301932929252387,0.0,0.0,0.0,0.0,-0.0,2024-05-06,0.012007028833644915,True,0.0,0.0,-0.011935232105360873
-0.009819872053078363,0.025777164139330812,-0.015968347402234902,-0.00030128957362706663,-0.00013183829162773466,0.0,-0.0,2024-05-07,-0.00044418318123725514,True,0.5,-0.01614033434015516,-0.015703223352483604
0.004734193570763247,-0.0017358709759465146,-0.011772714102653457,-0.0006222070244363081,-0.00026521539127239866,0.0,-8.313698682739971e-05,2024-05-08,-0.009744950910372831,True,1.0,-0.015470347136117505,-0.005829254307312059
-0.0036485316232871237,-0.0003172636194162035,-0.00022808390205412887,-1.8849909260671447e-05,-2.2983939410357575e-05,0.0,-8.438880291756381e-05,2024-05-09,-0.004320101796346049,True,1.0,-0.011992570106048577,-0.00771504441286436
-0.0038233808196172234,-0.008124684241686568,-4.086406362130872e-05,-1.1675446748945052e-05,-1.4183527301397902e-05,0.0,-8.409186574607023e-05,2024-05-10,-0.012098879964721514,True,1.0,-0.03507056302820194,-0.023325087323225527
0.0018649748591030833,0.005439510005717291,-0.00024221100171632458,-1.3456166762020157e-05,-5.639748613297007e-06,0.0,-0.00024395545628754265,2024-05-13,0.006799222491441187,True,1.0,0.02189063580369239,0.014966141274678237
0.00416720060969197,-0.011860494042970068,0.029366142187473198,-0.0006334968710036563,-0.0007772438193002672,0.0,-8.386749732564295e-05,2024-05-14,0.020178240566565534,True,0.5,0.005017051197111147,-0.015059191820174157
0.00434237907789754,-0.012062164105270945,-0.016273974208384633,-0.0006254468213957597,-0.00026344141395344547,0.0,-8.356717272377647e-05,2024-05-15,-0.024966214643831017,True,1.0,-0.009744691581859605,0.015289438405952182
0.011486250017059047,0.004346148655103441,0.005547754808201013,-0.0009126176740762339,-0.001143783730919928,0.0,-8.122215886218315e-05,2024-05-16,0.019242529916505158,True,0.0,0.05205138199804151,0.03200078261787023
0.01071691350094324,0.003674370343180679,0.0,0.0,0.0,0.0,-0.0,2024-05-17,0.01439128384412392,True,0.0,0.0,-0.014288224297513941
0.018547184524997255,-0.02280391539958687,0.009236772266049303,-0.00028862094767461425,-0.00011980343466573818,-0.01520261026639132,-0.0,2024-05-20,-0.010630993257271987,True,0.5,0.008954920548782823,0.019738331128829133
0.0,-0.000314692629253337,-5.3493208881863545e-05,-0.0002901326583424138,-0.0003588244302649253,0.0,-0.0,2024-05-21,-0.0010171429267425397,True,0.0,-0.00041235729456196295,0.0006048834577917604
0.007308469861129046,0.00761298943867609,0.0,0.0,0.0,0.0,-0.0,2024-05-22,0.014921459299805139,True,0.0,0.0,-0.01481068597694981
-0.01587020082973824,0.013733827641119717,0.009324244100313565,-0.0006821957359757344,-0.0002828767752763237,0.0,-1.537107120564954e-05,2024-05-23,0.006207427329237335,True,1.0,0.008387725997505386,0.0021476200079569817
0.0,-0.0031330721017130835,0.02922125374041914,-0.00037463145821042755,-0.0004666559296053298,0.0,-1.556713531265262e-05,2024-05-24,0.025231327115577646,True,0.5,-0.0030187661629624044,-0.027859229065694144
-0.003851985245352571,-0.010169241047730794,0.018939521657956863,-0.000540979126669306,-0.00022131860493330646,0.0,-5.825626142995351e-05,2024-05-27,0.004097741371840935,True,1.0,0.03288142891960673,0.028657607929476275
-0.003064235507713687,-0.009310561734976193,0.029215928667338006,-0.0008582643789920368,-0.0010358486679519538,0.0,-5.963174815328885e-05,2024-05-28,0.014887386629550848,True,0.0,-0.01762864752577873,-0.03214526430657014
-0.011039299508227397,0.011354708065605304,-0.01009345048278892,-0.0005741113856605243,-0.00023481216482821595,0.0,-0.0,2024-05-29,-0.010586965475899752,True,1.0,-0.010844103022349439,-0.0003163133506072363
0.00042644863300014314,-0.0005769599152354797,0.0010075496600047498,-0.0003822049467159593,-0.00015461130354717592,0.0,-8.228805671035379e-05,2024-05-30,0.00023793407079592379,True,1.0,0.0021368947647261004,0.001898480618408898
-0.004460611093258395,0.0061126892759467075,0.0021589238556293674,-0.0006413352620363714,-0.0007627389909992979,0.0,-8.193739670741885e-05,2024-05-31,0.0023249903885745908,True,0.5,0.005493185158030741,0.0031581386989049075
-0.000741489846462168,-0.031884063397873266,0.0,0.0,0.0,0.0,-0.0,2024-06-03,-0.03262555324433544,True,0.5,0.03493804424744929,0.06926031768632375
0.0028197862781675236,-0.0050756153007012585,-0.006598734363875524,-0.00030691787738960745,-0.00038674107894103596,0.0,-0.0,2024-06-04,-0.009548222342739901,True,0.0,-0.00483670913656858,0.004710839755514343
-0.00029574185170659064,0.01863173665751508,0.0,0.0,0.0,0.0,-0.0,2024-06-05,0.018335994805808487,True,0.0,0.0,-0.018168913213935906
-0.02389275403635763,-0.009734084977775554,-0.009464260071602762,-0.0002825152260180393,-0.00012788334220930567,0.0,-0.0,2024-06-06,-0.043501497653963286,True,0.5,-0.009991745882834949,0.03402556407539771
0.0050215797513371565,0.015360126298207764,0.014631974907831378,-0.0002955954526835078,-0.0003787641892504803,0.0,-0.0,2024-06-07,0.03433932131544231,True,0.0,-0.006289372614951465,-0.039833483961955976
0.002092358489565827,-0.00687489218000191,0.0074156167029027255,-0.0005533258271823974,-0.00023494519301574094,0.0,-0.0,2024-06-11,0.0018448119922685052,True,1.0,0.006665369322305498,0.004809972931744851
6.816195056530542e-05,-2.2720650188414863e-05,0.006613198729018738,-0.0002495546690196135,-0.000316734785919644,0.0,-0.0,2024-06-12,0.006092350574456372,True,0.5,0.005508921609559832,-0.0005983684802746904
-0.00662036430186581,-0.015399543049992215,0.0,0.0,0.0,0.0,-0.0,2024-06-13,-0.022019907351858027,True,0.5,0.023025810970582213,0.04580259557052539
0.0018759623335935036,-0.0372512520527853,-0.034708384390194295,-0.0002833337501239784,-0.00037241954783803386,0.0,-0.0,2024-06-14,-0.07073942740734811,True,0.0,0.0021141156331142322,0.07557059998380672
-0.011603934262967826,-0.006593144467595356,0.0,0.0,0.0,0.0,-0.0,2024-06-17,-0.018197078730563185,True,0.0,0.0,0.018363654430724345
0.009058438170566863,-0.028469377107495895,0.0,0.0,0.0,0.0,-0.0,2024-06-18,-0.01941093893692903,True,0.0,0.0,0.01960055610743263
-0.0025881251915905318,0.02199906412851956,0.0,0.0,0.0,0.0,-0.0,2024-06-19,0.019410938936929027,True,0.0,0.0,-0.01922375972632107
0.004491798697651639,0.011361608470530608,-0.005793414655837003,-0.0002676655371866045,-0.00013084495203445688,0.0,-0.0,2024-06-20,0.009661482023124182,True,0.5,-0.006124370612889467,-0.015680444885946065
0.007282210404079123,-0.0066201912764355655,0.0015343954135682793,-0.000534817109628992,-0.00025768240161505075,0.0,-7.985782578442697e-05,2024-06-21,0.0013240572041833673,True,1.0,-4.3445636717256395e-06,-0.001327519842216381
-0.0027098621454529673,0.00013549310727262138,-0.0007969164046401309,-1.547410494447096e-05,-7.636161307996338e-06,0.0,-0.0002459639177599906,2024-06-24,-0.0036403596268329346,True,1.0,-0.008666667577235306,-0.0050512810762796696
-0.009684397972721618,-0.010592310282664453,0.0006170322029051446,-2.1650252733517214e-05,-2.9716270891911745e-05,0.0,-8.944525095779257e-05,2024-06-25,-0.01980048782706416,True,1.0,-0.05470943741763083,-0.035805689032139876
0.010318623351001682,0.007067550240412153,-5.5902933135385274e-05,-6.987866641923004e-06,-1.2019410138773502e-05,0.0,-8.145299058099786e-05,2024-06-26,0.01722981039091675,True,1.0,0.05205842153723321,0.03408692177295494
-0.0044154390054177055,-0.005933246163530036,0.01752170026223715,-0.0007862640423541707,-0.0010898220431480342,0.0,-8.116416035133548e-05,2024-06-27,0.0052157648474358675,True,0.0,-0.01497529363721716,-0.020099575732480685
0.003568779721827388,-0.015039857399129794,-0.004893680393913163,-0.00022244001790517966,-0.00010687797980306403,0.0,-0.0,2024-06-28,-0.016694076068923813,True,0.5,-0.004452139419701165,0.012307113193162692
0.005233969513393033,-0.01831889329687569,0.0,0.0,0.0,0.0,-0.0,2024-07-01,-0.013084923783482654,True,0.5,0.012332475473739921,0.025665811362159396
0.004108726856721793,0.0038348117329402276,-0.002781523569019164,-0.000259856348678573,-0.00036176288714222357,0.0,-0.0,2024-07-02,0.004540395784822061,True,0.0,-0.010796347527340065,-0.015277542723078998
0.004538846943681942,-0.003737873953620553,0.00494500938899096,-0.00026406244512234726,-0.00012524774001258248,0.0,-0.0,2024-07-03,0.00535667219391742,True,0.5,0.004564257057796584,-0.0008024776130736966
-0.004851530987310678,-0.0014824122461226995,0.0,0.0,0.0,0.0,-0.0,2024-07-04,-0.0063339432334333775,True,0.5,0.006188876769726595,0.012582246242422053
0.0017252026125021069,-0.012209126180784163,-0.018229351067352288,-0.00025495595898398794,-0.00035507716407694455,0.0,-0.0,2024-07-05,-0.029323307758695277,True,0.0,-0.008615019970630014,0.02088608807869645
0.010538579669003626,-0.005140770570245744,0.0,0.0,0.0,0.0,-0.0,2024-07-08,0.005397809098757882,True,0.0,-5.544232329061857e-05,-0.005438410966415879
-0.002494685033859527,-0.0611197833295583,0.0,0.0,0.0,0.0,-0.0,2024-07-09,-0.06361446836341782,True,0.0,0.0006732655387917527,0.06639895223935348
0.001913228671929245,-0.02128466897521286,0.0,0.0,0.0,0.0,-0.0,2024-07-10,-0.019371440303283617,True,0.0,0.00021371692996044085,0.01977818136777455
0.0,0.0014218417412697718,0.0,0.0,0.0,0.0,-0.0,2024-07-11,0.0014218417412697718,True,0.0,-1.582750109583084e-05,-0.001436636416090079
0.04294017240495115,-0.02039058466156901,0.0,0.0,0.0,0.0,-0.0,2024-07-12,0.022549587743382133,True,0.0,-0.00024796810855018316,-0.02253968518462045
0.0307634318383176,-0.003199396911185093,0.00037998333852267335,-0.0002533222256817223,-0.0001288295510927223,0.0,-0.0,2024-07-15,0.027561866488880735,True,0.5,-0.00029766283522872437,-0.027475074646547432
0.0015819646807548322,-0.008639960948737941,0.027243794515310307,-0.000499791596782113,-0.000251053975247981,0.0,-7.841282836373509e-05,2024-07-16,0.019356539846933363,True,1.0,0.03446116696705492,0.014630127501438356
-0.005355744379974501,-0.04485435918228646,0.06468967700662308,-0.0005423187130757891,-0.0007898196673467845,0.0,-8.509893885690568e-05,2024-07-17,0.013062336125082633,True,0.5,-0.08130514754706808,-0.09322741267013393
0.007242083276179877,-0.011068089535293807,0.03689703382667041,-0.0005622921729802534,-0.0002554600557044967,0.0,-7.851923821800755e-05,2024-07-18,0.03217475610065371,True,1.0,0.04062562556812697,0.007676654812133676
-0.0059350040052693715,-0.007039190796947464,-0.0004356783662902574,-1.4706442743977203e-05,-9.802579410996472e-06,0.0,-8.419042361317712e-05,2024-07-19,-0.013518572614275241,True,1.0,-0.03865948624420236,-0.025575294164287832
-0.0041428567683059695,0.010505101091061819,-0.0003656344742261797,-1.4588906702293899e-05,-2.1602997738886144e-05,0.0,-0.00025062133338125465,2024-07-22,0.005709796610707233,True,1.0,0.017801282788115606,0.012006404006495682
0.009955878241835827,-0.014443034632522316,0.02767496779031931,-0.0005498518239051229,-0.0007604847053448771,0.0,-8.00318566322924e-05,2024-07-23,0.021797443013750528,True,0.5,0.013013186689574874,-0.008828993863123656
0.005824236963113554,0.0007102728003796795,-0.019778452286435197,-0.0005750135658479349,-0.00026654931476460515,0.0,-8.348027859796153e-05,2024-07-24,-0.014168985682152465,True,1.0,-0.02669365883166156,-0.012804731574732458
-0.0170471571362624,-0.0076473228274823325,0.0004392486696356719,-2.9283244642382426e-05,-3.9916185993656195e-05,0.0,-8.90091735759935e-05,2024-07-25,-0.024413439898321107,True,1.0,-0.06676976934545852,-0.04370602201231877
-0.0024530930311150623,0.004292912804451375,-0.0025816869506324457,-0.00029955451640925677,-0.00037937081730650245,0.0,-8.169253030714407e-05,2024-07-26,-0.0015024850413190363,True,1.0,0.0020316695525590825,0.003538338737508773
-2.7451950481646245e-05,0.00024314584712315112,0.0,0.0,0.0,0.0,-0.0,2024-07-29,0.000215693896641507,True,1.0,0.016379408792675382,0.01616020559877207
-0.00010844748234153904,-0.0004538727964665993,0.0038122313680876265,-0.00030497850944705775,-0.00038128413251065205,0.0,-0.0,2024-07-30,0.0025636484473217716,True,0.5,-0.03801786380783808,-0.04048088930291828
0.006259316530842813,-0.018050122088941828,0.011351708294720018,-0.00029942900838138297,-0.00012744988899344471,0.0,-0.0,2024-07-31,-0.0008659761607538279,True,1.0,0.02352246180274535,0.024409191742742815
0.000655965915127727,-0.00039271643603043516,0.006162098347277262,-0.000293433254632196,-0.0003845794921861252,0.0,-0.0,2024-08-01,0.005747335079556232,True,0.5,0.02381153786149643,0.017944226747260036
0.01937512463945412,0.013367334053576693,0.008813455716804969,-0.0003039122660967696,-0.00037498518864610155,0.0,-0.0,2024-08-02,0.04087701695509292,True,0.0,-0.023902644151011412,-0.06299809592957836
0.043104706989171085,0.018013907398459518,-0.02373773373035436,-0.0006767223601478644,-0.00027035745294802255,0.0,-0.0,2024-08-05,0.03643380084418037,True,1.0,-0.023666847297312624,-0.0585981705387113
0.0005744694656355386,-4.488042700277582e-05,0.0,0.0,0.0,0.0,-0.0,2024-08-06,0.0005295890386327606,True,1.0,0.039208033371667984,0.038657825893119516
-8.118334400400251e-05,0.00021791318653705997,0.002379105540387627,-0.00031721407205167985,-0.00038139282310918393,0.0,-0.0,2024-08-07,0.0018172284877598227,True,0.5,0.011930532572438526,0.010093293428265572
0.008017167363946198,0.0023579904011606237,0.0,0.0,0.0,0.0,-0.0,2024-08-08,0.010375157765106823,True,0.5,-0.010395173499903933,-0.0206094009644823
-0.009691053329611973,-0.014305840629427139,0.0019689156048041433,-0.00030291009304674163,-0.0001271919480703521,0.0,-0.0,2024-08-09,-0.022458080395352062,True,1.0,0.026425854295955318,0.04973820414488796
-0.00013419622516161196,0.00032654414789287997,-0.012720123110911355,-0.0006127462333442703,-0.000754525298813298,0.0,-0.0,2024-08-12,-0.013895046720337654,True,0.0,-0.0009188805258303473,0.013060294033223238
-0.005679419914384967,-0.00029891683759915755,0.0,0.0,0.0,0.0,-0.0,2024-08-13,-0.005978336751984125,True,0.0,0.0,0.005996242671899956
-0.013756355776792795,0.020634533665189123,0.0,0.0,0.0,0.0,-0.0,2024-08-14,0.00687817788839633,True,0.0,0.0,-0.0068545773634008655
0.004827403766566162,0.004223978295745409,-0.0013692043003134373,-0.00030828505441384707,-0.00013072665977915748,0.0,-0.0,2024-08-15,0.007243166047805128,True,0.5,-0.0017984429679046687,-0.009002461149104433
-0.0050912750941847825,-0.012800920236807489,-0.003867723944867599,-0.0002864980699902415,-0.00012674388118296315,0.0,-0.0,2024-08-16,-0.022173161227033077,True,1.0,0.01449948780894297,0.0372453908958513
-6.060722822878408e-05,-2.1645438653138854e-05,0.0012630969170459364,-0.0005958358968801675,-0.0007601383033080028,0.0,-0.0,2024-08-19,-0.000175129950024157,True,0.0,-0.00572090505204255,-0.005546761755425922
-0.012345969111206239,0.01499153392075019,0.0,0.0,0.0,0.0,-0.0,2024-08-20,0.0026455648095439492,True,0.0,0.0,-0.0026420683869803428
0.013229308321360525,-0.013817277580087625,0.0022605079750179697,-0.00029852223258126443,-0.0001294187002156441,0.0,-0.0,2024-08-21,0.0012445977834939603,True,0.5,0.0018347873901181312,0.0005886816453831295
0.0,-0.009922012765657474,-0.013018912323083862,-0.00028469857577814413,-0.0003595589684217613,0.0,-0.0,2024-08-22,-0.02358518263294124,True,0.0,-0.0034847786045657633,0.020297567960015306
0.006002400031486753,0.015434742938108774,0.0,0.0,0.0,0.0,-0.0,2024-08-23,0.021437142969595528,True,0.0,-0.0004236506772675708,-0.021623666038618147
-0.004970455379051015,0.0222208593416393,-0.004711291455771761,-0.000329647491141913,-0.00014200089687067626,0.0,-0.0,2024-08-26,0.012067464118803935,True,1.0,-0.0054570920971379454,-0.017386578858503334
0.0075717296445772155,0.0021253977949689975,-0.00227309716575516,-0.00027979549154027945,-0.00011742241071067295,0.0,-0.0,2024-08-27,0.007026812371540101,True,1.0,-0.01499566985450171,-0.021892849494352905
-5.3510691298031935e-05,0.0001313444240951668,0.0,0.0,0.0,0.0,-0.0,2024-08-28,7.783373279713485e-05,True,1.0,0.0049840541000452186,0.004905835483775942
-0.0006385980514200039,-0.00010136477006668491,0.0,0.0,0.0,0.0,-0.0,2024-08-29,-0.000739962821486688,True,1.0,-0.04525394555005067,-0.04454720751811009
-0.00010059137717255824,0.0009606476519979253,0.0,0.0,0.0,0.0,-0.0,2024-08-30,0.0008600562748253687,True,1.0,0.055515190224802925,0.05460777803098632
0.0007435853332627867,-0.0005986095764631237,0.02082001186786425,-0.0006034786048655122,-0.0007679989421241012,0.0,-0.0,2024-09-02,0.019593510077674296,True,0.0,0.029359511426346366,0.009387049737978728
0.006485696127652199,-0.04127261172142303,0.0,0.0,0.0,0.0,-0.0,2024-09-03,-0.03478691559377084,True,0.0,0.0,0.0353990578983625
0.04433314284260287,-0.004433314284260245,0.0,0.0,0.0,0.0,-0.0,2024-09-04,0.03989982855834263,True,0.0,0.0,-0.03911431236383352
0.0029834056779918412,-0.021480520881540316,0.0031234038884761415,-0.0002974670369976674,-0.00012792272459050236,0.0,-0.0,2024-09-05,-0.015799101076660504,True,0.5,0.0027268554326766495,0.018694846175553902
0.0041844918063099696,0.0356456709426391,0.0,0.0,0.0,0.0,-0.0,2024-09-06,0.039830162748949065,True,0.5,-0.038528067250908654,-0.07607101673908605
0.010206992746146464,0.001505949749431443,-0.0006297556499467327,-0.0003523516928604601,-0.0001376725081247122,0.0,-0.0,2024-09-09,0.010593162644646003,True,1.0,-0.012015028876220978,-0.022425676173308286
5.195400752295682e-05,0.00041043665943135444,0.0,0.0,0.0,0.0,-0.0,2024-09-10,0.00046239066695431125,True,1.0,0.02964271616862432,0.029166729040853906
0.0,7.011290003109979e-05,0.007222057447563101,-0.0003209803310027981,-0.00038372556610723326,0.0,-0.0,2024-09-11,0.00658746445048417,True,0.5,0.011096672898023975,0.004457999528627598
-0.015404219502333028,0.0027727595104199403,0.0,0.0,0.0,0.0,-0.0,2024-09-12,-0.01263145999191309,True,0.5,0.013116942441331717,0.02599525326942561
0.00275161630521177,-0.033453861394943066,-0.010896470092427285,-0.0003026797247896946,-0.0003822057956808792,0.0,-0.0,2024-09-13,-0.04228360070262917,True,0.0,0.021390296433693754,0.06550443576207245
0.015200907666977377,0.00087697544232566,0.0,0.0,0.0,0.0,-0.0,2024-09-18,0.01607788310930304,True,0.0,0.0,-0.015949323855679067
-0.0024016542187687085,0.0396272946096837,0.0,0.0,0.0,0.0,-0.0,2024-09-19,0.03722564039091499,True,0.0,0.0,-0.036541284380583294
-0.006747359681496238,0.007667454183518452,-0.0036489587358758554,-0.0006200255891041444,-0.0002602496308905611,0.0,-0.0,2024-09-20,-0.003609139453848347,True,1.0,-0.00451692195711366,-0.0009175933721456159
-3.539843751628564e-05,4.424804689535792e-05,0.0,0.0,0.0,0.0,-0.0,2024-09-23,8.849609379072278e-06,True,1.0,0.0006211458157915272,0.0006122907486966179
4.880827602193267e-05,0.0011022535668286516,0.0,0.0,0.0,0.0,-0.0,2024-09-24,0.0011510618428505759,True,1.0,0.08783757299356064,0.08658612505722729
0.00010608139049757137,-0.00048494349941746614,0.03351744131917195,-0.0005778869192959548,-0.000771663961074428,0.0,-0.0,2024-09-25,0.031789028329881674,True,0.0,0.003232475293123988,-0.02815773476357991
-0.011408213010458234,-0.013689855612549994,0.006648051995424715,-0.00028646276195240533,-0.00012823966157901208,0.0,-0.0,2024-09-26,-0.01886471905111493,True,0.5,0.006332362729916216,0.02549673694827675
-0.0002703147625469691,-0.02189549576630456,-0.02720122277432923,-0.00028334607056597355,-0.00037232807056645367,0.0,-0.0,2024-09-27,-0.05002270744431318,True,0.0,-0.0047177243187051625,0.04633524848872916
-0.018801937222855072,-0.07495018810754601,0.0,0.0,0.0,0.0,-0.0,2024-09-30,-0.09375212533040109,True,0.0,0.0,0.09828747452910411
-0.09424970923462188,0.0,0.0,0.0,0.0,0.0,-0.0,2024-10-08,-0.09424970923462188,True,0.0,0.0,0.09883410068354688
0.004030975041039598,-0.002239430578355364,0.0,0.0,0.0,0.0,-0.0,2024-10-09,0.001791544462684234,True,0.0,0.0,-0.0017899406048405369
0.0,0.053165797059474856,0.0,0.0,0.0,0.0,-0.0,2024-10-10,0.05316579705947486,True,0.0,0.0,-0.05177721310090627
0.021472575122906203,-0.022652386942846124,0.00286739670582094,-0.00035842458822762805,-0.00012931720193526844,0.0,-0.0,2024-10-11,0.0011998430957181228,True,0.5,0.00238389733129108,0.0011819151720167363
0.0,-0.00999842967519634,0.0,0.0,0.0,0.0,-0.0,2024-10-14,-0.00999842967519634,True,0.5,0.010388079779456636,0.020541046218915584
0.003569377936043244,0.009902145241926416,0.007694556931729271,-0.0003606823561748229,-0.0003851366199234613,0.0,-0.0,2024-10-15,0.020420261133600646,True,0.0,-0.006996397217138273,-0.027068157333892257
0.04281479983110373,0.007381862039845378,-0.01781245568555812,-0.0009350838559005119,-0.00040174144439016106,0.0,-8.396158316006359e-05,2024-10-16,0.030963419301940246,True,1.0,-0.018586527227817895,-0.04850880548417287
0.006368230795750994,0.003948303093365645,-0.00011581054117388732,-1.4680209444575488e-05,-8.35422990206385e-06,0.0,-8.390496728436627e-05,2024-10-17,0.010093783941311742,True,1.0,0.030593062639741445,0.020242803451443192
-0.00024167045019516065,0.034317203927712855,-0.03332976252349194,-0.0006970593246585186,-0.0007357652217660723,0.0,-7.813153752441251e-05,2024-10-18,-0.0007651851299232681,True,0.5,0.06825891184163285,0.0690766404928853
-0.009517816718239326,0.013548892034199617,0.002722349026634469,-0.00035508900347407953,-0.00038654042014177564,0.0,-0.0,2024-10-21,0.006011794918978906,True,0.0,-0.0022683505480609895,-0.008248514837010217
-0.006431056841067785,-0.0052826538337345415,0.0,0.0,0.0,0.0,-0.0,2024-10-22,-0.011713710674802326,True,0.0,0.0,0.011782584845010085
0.018126995165007296,0.01719740566936594,0.0,0.0,0.0,0.0,-0.0,2024-10-23,0.035324400834373236,True,0.0,0.0,-0.034707776142458256
0.006492529521107565,-0.01970946461764763,0.02786369945127049,-0.0010634714944841987,-0.0003831770931976938,0.0,-8.118958091489571e-05,2024-10-24,0.013118926186133636,True,1.0,0.026866804580555174,0.013483394698248977
0.011574111676957724,0.010338041497865172,0.0013173421401801275,-0.0006586710700900637,-0.0007393714495974704,0.0,-7.632445154533245e-05,2024-10-25,0.021755128343770157,True,0.5,0.06850822592602022,0.045513723418030394
0.0035711435737321535,0.022809239599966617,0.0019862099353683146,-0.00035050763565317334,-0.00037409446281513534,0.0,-0.0,2024-10-28,0.027641991010598773,True,0.0,-0.024527935618593545,-0.05112266664249729
-0.00023711063393245648,0.016597744375272023,0.0023528504415194092,-0.0011033018980800237,-0.00039667303484274344,0.0,-8.386944741058092e-05,2024-10-29,0.017129639802525628,True,1.0,0.0007630388942424177,-0.016233682033458607
-0.00430421223913097,0.0006329723881074411,3.8722875265688757e-05,-6.453812544281714e-06,-8.101313126974335e-06,0.0,-8.390604652182337e-05,2024-10-30,-0.003730978147950921,True,1.0,-0.010633638524920892,-0.00693543959020433
-0.001639611191566201,-0.00012612393781286213,-8.947411628289426e-05,-8.658785446732166e-06,-9.573817030124303e-06,0.0,-8.298026140975994e-05,2024-10-31,-0.001956422109548574,True,1.0,-0.005319446150130316,-0.003371526267196548
-0.007383377464544393,-0.011398898541752888,0.00015866054989935882,-6.799737852828353e-06,-8.411857479299979e-06,0.0,-8.488824732847005e-05,2024-11-01,-0.01872371529905851,True,1.0,-0.05293709572065456,-0.03503750907815713
-0.00012770961493510627,0.01749621724610347,3.436728857431858e-05,-2.1936567175097854e-06,-3.6855918998442838e-06,0.0,-0.0002426910387100307,2024-11-04,0.017154304632415303,True,1.0,0.05194753606777165,0.034056004709551606
-0.0007316082979589555,0.009632842589792905,-0.020596026016931397,-0.0010846809939951167,-0.0011241587335437293,0.0,-7.971414802564819e-05,2024-11-05,-0.013983345600661943,True,0.0,0.00354650838054179,0.01767801866455486
0.0,0.02725738567165923,0.0,0.0,0.0,0.0,-0.0,2024-11-06,0.02725738567165923,True,0.0,0.0,-0.02688925547402803
0.009004985108948772,-0.016062946410557357,0.003966764475759951,-0.0011022385248032284,-0.00038776491021859616,0.0,-8.161906940785044e-05,2024-11-07,-0.00466281933027831,True,1.0,0.002406512114931243,0.007091466636361158
0.0023835627720001514,-0.0068997869715793515,0.023772364893023486,-0.0007350494783219621,-0.0007681310863178214,0.0,-8.181746030132266e-05,2024-11-08,0.01767114266850318,True,0.5,0.008931149046227443,-0.0087412119494781
0.002378848353585677,-0.012726838691683375,0.03299006925048326,-0.0005790644429623016,-0.0002613674540320126,0.0,-7.96283567050713e-05,2024-11-11,0.021722018658686174,True,1.0,0.04373851734398781,0.02131087844993268
0.0008237398766393,-0.0044717307588990896,0.016150714524672916,-0.001074244773429984,-0.0011237025088931543,0.0,-7.762722941108314e-05,2024-11-12,0.010227149130678905,True,0.0,0.0027681120459915535,-0.0074350832463716526
0.00872975464723005,-0.04695192364321032,0.009562679073374877,-0.0003498541124405574,-0.00012643727623601266,0.0,-0.0,2024-11-13,-0.029135781311281958,True,0.5,0.009305852615289226,0.039145354970079024
0.0033908381188818525,0.014031054285028897,0.0066635662685306804,-0.0003634672510106939,-0.00038230939330316434,0.0,-0.0,2024-11-14,0.023339682028127577,True,0.0,-0.011851756888634624,-0.03464776210616233
0.006982572299752615,0.043142321709185714,-0.019752674754540917,-0.0003825566446973861,-0.00013450615116230647,0.0,-0.0,2024-11-15,0.02985515645853772,True,0.5,-0.019579149764162054,-0.04841714424143378
0.0,0.016533696636855014,-0.04136692959545368,-0.0005386642089358397,-0.00027524491492445717,0.0,-8.637026517978257e-05,2024-11-18,-0.02573351234763875,True,1.0,-0.05599683276859513,-0.03138905123590661
0.0031975313606502883,0.013624264058423175,-0.0006967656920078681,-1.4219708000157688e-05,-2.0511644396071545e-05,0.0,-8.414621047079928e-05,2024-11-19,0.016006152164198564,True,1.0,0.04826739002725147,0.03162223051999121
0.0024054618440459067,-0.003038478118794855,0.008241092109827134,-0.0005026601543153835,-0.0007491044592539116,0.0,-7.894420513570302e-05,2024-11-20,0.006277367016373187,True,0.5,0.0050224852849240385,-0.001266649459305381
0.0036848153156687157,0.0022871267476564723,0.0,0.0,0.0,0.0,-0.0,2024-11-21,0.005971942063325187,True,0.5,-0.006003203900074302,-0.01192160541251979
0.0008118876171541272,0.023544740897469718,-0.03665762437850232,-0.0005573717458099187,-0.00027817864226179856,0.0,-8.622197468342585e-05,2024-11-22,-0.013222768226633617,True,1.0,-0.05873684124731425,-0.04620808679580858
0.0,-0.015988551429528822,-0.003586460226548593,-0.00031186610665633193,-0.000418929741071534,0.0,-0.00027072167683612065,2024-11-25,-0.020576529180641404,True,1.0,-0.047787632041869484,-0.027991436428261362
-6.8745791433910095e-06,0.00036435269459972287,0.0,0.0,0.0,0.0,-0.0,2024-11-26,0.00035747811545633335,True,1.0,0.029165358731473166,0.028797520389536722
-4.9104339489748104e-05,0.000412476451713879,-0.018201913451622937,-0.00026553520818736845,-0.0003668749951633144,0.0,-0.0,2024-11-27,-0.01847095154274949,True,0.5,0.011027303131297711,0.02987547541862508
0.0,0.012157989364978828,0.004824223016690286,-0.0002756698866679604,-0.0003889536698953694,0.0,-0.0,2024-11-28,0.016317588825105783,True,0.0,-0.00878436949627265,-0.024827371069414687
0.0,-0.013810506115573455,0.004543017554067645,-0.0002497827045722068,-0.00012006833588937769,0.0,-0.0,2024-11-29,-0.009637339601967394,True,0.5,0.004210998530627701,0.013935705841186696
-0.0091454829448749,-0.0015014971999048263,0.004087945869452605,-0.0002468024399779196,-0.00036023984160644853,0.0,-0.0,2024-12-02,-0.007166076556911488,True,0.0,0.013328585633725435,0.020616256673235293
0.002589384233343869,-0.0028483226566782417,0.0,0.0,0.0,0.0,-0.0,2024-12-03,-0.0002589384233343724,True,0.0,0.0,0.0002589719507816975
0.0020877692321889575,0.013831471163251874,0.0,0.0,0.0,0.0,-0.0,2024-12-04,0.01591924039544083,True,0.0,0.0,-0.015793199002129797
-0.0015681033291789718,-0.02221479716336862,-0.009823804399433408,-0.0005115477317452793,-0.0002581183204464368,0.0,-0.0,2024-12-05,-0.034376370944172716,True,1.0,-0.010662738147595484,0.023938410127292302
-3.296796537527656e-06,4.285835498841034e-05,0.003993968053179864,-0.0005181282308021192,-0.00076125390611156,0.0,-0.0,2024-12-06,0.002754147474717068,True,0.0,0.005849359502954226,0.0030829133785370915
-0.0010318973321766097,0.015478459982649182,0.0,0.0,0.0,0.0,-0.0,2024-12-09,0.014446562650472573,True,0.0,0.0,-0.014342711761863716
-0.019128311896931274,0.05419688370797191,-0.008834359515031934,-0.0005521474696895817,-0.0002655111537495876,0.0,-0.0,2024-12-10,0.025416553672569536,True,1.0,-0.009440419371914,-0.03429977232955616
-0.00010516655034651554,0.00015424427384155614,0.0,0.0,0.0,0.0,-0.0,2024-12-11,4.907772349504059e-05,True,1.0,0.0038163278926471728,0.0037670640813547932
3.4568671022980965e-06,0.00012790408277990785,0.0,0.0,0.0,0.0,-0.0,2024-12-12,0.00013136094988220465,True,1.0,0.01031922274246013,0.010186514966177035
-0.00012070043530582695,0.00036545409578708803,0.002765335420086644,-0.0002633652781034365,-0.000381200170832552,0.0,-0.0,2024-12-13,0.0023655236316319182,True,0.5,0.021785704954578967,0.01937150327437093
-0.001037420984038903,0.0023341972140878357,-0.00913768077262751,-0.00026486031225002093,-0.0003732994212914988,0.0,-0.0,2024-12-16,-0.008479064276120097,True,0.0,-0.011024441624071782,-0.0026032026371215575
0.0,-0.033619440412823026,0.0,0.0,0.0,0.0,-0.0,2024-12-17,-0.033619440412823026,True,0.0,0.0,0.03419096054494711
-0.000252977901833909,0.005059558036678073,0.0,0.0,0.0,0.0,-0.0,2024-12-18,0.004806580134844164,True,0.0,0.0,-0.004795047014236369
0.014619243131355727,-0.026717927102132995,0.0,0.0,0.0,0.0,-0.0,2024-12-19,-0.01209868397077727,True,0.0,0.0,0.012172169106465004
0.002515787057453339,0.005786310232142299,0.0,0.0,0.0,0.0,-0.0,2024-12-20,0.008302097289595637,True,0.0,0.0,-0.008267730052370678
-0.0002564812481628605,0.023339793582820217,-0.007005344981818764,-0.00026099379387419896,-0.00013139697853997622,0.0,-0.0,2024-12-23,0.01568557658042442,True,0.5,-0.0072865357351342905,-0.02273633254817266
-0.004408084249498552,-0.009571840084625116,0.006090032226427231,-0.00025423838949100065,-0.00013053887642095475,0.0,-0.0,2024-12-24,-0.008274669373608393,True,1.0,0.020216888998175,0.028693870184010907
6.5943296974619245e-06,-0.00023080153940653153,0.017445814107545504,-0.0005138526012492756,-0.0007665872862572976,0.0,-0.0,2024-12-25,0.015941167010329865,True,0.0,-0.001293587257423322,-0.017087908549751233
0.004677522102805801,-0.06671623630843883,0.012986487757696407,-0.00036073577104713667,-0.00012527391366410457,0.0,-0.0,2024-12-26,-0.04953823613264787,True,0.5,0.01298164402556224,0.06442669623665002
0.0,0.0011711290116341725,0.0009878684040569925,-0.00037045065152139416,-0.0003854316758689048,0.0,-0.0,2024-12-27,0.0014031150883008663,True,0.0,-0.0010011429092010395,-0.0024018703580666774
0.0053121998497755885,0.0004829272590703891,0.0,0.0,0.0,0.0,-0.0,2024-12-30,0.005795127108845978,True,0.0,0.0,-0.005778367749576224
-0.004174175297543011,0.031920164040033915,0.0,0.0,0.0,0.0,-0.0,2024-12-31,0.027745988742490905,True,0.0,0.0,-0.02736460423417397
0.013282274881926917,0.012260561429471102,-0.025490062568338398,-0.000516801151692364,-0.0002664285232349957,0.0,-0.0,2025-01-02,-0.0007304559318677371,True,1.0,-0.02560979099337129,-0.024897781871263805
-1.8790303336698338e-05,0.00012840040613437605,0.0,0.0,0.0,0.0,-0.0,2025-01-03,0.00010961010279767792,True,1.0,0.009047324088110284,0.00893672836850409
0.00011836612884975557,0.00015175144724327737,0.0,0.0,0.0,0.0,-0.0,2025-01-06,0.00027011757609303466,True,1.0,0.022799775721109403,0.022523536835031895
5.698198172038654e-06,0.000678085582477038,-0.03309700915453134,-0.0007213530668062444,-0.0007471172483244406,0.0,-0.0,2025-01-07,-0.03388169568901295,True,0.0,0.024106745232601316,0.059399735294415744
0.013578636156634058,-0.009364576659747593,0.0,0.0,0.0,0.0,-0.0,2025-01-08,0.004214059496886464,True,0.0,0.0,-0.004205192807456333
-0.029286673681068118,0.01069196023277092,0.0,0.0,0.0,0.0,-0.0,2025-01-09,-0.0185947134482972,True,0.0,0.0,0.01876867169413054
0.01885140729859443,0.0023273342343944226,0.0,0.0,0.0,0.0,-0.0,2025-01-10,0.021178741532988855,True,0.0,0.0,-0.02095604688802527
0.026498132966888792,0.006504087182781697,-0.014714407143176799,-0.0003659653873726236,-0.00013278706882883536,0.0,-0.0,2025-01-13,0.017789060550292234,True,0.5,-0.014854656420755523,-0.03222451182761044
0.0,-0.013112162607297398,0.02766912938383622,-0.0007161714785373121,-0.0002520648760672234,0.0,-7.852476075124933e-05,2025-01-14,0.013510205661183043,True,1.0,0.04094710883728008,0.026978272710868403
-0.0031274113770319656,-0.03515210387783932,0.0497294832073176,-0.0007564933394227944,-0.0007785022523110386,0.0,-8.368720880821058e-05,2025-01-15,0.009831285151904276,True,0.5,-0.06325451158318099,-0.07241880140754599
-0.0033070494340637392,-0.003434243643066231,0.007556137800465423,-0.000260556475878067,-0.0001309166013049608,0.0,-0.0,2025-01-16,0.0004233716461524272,True,1.0,0.013951589363718325,0.013522401869529256
-0.0001351878939097238,0.00028507012411397925,0.0,0.0,0.0,0.0,-0.0,2025-01-17,0.00014988223020425545,True,1.0,0.012990332867114393,0.012838514994533794
8.165230290413973e-05,0.000306900035053487,-0.00705896626656509,-0.00036809497078915064,-0.00037761591704528713,0.0,-0.0,2025-01-20,-0.007416124816441903,True,0.5,0.026657041676540448,0.034299160870543445
-0.0023430300882206203,-0.007731999291128499,-0.006562835347207353,-0.00036101095528953876,-0.00037848770880353176,0.0,-0.0,2025-01-21,-0.01737736339064954,True,0.0,0.0030827461706379997,0.02066601249594125
-0.007681957937363361,-0.07410830010162417,0.0,0.0,0.0,0.0,-0.0,2025-01-22,-0.08179025803898753,True,0.0,0.0,0.08522816807325174
-0.0032752102104844625,0.016157703705057133,0.0,0.0,0.0,0.0,-0.0,2025-01-23,0.01288249349457267,True,0.0,0.0,-0.012799869357456785
0.009041983685540279,-0.0019848256870698927,0.0,0.0,0.0,0.0,-0.0,2025-01-24,0.007057157998470387,True,0.0,0.0,-0.0070323147342623415
0.045156453148705866,0.025443483753839403,0.0,0.0,0.0,0.0,-0.0,2025-01-27,0.07059993690254526,True,0.0,0.0,-0.06816538979227861
0.021011800068939924,0.08279649789070329,0.00038280789002812486,-0.0007656157800565219,-0.00037274004252045947,0.0,-6.259583165521577e-05,2025-02-05,0.10299015419543914,True,1.0,-0.0007768193230199218,-0.09856494087357734
0.0007919567987970681,0.004949729992480529,-0.009759267203671712,-0.0001932528159142519,-0.00027164002310544477,0.0,-5.8727826490081664e-05,2025-02-06,-0.004541201077903893,True,1.0,0.010681423224202742,0.015281567978383545
1.7285921376284142e-05,0.0003560899803519439,0.0,0.0,0.0,0.0,-2.7276809119042542e-08,2025-02-07,0.00037334862491910856,True,1.0,0.02841092055205793,0.028027036414784524
3.3673496131598526e-05,-3.367349613174772e-06,-0.006934927261466855,-0.00025684915783205506,-0.00037703915274806194,0.0,-8.19602214124318e-08,2025-02-10,-0.0075385913857499605,True,0.5,-0.005255398668155881,0.0022719114236956395
0.0014722977208435632,-0.0063799567903221445,0.0,0.0,0.0,0.0,-0.0,2025-02-11,-0.004907659069478581,True,0.5,0.005129538490603439,0.010074495743346736
0.0025558276486074005,-0.003772888433658408,-0.002137811388385272,-0.00025504183334260126,-0.0003828406254355415,0.0,-0.0,2025-02-12,-0.003992754632214423,True,0.0,-0.0015012271335393442,0.0024935031489760314
0.003550667291966964,0.03550667291966828,0.0,0.0,0.0,0.0,-0.0,2025-02-13,0.03905734021163525,True,0.0,0.0,-0.03830443626179628
-0.005419626768655479,-0.010839253537311003,-0.011034370427440498,-0.0005073273759743117,-0.0002587648647525603,0.0,-0.0,2025-02-14,-0.028059342974133848,True,1.0,-0.011826049498445278,0.016294134280543243
-2.1292690362100062e-05,0.00048707029203011546,-0.010274319617101601,-0.0002475739666771862,-0.0003733019299144701,0.0,-0.0,2025-02-17,-0.010429417912025243,True,0.5,0.03369852265550423,0.04453581161782626
0.001521035114226222,-0.015093348441167886,-0.004152621109523416,-0.0003664077449579663,-0.00038354585654878573,0.0,-0.0,2025-02-18,-0.01847488803797183,True,0.0,0.009439580042878986,0.028262200793377157
0.000710408650198916,-0.0018944230671969077,0.0,0.0,0.0,0.0,-0.0,2025-02-19,-0.0011840144169979916,True,0.0,0.0,0.0011847156387927507
0.0,-0.01409989265115844,0.0,0.0,0.0,0.0,-0.0,2025-02-20,-0.01409989265115844,True,0.0,0.0,0.014199764981871785
0.00046588361341518643,-0.003960010714028091,0.0,0.0,0.0,0.0,-0.0,2025-02-21,-0.003494127100612905,True,0.0,0.0,0.0035002386788477594
0.011738848373866283,0.048153235166267766,0.0,0.0,0.0,0.0,-0.0,2025-02-24,0.05989208354013405,True,0.0,0.0,-0.05813382903718516
0.013533447454051788,0.014285305645943696,-0.0010419075264953535,-0.0007811013441362285,-0.0003952738456865965,0.0,-8.310656939044477e-05,2025-02-25,0.025517363814286858,True,1.0,-0.002267123232654633,-0.027404551610686483
0.0009065337661404527,0.007122765305390261,-0.003942687434428028,-0.00025181047968307656,-0.0003747797115895144,0.0,-8.066063237845348e-05,2025-02-26,0.003379360813451639,True,1.0,0.019176702069272078,0.01573834924989454
2.272203714165829e-05,-0.00045444074283316756,0.014219948267772684,-0.0002609164819775204,-0.00038717396760638205,0.0,-0.0,2025-02-27,0.01314013911249727,True,0.5,-0.025262086924107495,-0.0379864953656711
0.0150032841170496,0.025422231420556354,-0.01287065406227057,-0.0003003734733664579,-0.00014036773740175171,0.0,-0.0,2025-02-28,0.027114120264567172,True,1.0,-0.05018846449947083,-0.0755957638667509
-0.000103518860331499,-0.0007284660541845133,0.0,0.0,0.0,0.0,-0.0,2025-03-03,-0.0008319849145160124,True,1.0,-0.06176301005358912,-0.060982086218333856
-0.0006078732612964193,0.0008918140609809392,0.0,0.0,0.0,0.0,-0.0,2025-03-04,0.0002839407996845199,True,1.0,0.021538453517474097,0.02124843824760616
-3.884462070745156e-06,0.00010876493798086414,0.0,0.0,0.0,0.0,-0.0,2025-03-05,0.00010488047591011851,True,1.0,0.00801798451976238,0.007912268657681857
4.927000161973982e-05,0.00021224000697734076,-0.005953757808782554,-0.0002904272101844544,-0.00037677702831657143,0.0,-0.0,2025-03-06,-0.006359452038686498,True,0.5,0.013595061147285698,0.02006151006785132
0.008155406431152987,0.009156947571820909,0.010811307483434047,-0.000296200205025635,-0.0003834785574384287,0.0,-0.0,2025-03-07,0.027443982723943883,True,0.0,-0.007624009115298191,-0.034488439081561115
-0.00322334572687001,-0.009377005750894583,0.0030198348208284424,-0.0005870727833499316,-0.0002572509434123513,0.0,-0.0,2025-03-10,-0.010424840383698434,True,1.0,0.0021916832505063776,0.012694019055859667
-0.00019918404694772927,0.0004472904913913936,-0.002021228869380543,-0.00028874698134001895,-0.00037679171089029256,0.0,-0.0,2025-03-11,-0.002438661117167191,True,0.5,0.0182110598948823,0.02069716176361321
-0.0008330851597028886,-0.011385497182606147,-0.015252032687579534,-0.00028737208309259605,-0.00037454457576723867,0.0,-0.0,2025-03-12,-0.0281325316887484,True,0.0,-0.00330504323596028,0.025132645778823865
-0.00478157529997342,0.023907876499867673,0.0,0.0,0.0,0.0,-0.0,2025-03-13,0.019126301199894252,True,0.0,0.0,-0.018944554062402995
-0.00027832062998425674,-0.02950198677834668,0.010521142370031818,-0.00027881437301725343,-0.00012698846631750896,0.0,-0.0,2025-03-14,-0.01966496787763388,True,0.5,0.010320886147781682,0.030385451845148553
-0.006591197856921832,0.004977026953185887,0.00014047289315892217,-0.00028094578631784433,-0.0003830527228972779,0.0,-0.0,2025-03-17,-0.002137696519792145,True,0.0,0.0011647472062454797,0.0033072227674815786
-0.0008150460755114554,-0.02119119796329787,0.0,0.0,0.0,0.0,-0.0,2025-03-18,-0.02200624403880933,True,0.0,0.0,0.022250167420228735
0.013731195641410005,0.029934006498273904,0.0,0.0,0.0,0.0,-0.0,2025-03-19,0.04366520213968391,True,0.0,0.0,-0.04272560275128787
0.0002834606492403878,0.014173032462019392,-0.004299045800014095,-0.0005805382443672248,-0.00026239479416790494,0.0,-0.0,2025-03-20,0.009314514272710555,True,1.0,-0.0050920438834420245,-0.014316102736817478
-0.0001006631059506319,-0.00010066310595063278,0.0,0.0,0.0,0.0,-0.0,2025-03-21,-0.00020132621190126557,True,1.0,-0.013868229685780904,-0.013669675525620244
-4.629662093700539e-05,0.0001978128349126594,0.0,0.0,0.0,0.0,-0.0,2025-03-24,0.000151516213975654,True,1.0,0.010547446677457101,0.01039434395335922
5.901321803329014e-05,-0.0002697747110092732,0.005775344322537376,-0.0002941147571662138,-0.000383938473513035,0.0,-0.0,2025-03-25,0.004886529598882144,True,0.5,-0.009459575476255888,-0.014288073671932933
0.0023368679833352113,0.0061342784562551395,-0.003744988406371801,-0.0003034744266910006,-0.0001328211964058113,0.0,-0.0,2025-03-26,0.004289862410121739,True,1.0,-0.012587620409248509,-0.016814411002597535
-0.00012938644567052617,-4.9077617323302866e-05,0.0,0.0,0.0,0.0,-0.0,2025-03-27,-0.0001784640629938286,True,1.0,-0.011970805897713759,-0.011794462458362447
0.0,-0.0002199056070341637,0.0,0.0,0.0,0.0,-0.0,2025-03-28,-0.00021990560703416366,True,1.0,-0.01453901075292447,-0.014322278526433092
-0.0001520996451621806,0.0002811538895421881,0.0,0.0,0.0,0.0,-0.0,2025-03-31,0.00012905424438000752,True,1.0,0.008606215465060981,0.008476058950853101
7.800524577949998e-05,-0.00013765631608144934,0.0004883980978767038,-0.0003067023769404161,-0.00038089682162441584,0.0,-0.0,2025-04-01,-0.0002588521709900775,True,0.5,-0.004160046189058653,-0.0039022374893247468
-0.0016103998002752324,-0.007319999092160147,0.00415199988169849,-0.0002976959584258142,-0.00012779306043329304,0.0,-0.0,2025-04-02,-0.005203888029595998,True,1.0,0.013096448955023007,0.018382230818608902
-0.0004166123480968557,-0.0006312308304497827,0.05296798228623123,-0.0006313083914243686,-0.0007784193162944133,0.0,-0.0,2025-04-03,0.050510411399965816,True,0.0,-0.025690687771323134,-0.07368123798188525
0.10358468301302909,0.0,0.0,-0.0001798659507469361,-6.483987658476438e-05,0.0,-0.0,2025-04-07,0.10333997718569739,False,1.0,-0.00023243236079984668,-0.09838928920473297
0.049871244758274515,0.02952148396610496,-0.0003250751096928344,-0.0006501502193857842,-0.00021104526271482392,0.0,-0.0,2025-04-08,0.07820645813258603,False,1.0,-0.02478027081109964,-0.09814265744178631
-0.0009786772157791429,0.0013219445974330158,0.0,0.0,0.0,0.0,-0.0,2025-04-09,0.00034326738165387297,False,1.0,0.018814187124502016,0.018464521463937345
0.0016659672276643162,-0.00043489104336618626,0.0,0.0,0.0,0.0,-0.0,2025-04-10,0.00123107618429813,False,1.0,0.07229536260291215,0.07097609754399331
-0.0003432618772501314,0.0006116302540093194,-0.028877206951422513,-0.0007325732186604252,-0.0007480463813865351,0.0,-0.0,2025-04-11,-0.030089458174710284,False,0.0,-0.014612788963859698,0.015487558912230012
-0.036352098822498784,0.02646997487075154,0.0,0.0,0.0,0.0,-0.0,2025-04-14,-0.009882123951747245,False,0.0,0.0,0.009931113378863148
0.005660971421673879,0.009199078560220108,0.0,0.0,0.0,0.0,-0.0,2025-04-15,0.014860049981893986,False,0.0,0.0,-0.014750184315498429
0.008388467843016811,0.031730291406193926,-0.005537682428526691,-0.00038190913300183366,-0.00013280890100139051,0.0,-0.0,2025-04-16,0.03406635878668082,False,0.5,-0.005915270949445317,-0.039209786692708276
0.0018389227122834466,-0.0014711381698267914,-0.0052577978406501335,-0.0003767710737103749,-0.00013087078089430188,0.0,-0.0,2025-04-17,-0.005397655152798155,False,1.0,-0.006121118550831632,-0.0007419988283817185
8.07319914065372e-05,0.0007327980758439525,0.0,0.0,0.0,0.0,-0.0,2025-04-18,0.0008135300672504897,False,1.0,0.04949045670806113,0.04863701186482673
-5.888668324092333e-06,0.0002296580646395991,-0.014989835383395355,-0.0007161735450351794,-0.0007530656905500363,0.0,-0.0,2025-04-21,-0.016235305222665065,False,0.0,-0.00286681055992347,0.013454079943933663
0.009912360206207555,0.016638604631848353,0.0,0.0,0.0,0.0,-0.0,2025-04-22,0.026550964838055906,False,0.0,0.0,-0.02620158690758796
-0.019116113967235563,-0.006726040099582929,0.0012367512134999464,-0.00035220960384461204,-0.000128386400217419,0.0,-0.0,2025-04-23,-0.025085998857380578,False,0.5,0.0007663062483103726,0.026189073200887945
-0.0008657987413238404,0.009004306909767933,0.0037404435680303476,-0.00036060727946919647,-0.00038104765181900445,0.0,-0.0,2025-04-24,0.011137296805186242,False,0.0,-0.005415615683612399,-0.01643114171509217
-0.00869011067533015,-0.04623138879275635,-0.009676980378710473,-0.0003280332331766193,-0.000127122718852938,0.0,-0.0,2025-04-25,-0.06505363579882653,False,0.5,-0.010360502970418546,0.05615936657431368
0.0016965000791183242,0.01034865048262183,0.006329412511136895,-0.00032458525698137185,-0.0003559661596263385,0.0,-0.0,2025-04-28,0.01769401165626934,False,0.0,-0.0064693534697364986,-0.023894283243825663
0.025466830129573438,0.003395577350609719,0.004384669972925589,-0.0003372823056096515,-0.00012013995725816042,0.0,-0.0,2025-04-29,0.032789655190240935,False,0.5,0.0030502160372064425,-0.029306079824561383
0.0007122589465572159,-0.005341942099179068,0.003940807860786808,-0.00036735182841421014,-0.00013230940959741997,0.0,-0.0,2025-04-30,-0.0011885365298466722,False,1.0,0.008036049964150417,0.009234849900572727
0.00025862169002132014,0.0009389091789904467,-0.004003108519732875,-0.0003335923766443964,-0.00037737971200274795,0.0,-0.0,2025-05-06,-0.003516549739368255,False,0.5,0.07118894456654624,0.07496246476746526
-0.0036974657666694315,0.005144300197105301,-0.0005007661955973581,-0.00033384413039821894,-0.0003791868401889131,0.0,-0.0,2025-05-07,0.00023303726425137833,False,0.0,-0.002714169932718183,-0.002946547616852203
-0.016644768169466487,-0.030088619383266273,0.0,0.0,0.0,0.0,-0.0,2025-05-08,-0.046733387552732764,False,0.0,9.372223887751588e-05,0.047940810108711304
0.009429879571770702,0.0009429879571771059,0.0,0.0,0.0,0.0,-0.0,2025-05-09,0.010372867528947807,False,0.0,-2.1181808512373424e-05,-0.0103402180990518
-0.016586523738608725,-0.002503626224695604,0.0,0.0,0.0,0.0,-0.0,2025-05-12,-0.019090149963304333,False,0.0,3.915508147406749e-05,0.01931344168539625
-0.018715119159284064,0.03119186526547344,0.0,0.0,0.0,0.0,-0.0,2025-05-13,0.012476746106189374,False,0.0,-2.5674457976189807e-05,-0.012424590324159442
0.002490796573459118,-0.013699381154025188,-0.010085357284959504,-0.0003056168874230646,-0.00012840799141965477,-0.015573845602607465,-0.0,2025-05-14,-0.037301812346975764,False,0.5,-0.010556116969871524,0.027048941210181622
0.0019800043637649757,0.009290789706897238,0.0033268010589255384,-0.0003177170815141787,-0.0003753503009367892,0.0,-0.0,2025-05-15,0.013904527747136785,False,0.0,-0.008977351201281224,-0.022661695475017913
0.009417524105833028,-0.007534019284666373,-0.0013503108838031795,-0.00032265806451245183,-0.000129795043150897,0.0,-0.0,2025-05-16,8.074082970012668e-05,False,0.5,-0.0017994473671342466,-0.0018800396543730974
0.0021539137126152176,0.003077019589450301,0.0,0.0,0.0,0.0,-0.0,2025-05-19,0.005230933302065517,False,0.5,-0.005484965663392776,-0.010673624879476568
0.0,-0.003543960418682566,0.002648427042704857,-0.0003275324069632538,-0.00013024248865245664,0.0,-0.0,2025-05-20,-0.0013533082715934189,False,1.0,0.005936029415261411,0.0072982925376297554
-0.0002017480153079373,0.0003732338283196812,-0.004860171809597098,-0.00032558051670423827,-0.0003783554709461357,0.0,-0.0,2025-05-21,-0.005392621984235728,False,0.5,-5.1603760787331733e-05,0.005355305549976737
0.0030125089687211273,-0.007380646973366792,-0.002490361287895206,-0.000322136285996386,-0.0003796648707324872,0.0,-0.0,2025-05-22,-0.007560300449269744,False,0.0,0.0014866247270840078,0.009086858329469795
0.0034544631620885844,0.019156568444309404,0.0,0.0,0.0,0.0,-0.0,2025-05-23,0.022611031606397988,False,0.0,0.0,-0.022357318070542642
0.0038140061017541277,-0.006038842994443963,-0.0030176351198530752,-0.00039431654919719914,-0.00015743866379622844,0.0,-0.0,2025-05-26,-0.005794227225536339,False,1.0,-0.003566982354109056,0.002223335975325157
0.0029728164282114733,0.013625408629302603,-0.006513871822815899,-0.0002771860350134352,-0.00010698549393413786,0.0,-0.0,2025-05-27,0.009700181705750599,False,1.0,-0.03313314249693808,-0.04246658546900341
0.00016705563677507353,0.0007907300140686761,0.0,0.0,0.0,0.0,-0.0,2025-05-28,0.0009577856508437496,False,1.0,0.02944893783594212,0.028463418448509595
0.0002502763685114143,0.0009698209279817335,0.0,-0.0003204807253493873,-0.0003800837306498745,0.0,-0.0,2025-05-29,0.0005195328404938859,False,0.5,0.03819102350065027,0.03765178925631397
0.003481468839681061,0.00030273642084182494,-0.006577050999038847,-0.0003131929047161276,-0.00036346662978116814,0.0,-0.0,2025-05-30,-0.003469505273013258,False,0.0,-0.011189967357937081,-0.007753327462927647
0.010130160277503459,-0.01289293126227718,0.0,0.0,0.0,0.0,-0.0,2025-06-03,-0.0027627709847737212,False,0.0,4.6289042825938925e-05,0.002813008059293567
-0.016613770207023818,-0.046281217005280595,0.0,0.0,0.0,0.0,-0.0,2025-06-04,-0.06289498721230441,False,0.0,0.0010903136503246202,0.06607609503106483
-0.00027919671542157013,-0.054164162791756204,0.0,0.0,0.0,0.0,-0.0,2025-06-05,-0.05444335950717777,False,0.0,0.0010017905728056907,0.05701050846568982
0.004325721773420228,-0.012166092487744072,0.0,0.0,0.0,0.0,-0.0,2025-06-06,-0.007840370714323844,False,0.0,0.00014883513739509548,0.008021193551511194
-0.015406964178506835,-0.010625492536901229,0.0,0.0,0.0,0.0,-0.0,2025-06-09,-0.02603245671540806,False,0.0,0.0005028852724744608,0.026890409169855543
0.008073934013073686,-0.0200546102905381,0.0,0.0,0.0,0.0,-0.0,2025-06-10,-0.011980676277464417,False,0.0,0.0002359295436278338,0.012291505190137676
-0.0002593232021424681,0.00388984803213724,0.0,0.0,0.0,0.0,-0.0,2025-06-11,0.0036305248299947717,False,0.0,-7.178770687189679e-05,-0.0036954699953275195
0.00536103457408801,-0.03905896618264301,0.0,0.0,0.0,0.0,-0.0,2025-06-12,-0.033697931608555,False,0.0,0.0006769041153292567,0.03497224168289522
0.0037352286045652023,-0.01792909730191357,0.0,0.0,0.0,0.0,-0.0,2025-06-13,-0.014193868697348367,False,0.0,0.00029210177945012067,0.014591357342162317
-0.008955689310099579,-0.031223889756833653,0.0,0.0,0.0,0.0,-0.0,2025-06-16,-0.04017957906693324,False,0.0,0.0008504339619671037,0.04188299860083509
-0.00944683483530038,0.002361708708825129,0.0,0.0,0.0,0.0,-0.0,2025-06-17,-0.00708512612647525,False,0.0,0.00015356229010606536,0.0072649391772142986
-0.0022428348333657614,-0.08881625940128415,0.0,0.0,0.0,0.0,-0.0,2025-06-18,-0.09105909423464993,False,0.0,0.002077890573800326,0.097609714889854
-0.018259902494923503,0.02620833063977253,0.0,0.0,0.0,0.0,-0.0,2025-06-19,0.007948428144849027,False,0.0,-0.00018897174928151202,-0.008104398591976505
0.004585210702462042,0.018559186176631635,0.0,0.0,0.0,0.0,-0.0,2025-06-20,0.023144396879093674,False,0.0,-0.0005414808495520007,-0.0234077122068647
0.01713799149675911,-0.0002225713181398426,0.004099744355487691,-0.0003416453629572402,-0.00012471422329393578,0.0,-0.0,2025-06-23,0.020548804947855784,False,0.5,0.003219444533830727,-0.017185153115738584
-0.0026051642591642,0.007702224766224949,-0.0016732083683024936,-0.0003585446503505465,-0.00013103850851244376,0.0,-0.0,2025-06-24,0.002934268979895265,False,1.0,-0.007445189347537826,-0.010353343399584979
0.0004852097473996899,-0.0003032560921248092,0.0,0.0,0.0,0.0,-0.0,2025-06-25,0.0001819536552748807,False,1.0,0.00785524771325256,0.007671881449530028
0.0005612303228112649,-0.0007703161293487954,0.007263892602556814,-0.00035724061979789003,-0.0003849005701867601,0.0,-0.0,2025-06-26,0.006312665606034634,False,0.5,-0.002489914024138827,-0.008767028129289329
0.003261098891878992,-0.0128194921956616,0.010754525068787772,-0.0007058713067376022,-0.0002603292928066222,0.0,-8.25819320538698e-05,2025-06-27,0.00014734923340707293,False,1.0,0.019934179145511738,0.019783903697846876
0.003447186893730541,-0.0061556908816618955,0.010055720307586424,-0.0010558224017510082,-0.0011457485083613086,0.0,-0.0002484366119037586,2025-06-30,0.004897208797638993,False,0.0,-0.0001366312818356598,-0.005021200827010014
0.01306544068907914,-0.047531172161994796,0.0021134935955092254,-0.0003337095150804206,-0.0001271099542941274,0.0,-0.0,2025-07-01,-0.03281305734678097,False,0.5,0.0016829152372976326,0.03509639543763974
0.008044243480157762,0.009831853142415076,-0.0030267251057606377,-0.0003492375122031664,-0.0003735351300521672,0.0,-0.0,2025-07-02,0.014126598874556872,False,0.0,-0.021735276529304456,-0.03545767624902753
-0.008858650885239286,-0.033219940819647756,0.031565294902137934,-0.0009954185555962965,-0.0003751751619515179,0.0,-7.881236417302651e-05,2025-07-03,-0.01196270288446995,False,1.0,0.031243313627089837,0.043653854796102246
0.02389828272709567,0.0062615587931255,0.019003383439801357,-0.0009195185535388036,-0.0011155721694006146,0.0,-7.281494149476228e-05,2025-07-04,0.047055319295588365,False,0.0,0.1148677666928454,0.06362244570940558
0.0021025949357882014,0.02943632910103494,0.0,0.0,0.0,0.0,-0.0,2025-07-07,0.031538924036823145,False,0.0,0.0,-0.03104675985189042
0.007207144398478998,-0.07454246492141352,0.005745731238027098,-0.00029719299507037923,-0.00012497163571372353,0.0,-0.0,2025-07-08,-0.06201175391569152,False,0.5,0.005522423610385071,0.0698505703606249
0.0019786447912437744,0.010486817393591958,0.009232926215921996,-0.00031122223199738224,-0.0003837287127932379,0.0,-0.0,2025-07-09,0.02100343745596711,False,0.0,-0.004466046932590995,-0.02515762426709166
-0.012171185848104882,0.023723497839526434,-0.002389894176129931,-0.00031690130913604616,-0.00013047485291737513,0.0,-0.0,2025-07-10,0.008715041653238201,False,0.5,-0.0028169848905789338,-0.011469717176095665
0.001530031313764587,-0.0016320334013488584,0.0,0.0,0.0,0.0,-0.0,2025-07-11,-0.00010200208758427137,False,0.5,0.00010517480263395017,0.0002071928212046309
-0.0004032241151679633,-0.007157228044231356,0.0,0.0,0.0,0.0,-0.0,2025-07-14,-0.007560452159399321,False,0.5,0.007887280654362823,0.015536242592418967
-0.009345920045261406,-0.02336480011315347,-0.014380656068559554,-0.0002995970014283359,-0.0003792618414214589,0.0,-0.0,2025-07-15,-0.047770235069824224,False,0.0,0.02005453524901054,0.06996541643977462
-0.008988096908539911,0.05842262990550946,0.0,0.0,0.0,0.0,-0.0,2025-07-16,0.04943453299696955,False,0.0,0.0,-0.04823253453955137
0.0020881591802321656,-0.08181787333455126,0.025718920323201024,-0.0002815940181372479,-0.00012300026712234522,0.0,-0.0,2025-07-17,-0.054415388116377666,False,0.5,0.026710631777055693,0.08412750287224732
-0.0035526392683050854,0.012523053420775396,0.017563335473275363,-0.0002911050078442859,-0.0003973466915072155,0.0,-0.0,2025-07-18,0.025845297926394173,False,0.0,0.00703282694719061,-0.01866077684718298
0.003976622513598889,0.007574519073521667,0.0,0.0,0.0,0.0,-0.0,2025-07-21,0.011551141587120556,False,0.0,0.0,-0.011484683287010796
0.004421622949216098,-0.0036526450450046957,-0.017496453556259707,-0.0002837262738853041,-0.00013113639228129004,0.0,-0.0,2025-07-22,-0.0171423383182149,False,0.5,-0.017745139463764107,-0.0007618435175466916
0.00928331530910479,0.008208405115419008,0.0,0.0,0.0,0.0,-0.0,2025-07-23,0.0174917204245238,False,0.5,-0.017074935030702534,-0.034118490360928594
-0.010066410606065826,0.00976441828788384,-0.007349724715313744,-0.0006122049685123843,-0.00026571413072441465,0.0,-8.25626710569899e-05,2025-07-24,-0.008612198803789519,False,1.0,-0.007988279727457418,0.0005920170005316722
-0.00317873755671525,0.0015893687783576106,1.7555520534979328e-05,-3.2916601003086726e-06,-5.522494955689991e-06,0.0,-8.32481373599174e-05,2025-07-25,-0.0016638755502385756,False,1.0,-0.00461590748939185,-0.002958333618862672
0.0036069496895058126,0.027588290868382347,0.0,0.0,0.0,0.0,-0.00022902662184069895,2025-07-28,0.03096621393604744,False,1.0,0.09673980488162444,0.06329837491292747
0.003156841084073412,0.01823952626353526,-0.04921399510163216,-0.0008049222309956143,-0.0010871810433877227,0.0,-7.301237829083693e-05,2025-07-29,-0.02978274340669767,False,0.0,0.014716218081580872,0.04539178466727128
0.008953595248359359,0.0035814380993437946,0.0,0.0,0.0,0.0,-0.0,2025-07-30,0.012535033347703154,False,0.0,0.0,-0.012456797056549644
-0.030504845413268734,-0.0012414762668190814,0.0,0.0,0.0,0.0,-0.0,2025-07-31,-0.03174632168008781,False,0.0,0.0,0.03225561121892305
0.017122824651439987,0.02604096249073166,0.0,0.0,0.0,0.0,-0.0,2025-08-01,0.04316378714217165,False,0.0,0.0,-0.04224549065412889
0.01674271930935225,-0.01838059402439754,0.0027566521574144526,-0.0008305424477128352,-0.00038776119493225895,0.0,-8.109444396939001e-05,2025-08-04,-0.00018062064424532315,False,1.0,0.0014595127568055109,0.001640413355884822
0.0072840154563881855,-0.020492363483972098,0.018553322136581618,-0.0005671871577080197,-0.0007691778816418698,0.0,-8.301032012982513e-05,2025-08-05,0.003925598749517992,False,0.5,-0.02091189889546602,-0.024747871749579004
0.0045686832380461805,-0.004568683238046074,-0.015163237104022996,-0.0005675942436409442,-0.0002627389290159369,0.0,-8.243388741332025e-05,2025-08-06,-0.01607600416409309,False,1.0,-0.015947474876637807,-9.540979117872439e-17
0.0,-0.014016927923992886,0.00029795085975157967,-9.50906999207091e-06,-1.3709849579935886e-05,0.0,-8.58686843665084e-05,2025-08-07,-0.013828064668179828,False,1.0,-0.03876028249675898,-0.025375870539217485
-0.0021758273369623083,0.0007252757789874391,4.697276868200694e-05,-6.405377547545159e-06,-8.319560573855211e-06,0.0,-8.403469434620422e-05,2025-08-08,-0.001502338421760467,False,1.0,-0.004177422149560799,-0.0026802352705115294
-0.0007964366589842816,0.010254121984422639,4.908604587532496e-05,-4.6997277965738205e-06,-5.302984856541834e-06,0.0,-0.00024275364068029258,2025-08-11,0.009254015017980271,False,1.0,0.027702695056904217,0.018236188038566078
0.0003901942253550617,0.008876918626827622,-0.014828610091064265,-0.0008503807301004779,-0.001129430967687529,0.0,-8.033253616250632e-05,2025-08-12,-0.007621641472832091,False,0.0,0.01018093347800681,0.017909585470237962
-0.015546914540035657,-0.07808791166699731,0.0,0.0,0.0,0.0,-0.0,2025-08-13,-0.09363482620703296,False,0.0,0.0,0.09815865392655523
0.005201620633935767,0.05045572014917689,0.0,0.0,0.0,0.0,-0.0,2025-08-14,0.05565734078311265,False,0.0,0.0,-0.05413681089302321
0.0033771780284699527,-0.008354071965162494,0.0016742267861741343,-0.00027083080364581136,-0.0001295526535534387,0.0,-0.0,2025-08-15,-0.0037030506077176577,False,0.5,0.0012778355760000827,0.0049924916083697
0.00017253725943750775,-0.005434923672281516,0.0,0.0,0.0,0.0,-0.0,2025-08-18,-0.005262386412844008,False,0.5,0.0055171017564957445,0.010822468492247545
0.0011149785476874054,0.007547547092037781,0.023079882603433723,-0.0002704673742589997,-0.0003938437717009701,0.0,-0.0,2025-08-19,0.031078097097198935,False,0.0,0.013279165660761205,-0.01772731582592334
0.023411987013660443,-0.018091080874192093,0.021534487953080002,-0.0008335640126907424,-0.0003905559097326433,0.0,-8.310644290365647e-05,2025-08-20,0.02554816772722131,False,1.0,0.020378034300804218,-0.005360567833220534
0.00029134490694984587,-0.01077976155714429,-0.0008349863297651833,-2.7376600975907636e-05,-3.335583820946001e-05,0.0,-8.417189922675715e-05,2025-08-21,-0.01146830731837175,False,1.0,-0.030583609519026396,-0.01940205020582554
-0.0001788384209792812,0.01859919578184529,0.00042202222335583093,-1.8983698628459545e-05,-1.081044241811943e-05,0.0,-8.154914864249813e-05,2025-08-22,0.018731036294532766,False,1.0,0.0573609757231899,0.037739844641986035
0.006234721213900163,0.01472839938935838,-0.07248308473338069,-0.0007936312546624883,-0.001109413286443887,0.0,-0.0002392027428780061,2025-08-25,-0.05366221141410652,False,0.0,-0.013430341964057143,0.04095740008829483
0.003400545515701362,0.001700272757850705,0.0,0.0,0.0,0.0,-0.0,2025-08-26,0.0051008182735520664,False,0.0,0.0,-0.0050878311909878385
0.0040484423757056655,-0.024965394650185,0.0,0.0,0.0,0.0,-0.0,2025-08-27,-0.020916952274479338,False,0.0,0.0,0.02113724499043693
-0.0046412814309196564,-0.07906182851290734,0.0,0.0,0.0,0.0,-0.0,2025-08-28,-0.083703109943827,False,0.0,0.0,0.08730603553452497
-0.005634448126326128,-0.06360995384720823,0.0,0.0,0.0,0.0,-0.0,2025-08-29,-0.06924440197353436,False,0.0,0.0,0.07169810227467308
-0.0055470207783860585,-0.008818340724613597,0.0,0.0,0.0,0.0,-0.0,2025-09-01,-0.014365361502999654,False,0.0,0.0,0.014469039169392451
0.008631076559176437,0.0284825526452823,0.0,0.0,0.0,0.0,-0.0,2025-09-02,0.03711362920445874,False,0.0,0.0,-0.03643336018249925
0.009751794778892936,0.00856975904811801,0.0024442856245459215,-0.00030553570306828085,-0.00013047902199528897,0.0,-0.0,2025-09-03,0.020329824726493296,False,0.5,0.001991954633664164,-0.0181726997344078
-0.003658462058970477,0.05731590559053481,-0.04263850736807988,-0.0007226135540115939,-0.0003085618675480611,0.0,-8.762273723603547e-05,2025-09-04,0.009900138004688766,False,1.0,-0.08954681984622584,-0.09851596085230228
-0.005616046344089286,0.04435862692070529,-0.0013726911791965498,-8.774304412478277e-06,-1.4202917806342424e-05,0.0,-7.693600669830662e-05,2025-09-05,0.03726997616850232,False,1.0,0.11978157692932513,0.07881548869873942
-0.0012938616479639675,-0.02739942313335461,0.021975607540041967,-0.0006323915838860861,-0.0007415929625915512,0.0,-0.00023258303482680555,2025-09-08,-0.008324244822581046,False,0.5,-0.06567274365636054,-0.05786271362747882
0.010450101615660979,-0.0023862436760170662,-0.007246631262759167,-0.0005110738221796758,-0.00026662653125240275,0.0,-8.304802402932037e-05,2025-09-09,-4.352170057665347e-05,False,1.0,-0.01600784093784814,-0.015965014993809465
0.013115561347268705,0.019997183041823262,0.0005536057135143342,-1.342074457004419e-05,-5.397219532566236e-06,0.0,-7.991072776849228e-05,2025-09-10,0.033567621410735216,False,1.0,0.10415933018672491,0.06771050050755642
0.017116539768396735,0.027796694747850754,-0.04022208227252852,-0.0008467806794217892,-0.0010922708661927894,0.0,-7.14565249067973e-05,2025-09-11,0.002680644173197577,False,0.0,0.101406961212647,0.09845843480046584
0.0032000332814457505,-0.03200033281445621,0.0,0.0,0.0,0.0,-0.0,2025-09-12,-0.02880029953301046,False,0.0,0.0,0.02921903842838602
0.014000896404362823,0.027441756952551244,0.0,0.0,0.0,0.0,-0.0,2025-09-15,0.041442653356914064,False,0.0,0.0,-0.04059564761709288
0.0011214056635693711,-0.04401517229509783,-0.0033106301908678516,-0.0002702555257851759,-0.0001274106163537723,0.0,-0.0,2025-09-16,-0.046602062964535264,False,0.5,-0.003781705909372864,0.04374289328010247
0.0,0.007507746694198391,0.010096011643152271,-0.00027851066601794044,-0.0003826430189354644,0.0,-0.0,2025-09-17,0.016942604652397258,False,0.0,0.0017639618622728778,-0.015065558367883813
0.010136931061230963,-0.07042499474118259,0.02194524840936545,-0.0002566695720394019,-0.00012018809380315157,0.0,-0.0,2025-09-18,-0.03871967293642874,False,0.5,0.02248588913157265,0.06285265933767857
-0.0044455495126216596,0.0013075145625357479,-0.007847516837394463,-0.00026158389457985574,-0.00037106721781725055,0.0,-0.0,2025-09-19,-0.011618202899877483,False,0.0,-0.005343601593367948,0.006279909667710925
-0.004811590713164452,-0.047862665515163515,0.0,0.0,0.0,0.0,-0.0,2025-09-22,-0.05267425622832796,False,0.0,0.0,0.05408622716595827
-0.03650485520465482,0.06350844672590629,0.0,0.0,0.0,0.0,-0.0,2025-09-23,0.027003591521251476,False,0.0,0.0,-0.02664225431696981
0.02446199859672009,0.02042837116853732,-0.008117874735428961,-0.00025977199153367505,-0.00012788834915196902,0.0,-0.0,2025-09-24,0.03638483468914281,False,0.5,-0.008283469576112885,-0.043718356209616685
-0.001709933520335702,-6.839734081336588e-05,0.0057156498783171,-0.0005499885153080798,-0.000265739600906959,0.0,-8.215062944414265e-05,2025-09-25,0.0030394402715088514,False,1.0,0.006499893253988988,0.003445341360727042
-0.0005026300426453223,-0.01881272445329869,0.00025647321160809233,-8.843903848556207e-06,-1.2290019422182696e-05,0.0,-8.587881209611734e-05,2025-09-26,-0.019165894019702784,False,1.0,-0.05383267740656024,-0.035523640702005956
-0.0015430712663806953,0.017605040357343425,0.0,0.0,0.0,0.0,-0.00024255162960438396,2025-09-29,0.01581941746135835,False,1.0,0.047800336007381546,0.03135516454656543
0.002445709411544066,-0.008152364705146907,0.0167360349069752,-0.0005351688932023401,-0.0007593709712585587,0.0,-8.075905066821704e-05,2025-09-30,0.009654080698243245,False,0.5,-0.0015591414725524143,-0.011151791480737295
-0.00824686861073072,0.0050545323743188516,0.0,0.0,0.0,0.0,-0.0,2025-10-09,-0.003192336236411869,False,0.5,0.0032365321883178876,0.006444317964886977
0.005961812536938636,0.0020095997315523295,0.0,0.0,0.0,0.0,-0.0,2025-10-10,0.007971412268490966,False,0.5,-0.00799801687780354,-0.015874239640256343
0.03987995050976499,-0.024232608816697483,0.005452481477844309,-0.0005797996527720821,-0.0002644262936083145,0.0,-8.210758395259216e-05,2025-10-13,0.020173489640578825,False,1.0,-0.010879927958422264,-0.030634007190595273
0.011015097105552594,-0.04799435167419325,0.0,0.0,0.0,0.0,-8.863989550717947e-05,2025-10-14,-0.03706789446414785,False,1.0,-0.0997189376569401,-0.06572119460829245
0.0,0.019613284123043608,-0.000582579607594736,-2.0263638525037612e-05,-2.5795611842368846e-05,0.0,-8.63775398084674e-05,2025-10-15,0.018898267725272998,False,1.0,0.055531233198725896,0.03577082818008464
-0.0029069774009092644,-0.004099583514102789,0.00964227733647798,-0.0005879381032549017,-0.0007581192092511693,0.0,-8.111104381609244e-05,2025-10-16,0.0012085480651437604,False,0.5,-0.0123901335744233,-0.01358298661230441
0.003391863321957748,0.01982355674833081,-0.0054851718783342765,-0.0006370743619403865,-0.0002673186857596692,0.0,-8.319313556821777e-05,2025-10-17,0.016742662008686016,False,1.0,-0.0289969664887698,-0.04511880424799741
0.008727877511797951,0.012555893964340916,-0.0005365206248187249,-2.1677601002780264e-05,-9.57868155509702e-06,0.0,-0.000241078092431825,2025-10-20,0.020474916476330457,False,1.0,0.06421654645352604,0.04264835845936993
-0.00015079905205815219,0.02352465212107988,-0.03917703201130862,-0.0005812756777568319,-0.0007434325494668047,0.0,-8.061448596293513e-05,2025-10-21,-0.017208501655473468,False,0.5,0.027772750825907296,0.04561223507157292
0.0061429786599912165,-0.00546042547554786,-0.002276194201163891,-0.0002912830893443602,-0.00038517850715231056,0.0,-0.0,2025-10-22,-0.0022701026132172057,False,0.0,-0.003671514956677803,-0.0014071778928283225
0.008853335454213207,0.01770667090842634,0.0,0.0,0.0,0.0,-0.0,2025-10-23,0.026560006362639547,False,0.0,0.0,-0.026210391490075962
-0.026682718168530448,-0.04200817680891685,0.04151950300411916,-0.0007975152592309168,-0.0003684034971017215,0.0,-7.754319716228133e-05,2025-10-24,-0.028414853926823053,False,1.0,0.0425938350707299,0.0726438988343635
0.015955203360257856,0.012238730288390672,-0.04241835142011621,-0.0007698734130304403,-0.0011009618257624303,0.0,-0.00022462818853736608,2025-10-27,-0.016319881198797917,False,0.0,0.042211498341198965,0.059359814818903144
0.016423708013570397,-0.04764129042104387,0.0,0.0,0.0,0.0,-0.0,2025-10-28,-0.03121758240747347,False,0.0,0.0,0.0317099614038503
-0.030481827158550263,0.03816423888143706,0.0,0.0,0.0,0.0,-0.0,2025-10-29,0.007682411722886794,False,0.0,0.0,-0.007652977421651164
0.0010185911725557482,0.045836602765008595,0.0,0.0,0.0,0.0,-0.0,2025-10-30,0.04685519393756435,False,0.0,0.0,-0.0457744347668496
0.005940257463326103,0.059540720155663994,-0.05268629705972872,-0.0008600523666656008,-0.0004106126044516439,0.0,-8.546585003850175e-05,2025-10-31,0.011438549738105631,False,1.0,-0.050994361969821767,-0.06178776205614709
-0.00658708332358434,0.011545898859316391,-0.0007032602673536579,-1.674429207985169e-05,-2.2241275726742724e-05,0.0,-0.00025215415064866735,2025-11-03,0.00396441554992313,False,1.0,0.01331815038710662,0.009308888595580142
-0.0009090489178633045,-0.003496341991781939,-0.0006084193288722327,-1.521048322180825e-05,-7.18178175800786e-06,0.0,-8.455819220081066e-05,2025-11-04,-0.005120760695698102,False,1.0,-0.013735779772396492,-0.008672403613466734
-0.02250002099458726,0.017894311999050984,-0.001467342270646231,-2.742695832984037e-05,-3.554506372588427e-05,0.0,-8.577964342001266e-05,2025-11-05,-0.006221802931658244,False,1.0,-0.01462049835357498,-0.008470549234831357
0.002823428648771053,0.011428163578359045,0.0006323859882344909,-1.1603412628157575e-05,-5.307458953181585e-06,0.0,-7.8890824279848e-05,2025-11-06,0.014788176519503399,False,1.0,0.04503050966395843,0.02969012176581636
-0.009166617751658945,-0.012648511316242304,0.009749800415679185,-0.0008560041159562372,-0.0011361368756157878,0.0,-8.231535136425136e-05,2025-11-07,-0.014139784995158333,False,0.0,-0.055208984232780284,-0.041754947973115214
0.00945340723531883,0.017044779712165732,0.009799838026427242,-0.0009015991584571237,-0.00039379052417510684,0.0,-8.315057637257036e-05,2025-11-10,0.034919484714906995,False,1.0,0.008345023776722832,-0.026258185641200443
0.010323403045595802,-0.026951174363311056,0.0,0.0,0.0,0.0,-8.502899837260339e-05,2025-11-11,-0.01671280031608785,False,1.0,-0.04682029210640658,-0.030756125292359326
-0.009828357951755833,-0.0015960581289175945,0.005344123592976702,-0.00033226749674990013,-0.00040860385657354474,0.0,-8.785100416688421e-05,2025-11-12,-0.006909014845187061,False,1.0,-0.027197285468676217,-0.020452905389769422
-2.790705829056025e-05,9.568134271049278e-05,0.0,0.0,0.0,0.0,-0.0,2025-11-13,6.777428441993253e-05,False,1.0,0.005288120689746614,0.005219990315500768
-0.00038572649666116697,-0.000205306038545372,0.0,0.0,0.0,0.0,-0.0,2025-11-14,-0.0005910325352065371,False,1.0,-0.04409372109816697,-0.043528582395498845
0.00010493923530272513,6.424851140983156e-05,0.0,0.0,0.0,0.0,-0.0,2025-11-17,0.00016918774671255583,False,1.0,0.012786264018300564,0.012614927486819427
-0.00010680147853118588,0.0002366385700789039,0.0,0.0,0.0,0.0,-0.0,2025-11-18,0.00012983709154771803,False,1.0,0.009908101876207569,0.00977698685751002
9.824719389639271e-05,1.6374532316065094e-05,0.009293073549054249,-0.0003123722201362157,-0.0003841772223790041,0.0,-0.0,2025-11-19,0.008711145832751488,False,0.5,0.01757103677179723,0.008745323921991267
-0.016863476066146584,0.00653269793553426,-0.001992819276404099,-0.0003065875809853046,-0.000376538603462853,0.0,-0.0,2025-11-20,-0.013006723591464578,False,0.0,0.007859936537425727,0.02105451525462806
0.03643789074161509,0.01712892299819515,0.0,0.0,0.0,0.0,-0.0,2025-11-21,0.05356681373981024,False,0.0,0.0,-0.05215739002138878
-0.016180204279280897,0.02653553501802068,-0.011710732958183598,-0.000656047764475674,-0.00026274129813682885,0.0,-0.0,2025-11-24,-0.002274191282056316,False,1.0,-0.012486021951325529,-0.010237670650103569
0.0003943775818837431,0.0010352411524448208,0.0,0.0,0.0,0.0,-0.0,2025-11-25,0.0014296187343285638,False,1.0,0.09999693512224202,0.09842548245282126
0.00021017350512280686,0.0009667981235649229,-0.03637625618457626,-0.0005596347105320313,-0.0007463344463125055,0.0,-0.0,2025-11-26,-0.03650525371273306,False,0.0,0.047567798350217294,0.08651611039382212
0.020279823010756513,0.016968831498796317,0.0,0.0,0.0,0.0,-0.0,2025-11-27,0.03724865450955282,False,0.0,0.0,-0.036563457278621384
0.0035308901077877475,0.006073130985394821,0.0,0.0,0.0,0.0,-0.0,2025-11-28,0.009604021093182567,False,0.0,0.0,-0.009558049770165122
-0.0027744369858727917,-0.03384813122764626,0.008924659218555077,-0.0002746048990324099,-0.0001264267224900515,0.0,-0.0,2025-12-01,-0.028098940616486438,False,0.5,0.00871988877493656,0.03746582283646328
0.0009498719401903679,0.0069204955642440825,0.004571555178950331,-0.0002813264725507373,-0.0003823958210793913,0.0,-0.0,2025-12-02,0.011778200389754651,False,0.0,-0.00420791898960324,-0.015867756919202027
0.0011134440924457781,-0.009603455297342495,-0.01066927859488368,-0.0002735712460227033,-0.00013005850607163304,0.0,-0.0,2025-12-03,-0.01956291955187473,False,0.5,-0.011058274482437697,0.008478790875961895
0.004780907800234702,0.0005543081507518042,0.0013919049410655402,-0.00027838098821304866,-0.00037516570638515393,0.0,-0.0,2025-12-04,0.006073574197453842,False,0.0,-0.004585350447408844,-0.010612752712884754
-0.003254239191118818,0.03494769913940642,0.0009649141207939527,-0.0002968966525519368,-0.00013207744485428086,0.0,-0.0,2025-12-05,0.03222939997167534,False,0.5,0.0005276738439517457,-0.03120462945336793
-0.000477961897706068,-0.01816255211283617,0.013167099413148873,-0.0002772020929084398,-0.00012504586411097766,0.0,-0.0,2025-12-08,-0.005875662554412783,False,1.0,0.03316718758843951,0.039255598553112225
-8.104404639608423e-05,0.0005474975578757647,-0.028290093732948593,-0.0005493222084068578,-0.000748863500610532,0.0,-0.0,2025-12-09,-0.029121825930486307,False,0.0,0.006105312810798223,0.035835737605699775
0.0074091598381441645,0.009564551791058926,0.0,0.0,0.0,0.0,-0.0,2025-12-10,0.01697371162920309,False,0.0,0.0,-0.016830469779644364
0.005275727075931195,0.02485145122609616,-0.013179392747843147,-0.00028237810056290193,-0.00013275298839123765,0.0,-0.0,2025-12-11,0.016532654465230064,False,0.5,-0.013303397235838704,-0.029482005060151695
0.0008925969873167605,-0.003295742722400806,0.03137312121796042,-0.0005747243948482789,-0.0002582604113540674,0.0,-8.0358347617069e-05,2025-12-12,0.02805663232905696,False,1.0,0.03349295223483356,0.004899612507206316
-0.008944277253334826,-0.006491814135484994,0.02107284598808592,-0.0005734107751860281,-0.0007632900192811053,0.0,-0.0002445997628280892,2025-12-15,0.004055454041970878,False,0.5,-0.025869022032165748,-0.029811565638485527
0.00455293115487826,-0.0028184811911151175,-0.011378966985492737,-0.00029176838424334507,-0.0001327356498857726,0.0,-0.0,2025-12-16,-0.010069021055858713,False,1.0,-0.013430059953548778,-0.0034460863862165727
1.2171368442837528e-05,0.000720139299534547,0.0,0.0,0.0,0.0,-0.0,2025-12-17,0.0007323106679773886,False,1.0,0.05278481122816408,0.052014127904068834
-0.00033618613230431056,-0.00044690611599734433,0.02475401113029489,-0.0005802002318226463,-0.0007692034142823565,0.0,-0.0,2025-12-18,0.022621515235888234,False,0.0,-0.03161691907725848,-0.05327729277369848
-0.012970552780299113,0.02156900911780083,-0.005331902585698115,-0.0005922567219705758,-0.0002614699115584673,0.0,-0.0,2025-12-19,0.0024128271182745588,False,1.0,-0.00614023734321436,-0.008535358461741537
0.0001549649681747313,0.0005675825340370379,0.0,0.0,0.0,0.0,-0.0,2025-12-22,0.0007225475022117692,False,1.0,0.05723176490778455,0.0564681406474149
0.0,5.238012149035332e-06,0.023916915875123457,-0.0005529922745694137,-0.0007681560386815068,0.0,-0.0,2025-12-23,0.022601005574021574,False,0.0,0.023282154965667372,0.00041434048747587593
-0.015001586263634632,-0.009410085929007148,0.0,0.0,0.0,0.0,-0.0,2025-12-24,-0.024411672192641776,False,0.0,0.0,0.02471207653888663
0.0009480142655718725,0.009480142655720178,0.0,0.0,0.0,0.0,-0.0,2025-12-25,0.01042815692129205,False,0.0,0.0,-0.01037397220537505
0.0019145633217930581,0.007111235195231304,0.0,0.0,0.0,0.0,-0.0,2025-12-26,0.009025798517024362,False,0.0,0.0,-0.008985188269402635
0.001698988392170667,-0.06652193012422593,0.03302141941083052,-0.00026429161496333557,-0.00012331444723291533,0.0,-0.0,2025-12-29,-0.032189128383421,False,0.5,0.03430234939531807,0.06813727750325452
0.0014964262165174259,0.011909058639784495,0.014577367728044471,-0.0002724741631410607,-0.00039702482785440894,0.0,-0.0,2025-12-30,0.027313353593350922,False,0.0,-0.0007271061494848917,-0.027651232143124177
-0.011307166148927465,0.031767752513653144,-0.014536947936269596,-0.0002692027395604932,-0.00013170878634369528,0.0,-0.0,2025-12-31,0.005522726902551893,False,0.5,-0.01467803238773888,-0.020104697737587947
-0.004735438307387476,-0.013946838850524631,0.0335923874373376,-0.0005297635177697727,-0.00025337550221785136,0.0,-7.988972675248165e-05,2026-01-05,0.014047081532685385,False,1.0,0.053570809605122074,0.03887467509523499
-0.006368092949369057,-0.008714232457031323,0.02367439609959822,-0.0008017470940524707,-0.0011400696690459205,0.0,-8.146555802274293e-05,2026-01-06,0.006568788372076705,False,0.0,-0.022836619801659106,-0.029234363534146213
0.006561858196303678,-0.004151379675212473,0.0017365672263463877,-0.0002721276590559417,-0.00012966361142213758,0.0,-0.0,2026-01-07,0.0037452544769595126,False,0.5,0.0013340568722751908,-0.0024091799244627156
0.002405491700947828,0.013333296856682235,-0.025507011516810084,-0.0005678148228972412,-0.00026967487877562943,0.0,-8.516319118176337e-05,2026-01-08,-0.010690875852034657,False,1.0,-0.041031355480207005,-0.03072414235929815
-0.008215525725276954,-0.0012284898280787704,-0.00018470385074221147,-2.2388345544514094e-05,-2.9619109505021186e-05,0.0,-8.754353625023688e-05,2026-01-09,-0.00976827039539771,False,1.0,-0.02658079834442467,-0.017025583391961883
-0.0014867844710483443,-0.005055067201564316,-0.006304022418103813,-0.000296659878498941,-0.00038458096668974874,0.0,-0.0002494696536222184,2026-01-12,-0.013776584589527381,False,1.0,-0.025904458718244774,-0.012391884249673406
0.00026150895432382133,-0.00019291644171429373,0.0,0.0,0.0,0.0,-6.920915769304443e-08,2026-01-13,6.852330345183486e-05,False,1.0,0.0046315182405391375,0.004562679928698665
0.00011274858659392895,0.0007288390776250447,0.0,0.0,0.0,0.0,-6.531400799236733e-08,2026-01-14,0.0008415223502109756,False,1.0,0.06022113041491756,0.05932930593525304
-7.355101863921379e-05,0.00047525273582261086,-0.04086324810895292,-0.0005395719579626781,-0.000745112797246932,0.0,-6.481980391479772e-08,2026-01-15,-0.041746295966783045,False,0.0,-0.013514611543876297,0.028539187344901597
-0.003359714070249152,-0.012792757421333244,0.0,0.0,0.0,0.0,-0.0,2026-01-16,-0.016152471491582398,False,0.0,0.0,0.016283627874252797
0.009200927190281193,0.01269987133306442,0.0,0.0,0.0,0.0,-0.0,2026-01-19,0.021900798523345612,False,0.0,0.0,-0.02166271725939268
0.0054245262727784125,0.05126177327775601,-0.012692787341559604,-0.00028363770595658176,-0.00013451234567287608,0.0,-0.0,2026-01-20,0.04357536215734535,False,0.5,-0.012666876627005092,-0.05476636348069849
0.0008037678388761288,-0.020027215318663506,0.00796674424834038,-0.0005356639215198584,-0.0002557222653660383,0.0,-8.116717356918545e-05,2026-01-21,-0.012129256591902077,False,1.0,0.027245828158700875,0.039781426450633574
0.010626230374076588,0.0049146315480104175,-0.00012904315819800474,-0.0005161726327916523,-0.0007481973929579767,0.0,-7.8648294375364e-05,2026-01-22,0.014068800443763994,False,0.5,0.04580428220517625,0.03119408541079112
-0.0010613756503362552,0.029187830384247056,0.013329964989438024,-0.0002706591876027488,-0.0003807010935064741,0.0,-0.0,2026-01-23,0.0408050594422396,False,0.0,-0.015446654572402095,-0.054812781705762516
0.00411453011457372,0.002057265057286815,0.001895742865279436,-0.0008062799493821128,-0.0003752214690678458,0.0,-7.245465944433239e-05,2026-01-26,0.00681358195924568,False,1.0,0.0006400146680953171,-0.006154753441659945
-0.00221587086310921,0.0018360072865762252,0.0007265774502932812,-2.666339267131716e-05,-1.222543217372372e-05,0.0,-8.000317214311843e-05,2026-01-27,0.0002278218767721369,False,1.0,-0.000598056177235454,-0.0008257158698129824
0.009997118788902868,-0.006942443603404771,-0.00032036489580995194,-1.3928908513473375e-05,-6.608361710591055e-06,0.0,-8.359991569116728e-05,2026-01-28,0.0026301731037729143,False,1.0,0.008709849299892594,0.006060253759665901
-0.0017317024150718357,-0.019952223478001515,0.02668995348894598,-0.0005840189140191486,-0.0007871537604609073,0.0,-8.677721059074197e-05,2026-01-29,0.003548077710801824,False,0.5,-0.03601393389353119,-0.03942817079750075
0.005639632420599806,-0.009869356736049184,0.004495900194125704,-0.00028904259682155885,-0.00012995090435868282,0.0,-0.0,2026-01-30,-0.000152817622503916,False,1.0,0.008397254362224738,0.008551367008440025
-5.052389549784217e-05,-7.217699356834646e-05,0.0,0.0,0.0,0.0,-0.0,2026-02-02,-0.00012270088906618862,False,1.0,-0.009730890330521864,-0.009609375975543396
0.00016821818316914587,-7.596950207637984e-05,0.0,0.0,0.0,0.0,-0.0,2026-02-03,9.224868109276602e-05,False,1.0,0.007369883273777355,0.007276959016808746
-0.000187816059828201,-0.00041882981341689136,0.005101431440599582,-0.0003000842023882546,-0.00038195017364173466,0.0,-0.0,2026-02-04,0.003812751191324501,False,0.5,-0.042109208186766535,-0.0457544538211616
0.006276375486455026,-0.0034704664454516805,0.0015861296172528705,-0.0003066291797389833,-0.00013115145530423285,0.0,-0.0,2026-02-05,0.003954258023213,False,1.0,-0.0017012403501194858,-0.005640976729408488
-0.00019301952161504107,0.0008696483940897449,0.0,0.0,0.0,0.0,-0.0,2026-02-06,0.0006766288724747022,False,1.0,0.048332248236258785,0.04762315629225053
0.000299758995331987,0.00017323734145809855,0.010841406825737457,-0.0005559695808071352,-0.0007640523158157023,0.0,-0.0,2026-02-09,0.009994381265904712,False,0.0,0.045020414668437515,0.0346281010908291
0.0010968113179994337,-0.010282606106244692,0.0,0.0,0.0,0.0,-0.0,2026-02-10,-0.009185794788245258,False,0.0,0.0,0.009228113679491258
0.006959930415319528,0.0327116729520019,0.0,0.0,0.0,0.0,-0.0,2026-02-11,0.03967160336732143,False,0.0,0.0,-0.03889498901761891
0.0,0.006534061186236941,0.006724216162766946,-0.0005835233418901027,-0.0002599239936181864,0.0,-0.0,2026-02-12,0.012414830013495597,False,1.0,0.005878773041735414,-0.006531843689663529
-8.577914266712178e-05,0.00013071107454037676,0.0,0.0,0.0,0.0,-0.0,2026-02-13,4.4931931873255e-05,False,1.0,0.003189538624145679,0.0031444643927839864
0.00016454009726788986,0.00046032051021373884,-0.011663462964514539,-0.0002807012411004517,-0.00037684172951823775,0.0,-0.0,2026-02-24,-0.011696145327651605,False,0.5,0.03329528659173712,0.045451812090661015
-0.004106993109015578,-0.029519012971049422,-0.01724745513522548,-0.00026534546361889555,-0.0003779156231045167,0.0,-0.0,2026-02-25,-0.05151672230201389,False,0.0,0.017616602291873503,0.07141472805122716
-0.016862106484792867,-0.07727454554541713,0.0,0.0,0.0,0.0,-0.0,2026-02-26,-0.09413665203020999,False,0.0,0.0,0.09870987659435758
0.0,0.020586913952114955,0.0,0.0,0.0,0.0,-0.0,2026-02-27,0.020586913952114958,False,0.0,0.0,-0.020376450179944435
0.019105334823052923,0.001552308454373006,0.0,0.0,0.0,0.0,-0.0,2026-03-02,0.02065764327742593,False,0.0,0.0,-0.020445735842388985
-0.0011354392967979229,0.07241579515134251,-0.01920943937876794,-0.00026314300518864283,-0.00013543181048041765,0.0,-0.0,2026-03-03,0.05167234166010759,False,0.5,-0.01875168695018843,-0.0681673781663044
0.0043851412164922585,-0.002945244100629148,0.002450866156768535,-0.000542588316275473,-0.00026754247600154575,0.0,-8.503045770738324e-05,2026-03-04,0.002995602022647244,False,1.0,0.00014306933414995638,-0.002848478287144624
0.0139079848608249,-0.01079425690690889,0.0,0.0,0.0,0.0,-8.429607387834205e-05,2026-03-05,0.003029431880037667,False,1.0,0.008894830025674582,0.005843076737284871
-0.003145788722948447,-0.004124478547865765,-0.00041778769437016464,-2.2547272394584004e-05,-2.819586149572571e-05,0.0,-8.566218648781341e-05,2026-03-06,-0.007824460285562506,False,1.0,-0.021114844107163116,-0.01342555303399591
-0.01664098155083207,0.008216916201448184,-0.003086382108134098,-3.538960741411213e-05,-4.334191081641822e-05,0.0,-0.0002501227116548224,2026-03-09,-0.011839301687403339,False,1.0,-0.027545135924165805,-0.015963525603322908
0.01116814588531308,0.004010660124559981,-0.00015792135192324773,-3.158427038465628e-05,-1.5785344574192972e-05,0.0,-8.31020001580318e-05,2026-03-10,0.014890413042832937,False,1.0,0.04820348141002262,0.032710930118133245
-0.0016826105531354914,0.005653571458535178,-0.02083850454141207,-0.000785210476809015,-0.0011359094639318223,0.0,-8.265289882775054e-05,2026-03-11,-0.01887131647558097,False,0.0,-0.011239579703324043,0.007596805794462414
0.013881149846454777,-0.002313524974409217,0.0,0.0,0.0,0.0,-0.0,2026-03-12,0.01156762487204556,False,0.0,0.0,-0.01150097713234049
-0.0002477565539496701,-0.05970932950187059,0.02413068671176993,-0.0002468612451332341,-0.00012405147859810775,0.0,-0.0,2026-03-13,-0.03619731206778167,False,0.5,0.024794944195182116,0.06256930741884213
-0.0012782952783262224,-0.014816604362416701,-0.02533035333337247,-0.00024833679738604347,-0.0003766698041711703,0.0,-0.0,2026-03-16,-0.042050259575672606,False,0.0,-0.008865484126289378,0.033700666355312055
-0.03555540731864896,0.01643708994075243,0.0,0.0,0.0,0.0,-0.0,2026-03-17,-0.01911831737789653,False,0.0,0.0,0.019302242651716966
-0.02710515669650041,-0.03348942914154384,0.0,0.0,0.0,0.0,-0.0,2026-03-18,-0.060594585838044245,False,0.0,0.0,0.06246808725222769
0.027325771369766213,0.024760494873828965,0.0,0.0,0.0,0.0,-0.0,2026-03-19,0.05208626624359517,False,0.0,0.0,-0.05075302466010245
-0.019565925776865944,0.0433496559128168,-0.022465114962396657,-0.00028949890415457886,-0.00013282093923051172,0.0,-0.0,2026-03-20,0.0008962953301691057,False,0.5,-0.02236552085216255,-0.02324137749868936
0.014577411495667018,0.010607393045783283,-0.015364303629564232,-0.0006606208987797001,-0.00028447764928762453,0.0,-8.665867604469274e-05,2026-03-23,0.008788743687774062,False,1.0,-0.039181394747449826,-0.04758878388843338
0.005101780769993429,0.008137017430622463,-0.0004079807531922596,-1.3420419512905346e-05,-1.6796077763613074e-05,0.0,-8.319259546172256e-05,2026-03-24,0.012717408354685388,False,1.0,0.038350979413840455,0.02522945870919007
0.006008649288890192,-0.0046403430151824325,0.011095455336015341,-0.000590183794468869,-0.0007482539005090978,0.0,-7.849015061494767e-05,2026-03-25,0.011046833764130187,False,0.5,0.013899708890629985,0.002760964555392865
0.003197033770990335,0.018382944183194395,0.0,0.0,0.0,0.0,-0.0,2026-03-26,0.021579977954184728,False,0.5,-0.02112081559649848,-0.04201870779116619
0.012178529222923706,-0.022204288128663926,0.03394908092506982,-0.0005037496383575758,-0.00025534962430692293,0.0,-7.958115003894875e-05,2026-03-27,0.02308464160662615,False,1.0,0.04419766385748374,0.020368833219056
-0.010246913912628117,0.00118714246548739,-0.004995143482258418,-0.0005016927509603598,-0.0007506743344851027,0.0,-0.0002422149185918918,2026-03-30,-0.015549496933436498,False,0.5,-0.032913046795780804,-0.017757808376121533
0.002516423203882698,0.018260199146123157,-0.03459349384147216,-0.0005320410997407027,-0.00027185719434216104,0.0,-8.574936769621367e-05,2026-03-31,-0.014706519153245376,False,1.0,-0.0541603098971483,-0.04014751320567116
0.01700970875778558,0.005311331983656408,0.0,0.0,0.0,0.0,-8.190773847109988e-05,2026-04-01,0.022239133002970875,False,1.0,0.06658380943799472,0.04312572083260261
-0.0019081488076766752,-0.017962918086061024,0.03532361073874886,-0.0007772929999258478,-0.0011526538064640323,0.0,-8.361845479354978e-05,2026-04-02,0.01343897858382773,False,0.0,-0.024586113079385186,-0.03760698980408355
-0.014568933506103134,0.013918534688866483,-0.010125867094946119,-0.0007095855314218825,-0.0003548284081106375,0.0,-5.913997207310001e-05,2026-04-03,-0.01189981982378839,False,1.0,-0.011189987496796285,0.0006469625973257193
0.0009329169059504264,-0.000392807118294831,-0.0011250579524147736,-7.377429196160989e-05,-3.696239575861314e-05,0.0,-0.0002611924430193251,2026-04-07,-0.0009568772954987263,False,1.0,0.0004646174328710133,0.0014223974761513488
0.017647218068093964,0.02933004536056011,-0.041277542019802105,-0.0005896791717114252,-0.0007217106969743412,0.0,-7.529796050687101e-05,2026-04-08,0.004313033579659356,False,0.5,0.10340040316582128,0.09865164830620454
-0.003412155421991348,-0.006488688999196452,0.0011351289561205226,-0.0002987181463474925,-0.0003903935505889748,0.0,-0.0,2026-04-09,-0.009454827162003744,False,0.0,0.011196885375846748,0.020802917279680352
-0.008173607223279354,-0.019979928768016093,0.0,0.0,0.0,0.0,-0.0,2026-04-10,-0.028153535991295445,False,0.0,0.0,0.02855359229423734
0.020333126683854025,-0.02424334335382611,0.0,0.0,0.0,0.0,-0.0,2026-04-13,-0.003910216669972086,False,0.0,0.0,0.003917871541325009
-0.032004416910731796,-0.06230760235777,0.0,0.0,0.0,0.0,-0.0,2026-04-14,-0.0943120192685018,False,0.0,0.0,0.09890257120676704
-0.011023915312360947,0.060527535016925135,0.0,0.0,0.0,0.0,-0.0,2026-04-15,0.04950361970456419,False,0.0,0.0,-0.04829828674880775
0.005590761932553004,-0.022679505952809414,0.004534288453894422,-0.00026362142173803297,-0.00012829611007441233,0.0,-0.0,2026-04-16,-0.012946373098174434,False,0.5,0.004186757205948325,0.017271853127883412
0.0036421152509796754,-0.020132803748471137,-0.0049807912808756795,-0.0002594162125455953,-0.0003811031695265048,0.0,-0.0,2026-04-17,-0.02211199916043924,False,0.0,0.011550288867662677,0.034166814803301714
0.00667717998783037,-0.010116939375500561,0.0,0.0,0.0,0.0,-0.0,2026-04-20,-0.0034397593876701917,False,0.0,0.0,0.0034456821490036387
0.014911711961205826,-0.03312601784670544,0.0,0.0,0.0,0.0,-0.0,2026-04-21,-0.018214305885499618,False,0.0,0.0,0.018381198090294093
-0.0009751383743311792,-0.03266713554009445,0.0,0.0,0.0,0.0,-0.0,2026-04-22,-0.033642273914425626,False,0.0,0.0,0.034214575015501604
-0.01661154751420214,-0.015007023038398555,0.0,0.0,0.0,0.0,-0.0,2026-04-23,-0.03161857055260069,False,0.0,0.0,0.03212374782376297
0.0060663495305578385,0.03412321610938793,0.0,0.0,0.0,0.0,-0.0,2026-04-24,0.040189565639945767,False,0.0,0.0,-0.039392676250606024
-0.015577205347873355,-0.008983173636196882,-0.00023386009922396256,-0.00028063211906878164,-0.00012776057852724869,0.0,-0.0,2026-04-27,-0.02520263178089023,False,0.5,-0.0006499916839985108,0.02485632164552763
4.797490584085011e-05,0.01468032118730014,0.0038674933200204286,-0.0002900619990015391,-0.0003770380562754662,0.0,-0.0,2026-04-28,0.017928689357884414,False,0.0,-0.01140578541033028,-0.02897204345695397
0.008452402929347807,-0.009412903262228278,0.023777169674465252,-0.0007953370512028083,-0.0003834807260066378,0.0,-8.00564416381885e-05,2026-04-29,0.021557795122737144,False,1.0,0.022784893980691095,0.0009718718850738068
0.007853024083044384,-0.0050278507848760335,-0.00026401711557687074,-1.6001037307689593e-05,-7.184785771898509e-06,0.0,-8.320861590606104e-05,2026-04-30,0.002454761743605831,False,1.0,0.008200333233737126,0.00572847677641183
0.01132608432458451,-0.0005347078436499096,0.015026450385074872,-0.0005651129390946471,-0.0007610876250368055,0.0,-0.0004824853672152372,2026-05-06,0.024009140934662786,False,0.5,0.0462523034325703,0.02143183575816738
-0.00013998775873608728,-0.014278751391080912,-0.01650597101475039,-0.00027976222058900086,-0.00036953232193158545,0.0,-0.0,2026-05-07,-0.031574004707087974,False,0.0,-0.0027835763705175145,0.029204884139928645
0.01871157139925568,-0.02628747591700306,0.0,0.0,0.0,-0.004563797902257483,-0.0,2026-05-08,-0.012139702420004865,False,0.0,0.0,0.01221368769070123
-0.011705009822237914,0.01197721935298757,0.0,0.0,0.0,0.0,-0.0,2026-05-11,0.000272209530749657,False,0.0,0.0,-0.000272172485096811
-0.0134308314342141,0.013430831434214007,0.0,0.0,0.0,0.0,-0.0,2026-05-12,-9.194034422677078e-17,False,0.0,0.0,9.194034422677078e-17
0.019173674019225397,-0.05395382689130865,0.0,0.0,0.0,0.0,-0.0,2026-05-13,-0.034780152872083255,False,0.0,0.0,0.03539205580637497
-0.016173803881590888,0.06613288698250497,0.0,0.0,0.0,0.0,-0.0,2026-05-14,0.04995908310091408,False,0.0,0.0,-0.048731653344634626
0.0011271111058971887,0.03672503686715017,0.0006321176612457557,-0.0008987290444428843,-0.0004011631042040309,0.0,-8.612358392381803e-05,2026-05-15,0.03709824990172237,False,1.0,-0.0007395379378159472,-0.03713114613052875
-0.007283828722954382,0.013707760999448915,-3.634832223873217e-05,-8.388074362783309e-06,-8.155187866175843e-06,0.0,-0.0002498938542315673,2026-05-18,0.006121146837795273,False,1.0,0.018367154680595826,0.012152619238060542
-0.003998645566476843,-0.004403571699790974,-0.001507051599393853,-2.1346339934755904e-05,-3.2128461621162676e-05,0.0,-8.434569210247152e-05,2026-05-19,-0.010047089359320062,False,1.0,-0.02553370345050979,-0.015693805095491103
0.0,0.004607213024036471,-0.0004870132285510936,-2.3756742856151735e-05,-1.0795935034406333e-05,0.0,-8.375362386476949e-05,2026-05-20,0.004001893493730051,False,1.0,0.013460395175285973,0.009412739159801451
0.009909384434241301,-0.0093148213681868,0.03615909459728679,-0.0005716896692287284,-0.0007779798645995383,0.0,-8.203856076912606e-05,2026-05-21,0.0353219495687439,False,0.5,0.03713606483964821,0.0011418325334800264
-0.01033583388322018,-0.03626529540764644,0.0,0.0,0.0,0.0,-0.0,2026-05-22,-0.04660112929086662,False,0.5,0.04854118422936121,0.09856082148240006
-0.027542475175508962,-0.006023678023996257,0.0029574004734982903,-0.0002957400473498051,-0.0003954855605768581,0.0,-0.0,2026-05-25,-0.03129997833393359,False,0.0,0.0402065589064245,0.0732798989898113
-0.0027823113060745416,-0.08084160072649924,0.0,0.0,0.0,0.0,-0.0,2026-05-26,-0.08362391203257377,False,0.0,0.0,0.08721992657748738
0.023805379436991132,0.014509945561594621,0.0,0.0,0.0,0.0,-0.0,2026-05-27,0.038315324998585754,False,0.0,0.0,-0.03759057870935176
0.016568958287708182,-0.05265751127052469,0.0,0.0,0.0,0.0,-0.0,2026-05-28,-0.03608855298281651,False,0.0,0.0,0.036747649522940844
-0.0008205062488072912,0.008428836919567376,0.0,0.0,0.0,0.0,-0.0,2026-05-29,0.007608330670760085,False,0.0,0.0,-0.007579460587075147
0.0,0.07403066833254418,0.0,0.0,0.0,0.0,-0.0,2026-06-01,0.07403066833254418,False,0.0,0.0,-0.07135678653431886
-0.010973989868918399,-0.0515556571023012,0.11221515798383283,-0.0008088888981782304,-0.0003646165967798406,0.0,-8.043059451389852e-05,2026-06-02,0.04843157492314126,False,1.0,0.12147486860837516,0.06845437099808116
0.00014855470987369372,-0.004605196006084431,0.03530012600799668,-0.000785391455256765,-0.0011330497165197206,0.0,-7.810700065535992e-05,2026-06-03,0.028846936539354096,False,0.0,0.019946375823749737,-0.009055631885014463
0.0195808147818569,-0.09891190996423223,0.030822272721668664,-0.0002497174873283101,-0.00012266479716835398,0.0,-0.0,2026-06-04,-0.04888120474520333,False,0.5,0.032211586775777665,0.08392084240030812
0.012977719424050602,0.013535900904654913,0.014383239878758404,-0.00026495441881931476,-0.0003939569402791915,0.0,-0.0,2026-06-05,0.04023794884836542,False,0.0,-0.0145293235593658,-0.05339545174399435
0.05965427089335092,-0.0870865268516072,0.017382009209415385,-0.0002583313470614545,-0.0001270015949318761,0.0,-0.0,2026-06-08,-0.010435579690834217,False,0.5,0.01738266514389494,0.028055233385715972
-0.0034575733577515287,-0.010683901675452235,-0.01355881920308098,-0.0002558267774165968,-0.0003813850979054002,0.0,-0.0,2026-06-09,-0.02833750611160674,False,0.0,0.000762893621942926,0.029527654174911412
0.03707414756003223,0.03933210153716587,0.0,0.0,0.0,0.0,-0.0,2026-06-10,0.07640624909719809,False,0.0,0.0,-0.07356023521805768
0.011891069297102295,0.016787391948850275,-0.02356401957724739,-0.000837154183035265,-0.00040096204397684526,0.0,-8.478555293666523e-05,2026-06-11,0.003791539888756402,False,1.0,-0.02423774040181561,-0.02793037711761548
0.020051618376016586,-0.027270200991382536,0.0,0.0,0.0,0.0,-8.609481290148096e-05,2026-06-12,-0.007304677428267431,False,1.0,-0.020496399235358544,-0.013315245316636304
0.013059504030971244,0.02081605794027534,-0.0008528677494371828,-1.5635908739683365e-05,-1.7594519526264207e-05,0.0,-0.00023893710330729034,2026-06-15,0.03275052669023616,False,1.0,0.10309535738848474,0.0675535860856063
0.0015055576347821535,0.02203588901817298,-0.044333903265083394,-0.0007375524890486854,-0.00109195041313343,0.0,-7.346568209268133e-05,2026-06-16,-0.022695425196403062,False,0.0,0.027278550740586712,0.05085965364791017
0.018195708107693664,-0.05892928193969025,0.0,0.0,0.0,0.0,-0.0,2026-06-17,-0.040733573831996585,False,0.0,0.0,0.041574565854932605
0.003697772343140812,-0.01277412263994054,0.0,0.0,0.0,0.0,-0.0,2026-06-18,-0.009076350296799728,False,0.0,0.0,0.009117665265932547
-0.012762483555884807,0.03058944471331121,0.0,0.0,0.0,0.0,-0.0,2026-06-22,0.0178269611574264,False,0.0,0.0,-0.017669000928441543
0.001818511570392948,0.0454627892598237,-0.005195792906631806,-0.00025953011521635946,-0.0001322578962708634,0.0,-0.0,2026-06-23,0.04169371991209762,False,0.5,-0.00544291212107336,-0.04605713441292483
-0.00010423706875017642,-0.01674742237919499,0.011328472465111122,-0.0005566500168627627,-0.0002570769037413802,0.0,-8.140577009465802e-05,2026-06-24,-0.006418319673532843,False,1.0,0.02801995801419515,0.03463933866235104
0.0021599128662156057,0.036519142153399256,-0.06589940296707476,-0.0005214591728353042,-0.0007173192381523873,0.0,-7.668984477102077e-05,2026-06-25,-0.028535816203218635,False,0.5,0.049958109979736924,0.08035110369679568
0.006321327089729425,0.017926151448486388,0.020167443081070963,-0.00027438698069478867,-0.0003990300105452827,0.0,-0.0,2026-06-26,0.0437415046280467,False,0.0,-0.0067542787599779355,-0.04926384718202848
0.0,0.04291666527798156,-0.009783627460968634,-0.00028461461704630363,-0.0001330978910521025,0.0,-0.0,2026-06-29,0.03271532530891452,False,0.5,-0.009936548905275998,-0.041802698927700215
-0.00013123830406002994,-0.03838720393755881,0.018179306571461287,-0.0005119041732347208,-0.00025332424305714817,0.0,-7.881725691270143e-05,2026-06-30,-0.021183181343362126,False,1.0,0.059656739951926496,0.08234307690592672
0.0,-0.025096429866587753,0.10764528038027667,-0.000782025739111757,-0.0011585308215988318,0.0,-7.928876484840929e-05,2026-07-01,0.0805290051881299,False,0.0,0.029145484399693375,-0.05048141368219074
0.04973505931495885,0.05539006605922541,-0.017810599842658065,-0.00027257917807013265,-0.00013683477251372482,0.0,-0.0,2026-07-02,0.08690511158094234,False,0.5,-0.01715144667383496,-0.09895974846102003
0.0031930174652830897,-0.021163022735015784,0.01667854475632507,-0.0005204835891356492,-0.00025746087531473675,0.0,-8.134636623121045e-05,2026-07-03,-0.002150751344089215,False,1.0,0.03443273817373299,0.0366599399958499
0.002544229441237618,-0.028064807836421058,0.03492951955756642,-0.0005315811223046593,-0.0007696786182071333,0.0,-0.00025558624334107605,2026-07-06,0.00785209517853011,False,0.5,-0.040130985339716714,-0.04763845494583957
0.006770636412034049,-0.01006345958509967,0.004348525063505338,-0.0005318760494341508,-0.0002552746697488353,0.0,-8.118876158839881e-05,2026-07-07,0.00018736240966833045,False,1.0,0.007016733539632869,0.00682807413225304
0.005062412488710527,-0.011074027319054327,-0.00030915122123726806,-1.9540032042084276e-05,-2.016410577259452e-05,0.0,-8.241085613255618e-05,2026-07-08,-0.006442881045528303,False,1.0,-0.017930131269838747,-0.011582344869286908
0.013745527196552027,0.019258245227887105,0.0009074161021978307,-1.013064228928897e-05,-4.9330439010391074e-06,0.0,-7.778754763501398e-05,2026-07-09,0.03381833729281161,False,1.0,0.10696397082441957,0.07015422031484773
0.0010505945662886921,-0.02857617220304829,0.12643450235847142,-0.0008619641814052737,-0.0011553752436048417,0.0,-7.722901451797683e-05,2026-07-10,0.09681435628218373,False,0.0,0.03927739645836944,-0.0566224409433715
0.013622039352751213,0.023799425076071138,-0.012483911927888216,-0.0002795068614255344,-0.0001327365544534979,0.0,-0.0,2026-07-13,0.024525309085055104,False,0.5,-0.012579050885054167,-0.03650130544301364
-0.01417373377945068,-0.03126237424876243,0.03493641981465339,-0.0004984873624411608,-0.0002449456907482102,0.0,-7.843477031867513e-05,2026-07-14,-0.011321556037067776,False,1.0,0.08646127358727933,0.0988315993132819
0.01343708308163579,-0.013088067936658237,0.05061865151870408,-0.000841825859184752,-0.0011353061327323904,0.0,-7.692418402303063e-05,2026-07-15,0.048913610487741455,False,0.0,0.05088705426032722,0.0007212705994483169
0.02469509073503177,-0.02101248948507087,0.0,0.0,0.0,0.0,-0.0,2026-07-16,0.0036826012499609016,False,0.0,0.0,-0.0036758287899516517
0.019667280369289473,0.04703695571210301,0.0,0.0,0.0,0.0,-0.0,2026-07-17,0.06670423608139248,False,0.0,0.0,-0.0645281607580743
-0.021588664518266173,0.12978597139804723,-0.07986396533328974,-0.0008954588309775969,-0.00042128884017759684,0.0,-8.646087224842019e-05,2026-07-20,0.026930133003087692,False,1.0,-0.07423065177908449,-0.09882903794112548
0.0011056497352077584,0.03241765023629147,-0.06919910042500849,-0.00027679640169997883,-0.00037704467715840757,0.0,-8.157758673289119e-05,2026-07-21,-0.03641121911910053,False,1.0,0.026963189459779307,0.06504527142490861
-0.0001763678710265648,-0.0007462565542811545,0.036062237270183845,-0.0003015957716741489,-0.00040122061037800247,0.0,-1.0778339888601712e-07,2026-07-22,0.034436688679425086,False,0.5,-0.03476417107841598,-0.06743788076091109
-0.011646651185659114,0.0050102574911892045,-0.007875757521578037,-0.0002623643806976412,-0.00013370214318969478,0.0,-0.0,2026-07-23,-0.014908217739935281,False,1.0,-0.0019446828047078786,0.013046007774911498
-0.00040500827968409175,2.3824016452005083e-05,0.013686083731281764,-0.0002653564557531271,-0.0003873915712812279,0.0,-0.0,2026-07-24,0.012652151441015322,False,0.5,-0.01766994641904238,-0.030020241371626927
0.0,-0.022451739241701813,-0.0007051371569183224,-0.0002488719377358855,-0.0001269653373284603,0.0,-0.0,2026-07-27,-0.023532713673684483,False,1.0,0.022086314818948072,0.046424022415804664
-0.0005109779266260329,-0.0006898202009451349,0.05320941724028341,-0.000551443917224282,-0.0007786791868474228,0.0,-0.0,2026-07-28,0.05067849600864056,False,0.0,-0.0518753982401121,-0.09872769787302302
0.019078449869141312,-0.014535961805059998,0.05695155273755571,-0.0005273068466102682,-0.000253204666191671,0.0,-0.0,2026-07-29,0.06071352928883509,False,1.0,0.05764130477170046,-0.004661386600897398
-0.0001487495536706023,-0.0010955976741507747,0.0,0.0,0.0,0.0,-0.0,2026-07-30,-0.0012443472278213658,False,1.0,-0.0826302108812021,-0.08148797380484198
0.0012694591381786713,-0.0002248756187630789,0.0,0.0,0.0,0.0,-0.0,2026-07-31,0.0010445835194155956,False,1.0,0.07454313801190669,0.07342127400137714
-0.00024138665012117476,-5.3794739169861726e-05,0.00032197538267690634,-0.0002965084032561428,-0.0003816434603991965,0.0,-0.0,2026-08-03,-0.0006513578702694693,False,0.5,-0.020967702906502867,-0.02032979478385854
-0.010680019602777275,-0.034721235277648275,0.0,0.0,0.0,0.0,-0.0,2026-08-04,-0.04540125488042555,False,0.5,0.04976291748979397,0.09852195686762799
0.008638224976764988,-0.024244074816863956,-0.008035702716073076,-0.0002723967022397762,-0.0003925472556416968,0.0,-0.0,2026-08-05,-0.024306496514053512,False,0.0,0.008983430144403245,0.03380876863967078
0.024173404272330033,-0.03769698708202522,0.0,0.0,0.0,0.0,-0.0,2026-08-06,-0.01352358280969519,False,0.0,4.581253466719484e-05,0.013661876360862284
-0.018957664274463836,-0.051282912332203445,0.0,0.0,0.0,0.0,-0.0,2026-08-07,-0.0702405766066673,False,0.0,0.00024823529993957667,0.07303253111994068
-0.007366501925287031,0.032475976229759985,0.0,0.0,0.0,0.0,-0.0,2026-08-10,0.02510947430447295,False,0.0,-9.073940155292439e-05,-0.02488534285169028
0.021244031777819125,-0.0075121481191528245,0.0,0.0,0.0,0.0,-0.0,2026-08-11,0.013731883658666299,False,0.0,-4.8665924636111284e-05,-0.013686033641943242
0.0,-0.016152503715599648,0.008157907484168236,-0.00028214106911648903,-0.00012686094297673008,0.0,-0.0,2026-08-12,-0.008403598243524633,False,0.5,0.007900578105597682,0.0164062587386271
-0.007476337973870648,0.016772313761487627,0.028758405581445195,-0.00026948974440441336,-0.0003746893009715533,0.0,-0.0,2026-08-13,0.037410202323686206,False,0.0,0.01852757058096803,-0.01887183064749272
-0.0023013380099546244,-0.002539407459260221,0.001888825998692749,-0.0002733662526251692,-0.0001227127321591955,0.0,-0.0,2026-08-14,-0.0033479984553064614,False,0.5,0.001633781671793062,0.004992869999184615
-0.002860172006406315,-0.012106755479171949,0.0,0.0,0.0,0.0,-0.0,2026-08-17,-0.014966927485578266,False,0.5,0.015793833784940547,0.031111489617653906
-0.002350539682018762,0.0081305552935403,0.005736680503207319,-0.00028677195330899485,-0.00038894236962919664,0.0,-0.0,2026-08-18,0.010840981791790666,False,0.0,-0.001077130213512433,-0.011847946257795616
0.04661564958456777,0.03935306649711697,-0.026014080960552792,-0.0002652442244374739,-0.0001371851303530595,0.0,-0.0,2026-08-19,0.05955220576634141,False,0.5,-0.025004076669418108,-0.08137215485382879
-0.007581747975301101,0.0035704743372057613,-0.010607721586797307,-0.00026330824772575166,-0.00013326586290367208,0.0,-0.0,2026-08-20,-0.015015569335522071,False,1.0,-0.007103145576485709,0.007918261236587818
-6.803702862771063e-05,0.0007892295320814371,0.0,0.0,0.0,0.0,-0.0,2026-08-21,0.0007211925034537256,False,1.0,0.06024592459315207,0.05948155884107334
-9.730035650344933e-05,-0.0004865017825172539,0.0019740724362281273,-0.0005127460873319895,-0.0007517127686559342,0.0,-0.0,2026-08-24,0.00012581144121950188,False,0.0,-0.04583666140065567,-0.0459566985142642
0.021225764233487765,-0.010314528001012194,-0.007782013797257458,-0.0002545915091796441,-0.00012817765957761547,0.0,-0.0,2026-08-25,0.0027464532664608528,False,0.5,-0.008212139608841382,-0.010932301509031383
-0.00885384932033005,-0.011638862956302398,0.004778341400585347,-0.0002474664061352744,-0.00012666806723904357,0.0,-0.0,2026-08-26,-0.01608850534942142,False,1.0,0.02593263698750254,0.04257185084005997
0.00027827839911657634,2.0020028713418523e-06,-0.011652910558888719,-0.0005439388046882235,-0.00075546389632286,0.0,-0.0,2026-08-27,-0.012672032857911882,False,0.0,0.01030732727656321,0.02319143644089848
0.0001621085113093375,0.002431627669640039,0.0,0.0,0.0,0.0,-0.0,2026-08-28,0.0025937361809493763,False,0.0,0.0,-0.0025903753535889773
0.02812221914387296,-0.05384082981391061,0.0,0.0,0.0,0.0,-0.0,2026-08-31,-0.025718610670037653,False,0.0,0.0,0.026052187710642376
0.00024131768654943572,0.033462719201521725,0.0,0.0,0.0,0.0,-0.0,2026-09-01,0.03370403688807116,False,0.0,0.0,-0.033142383514891176
0.013732311992701517,0.005542559659704844,-0.0023958291724310676,-0.0004257843298333102,-0.00021917091568278045,0.0,-0.0,2026-09-02,0.016234087234459203,False,1.0,-0.003007164945151281,-0.019061765119980898
-0.0026556900414544554,0.005258530529845142,-0.0004042477468603179,-8.662451718435676e-05,-4.382854071459548e-05,0.0,-0.0,2026-09-03,0.0020681396836314155,False,1.0,-0.014393514788946543,-0.016429780306900805
0.00017293522905131547,-0.0007114423979959174,0.0,0.0,0.0,0.0,-0.0,2026-09-04,-0.0005385071689446019,False,1.0,-0.042234073918490614,-0.04171817120493721
0.00021928933044183135,0.0009395144773431849,0.0,0.0,0.0,0.0,-0.0,2026-09-07,0.0011588038077850193,False,1.0,0.09993402001409489,0.098660150508356
0.00030895378536088895,-0.00010144751161103693,0.014784731669544228,-0.0005564146327248416,-0.0007653435580446584,0.0,-0.0,2026-09-08,0.01367047975252458,False,0.0,0.0321349363741406,0.018121162374274566
-0.019571824984452212,-0.001174309499067066,0.0,0.0,0.0,0.0,-0.0,2026-09-09,-0.020746134483519276,False,0.0,0.0,0.020962831478870098
0.011528123823575653,-0.014390812289832688,0.0,0.0,0.0,0.0,-0.0,2026-09-10,-0.0028626884662570364,False,0.0,0.0,0.0028667898716325958
0.01442910693262818,-0.016975419920739056,0.0,0.0,0.0,0.0,-0.0,2026-09-11,-0.002546312988110877,False,0.0,0.0,0.0025495575963725113
0.04646456673899914,-0.02661789250374827,0.0,0.0,0.0,0.0,-0.0,2026-09-14,0.019846674235250873,False,0.0,0.0,-0.01965102545982253
0.0,-0.0009549826267899723,-0.02467980089216172,-0.00062545885968058,-0.0002988759499426716,0.0,-2.2590740853517977e-05,2026-09-15,-0.02658170906942846,False,1.0,-0.02531297831641181,0.0009432907702274476
0.0007887782474764624,0.0015422380659614449,0.008059686521821666,-0.00020102421764097648,-9.647598868093499e-05,0.0,-8.038173947127833e-05,2026-09-16,0.010012820889466381,False,1.0,0.0257692245385659,0.01554962988640186
0.0,-0.01704050056439872,0.03836375419495983,-0.0008307667886258442,-0.0011422842579322404,0.0,-8.089591677435003e-05,2026-09-17,0.019269306667228682,False,0.0,-0.01460081259377253,-0.03340699874066209
-0.021526965356786533,0.021368678846810183,0.022752456333690378,-0.0008560969149629133,-0.0003870108314005583,0.0,-8.213346778320213e-05,2026-09-18,0.021268928609567354,False,1.0,0.021660171429056026,0.00016000739815542203
0.008883196164809619,0.0011204031198859023,0.0001453678519789367,-7.787563498871903e-06,-3.608808842467095e-06,0.0,-0.00024018524436157543,2026-09-21,0.009897385519971543,False,1.0,0.03014315951864225,0.019997724985486645
0.00801375601080895,-0.011459671095456798,0.02285685497342531,-0.000708012714136904,-0.0009787836971997623,0.0,-8.104376518734932e-05,2026-09-22,0.017643099712253443,False,0.0,0.010935265693569837,-0.006744345822051006
0.0029272488909711453,-0.02097861705195986,0.0025416221221171965,-0.00015518154871014267,-7.321490632719226e-05,0.0,-0.0,2026-09-23,-0.015738142493908855,False,0.5,0.007390839903659106,0.023370717448572123
0.005757902998195286,0.009892772936496609,0.009486602921936121,-0.0002629317708238629,-0.00036113401135674366,0.0,-0.0,2026-09-24,0.024513213074447406,False,0.0,-0.007205858497894108,-0.031246571446248907
0.008411445639505712,0.04646322353250773,-0.015879600440218765,-0.00046578107983568984,-0.00024080448360775753,0.0,-0.0,2026-09-28,0.03828848316835123,False,1.0,-0.01765210867071778,-0.05455375723273899
-5.510102422102358e-05,-0.000975288128712115,0.0008648855614521503,-3.8775357189030856e-05,-1.9792132395715078e-05,0.0,-0.0,2026-09-29,-0.00022407108106573329,False,1.0,0.015524539378338217,0.01575211455528129
5.8838863098339e-05,-0.00037198128704469857,0.0,0.0,0.0,0.0,-0.0,2026-09-30,-0.00031314242394635955,False,1.0,-0.0263448318380045,-0.026039891356149356
0.00016085137930646443,-0.00016597403469851283,0.0,0.0,0.0,0.0,-0.0,2026-10-08,-5.1226553920483944e-06,False,1.0,-0.000430854480524186,-0.00042573401913599714
