date,TTMI,TTMI_new,2368.TW,2368.TW_new,SMH,SMH_new,NVDA,NVDA_new,QQQ,QQQ_new,^TWII,^TWII_new,TTMI_relative,GCE_relative,SMH_relative,NVDA_relative,US_median,US_relative,gap,openClose,tenClose,tenNext945,domestic20,domesticVolume,RSI2
2020-01-02,0.0,False,0.0,False,0.0,False,0.0,False,0.0,False,0.0,False,0.0,0.0,0.0,0.0,0.0,0.0,0.012606933813597454,0.057358826144953357,0.05267817618415238,0.04515272244355906,-0.04019014693171996,0.5953757380494423,48.58901514683693
2020-01-03,0.007308947194895277,True,0.012011894704909043,True,0.023124201820174717,True,0.01959150135567178,True,0.016697335989276585,True,0.008613788231260466,True,-0.009388388794381308,0.0033981064736485767,0.006426865830898132,0.002894165366395196,0.01959150135567178,0.002894165366395196,-0.002943650126156494,-0.012231126107127732,-0.00042680324370458766,0.0029876227059326688,0.04619445666520017,1.5420513967566596,96.27175631203262
2020-01-06,-0.01780999385270088,True,0.0,True,-0.016380909141059385,True,-0.016005817648575005,True,-0.009159944820263943,True,0.0008222168347524761,True,-0.008650049032436935,-0.0008222168347524761,-0.007220964320795442,-0.0068458728283110615,-0.016380909141059385,-0.007220964320795442,-0.013663535439795038,0.019913419913419883,0.007268063274903813,0.00641299700726794,0.01781833985223824,1.0588505503454442,67.54292317049483
2020-01-07,0.006044271110707822,True,0.03264107453807763,True,-0.010680880540587134,True,0.0041939927238614505,True,0.0064431674140430495,True,-0.01296975747273621,True,-0.00039889630333522774,0.04561083201081384,-0.017124047954630184,-0.002249174690181599,0.0041939927238614505,-0.002249174690181599,0.00551782682512747,-0.007176023638666207,-0.00042498937526569414,-0.01232469188270302,0.016393442622950838,1.0331302575065313,73.65710241107779
2020-01-08,-0.00267022450436305,True,-0.02011494481410514,True,0.01669144768580444,True,0.012106411410448104,True,-0.00013912094114654217,True,-0.006110418904333614,True,-0.002531103563216508,-0.014004525909771526,0.01683056862695098,0.012245532351594646,0.012106411410448104,0.012245532351594646,-0.009353741496598622,-0.02961373390557942,-0.022481625594466093,-0.01037613488975353,0.01774123755949808,0.6087851291430018,66.49888213323207
2020-01-09,0.0026773736932059755,True,0.005864987371545727,True,0.0016768564710651912,True,0.0018757706158885057,True,0.007516373647504793,True,-0.005321464528063369,True,-0.004838999954298817,0.011186451899609096,-0.0058395171764396014,-0.005640603031616287,0.0018757706158885057,-0.005640603031616287,0.011057054400707589,0.014435695538057791,0.011780104712041828,0.019197207678882888,-0.03705281090289603,0.9413386281069178,12.265030293097354
2020-01-10,0.002670288167537116,True,0.06705552431691708,True,0.0057189598429174815,True,0.010982224007811237,True,0.008473414582284455,True,0.01299221285362595,True,-0.005803126414747339,0.05406331146329113,-0.002754454739366974,0.002508809425526781,0.0057189598429174815,-0.002754454739366974,0.00862440707201384,0.0021376656690894613,-0.002977456401531242,0.014461931093151748,-0.02726510067114085,0.7892483833789539,56.98455214817065
2020-01-13,-0.01398136030271735,True,-0.02732262337889335,True,-0.00832177119955757,True,0.005349360342271847,True,-0.002557408183894605,True,0.004512753993844765,True,-0.011423952118822744,-0.031835377372738116,-0.0057643630156629655,0.007906768526166452,-0.00832177119955757,-0.0057643630156629655,0.008105802047781552,0.04824375793482871,0.02993762993762994,0.01538461538461533,-0.007620660457239747,0.8969803752846199,70.11584342438134
2020-01-14,0.023632641315243674,True,0.002808989699963904,True,0.013985896275532816,True,0.03135238861474554,True,0.011537117385603812,True,0.0073822962303511375,True,0.012095523929639862,-0.004573306530387233,0.002448778889929004,0.01981527122914173,0.023632641315243674,0.012095523929639862,0.002018570851836987,-0.025382755842062843,-0.006978653530377632,-0.0016420361247947435,0.043826380109565966,1.9392113139291516,92.96522964723067
2020-01-15,0.007915559813120199,True,0.030812556670045677,True,0.002068937423052475,True,-0.018652136679248255,True,-0.003937307284546332,True,0.005480669279664729,True,0.01185286709766653,0.025331887390380947,0.006006244707598807,-0.014714829394701923,0.002068937423052475,0.006006244707598807,-0.003720545680033105,0.021576763485477102,0.014421096003296219,0.009476720230737534,-0.006570841889117163,1.1738874512983477,55.77240019509624
2020-01-16,-0.003926666687887215,True,-0.016304564459350024,True,-0.014797061905641562,True,-0.0069153007484463735,True,0.0004087908931482698,True,-0.007219299036852145,True,-0.0043354575810354845,-0.009085265422497879,-0.015205852798789832,-0.007324091641594643,-0.0069153007484463735,-0.007324091641594643,0.00040617384240437815,-0.01299228583028833,-0.004911993450675389,-0.014735980352026168,0.003668976763147036,1.181772154081574,72.23995924133325
2020-01-17,0.01773978313747193,True,-0.022099236311889148,True,0.01613716674703558,True,0.013682614180856145,True,0.009583418433274149,True,-0.0020633843169385324,True,0.008156364704197783,-0.020035851994950615,0.006553748313761432,0.004099195747581996,0.01613716674703558,0.006553748313761432,0.0012340600575895255,-0.016844700082169317,-0.011565468814539459,-0.01363073110285018,0.011231281198003318,0.8163938914335991,47.00497952903545
2020-01-20,-0.007101333654139008,True,0.016949154435420777,True,0.004124788796181722,True,0.0014056451530159997,True,0.0049486680534120975,True,0.0019358985398496564,True,-0.012050001707551106,0.01501325589557112,-0.0008238792572303755,-0.003543022900396098,0.0014056451530159997,-0.003543022900396098,-0.003760969494358557,0.028942953020134388,0.016155758077879057,0.02692626346313176,0.02177625960717333,0.7612750177188073,25.320482764898287
2020-01-21,0.0,False,0.0,True,0.0,False,0.0,False,0.0,False,0.0023506402065771592,True,0.0,-0.0023506402065771592,0.0,0.0,0.0,0.0,-0.0032613126783531676,-0.015132924335378384,-0.017142857142857237,-0.03673469387755102,0.059153713298791155,1.0656913811657933,69.6030644354157
2020-01-22,0.0019505677989575254,True,0.0,False,0.0008215039083505626,True,-0.005375183576674547,True,-0.00044764420312481956,True,0.0,False,0.002398212002082345,0.0,0.0012691481114753822,-0.0049275393735497275,0.0008215039083505626,0.0012691481114753822,-0.01287375415282388,0.04627681952040397,0.056050955414012726,0.06666666666666665,0.10306917086578116,0.9721068553133397,36.837692274196854
2020-01-23,-0.012329628959419359,True,0.0,False,0.008209162590233632,True,0.008752184250901296,True,0.0026423688780496946,True,0.0,False,-0.014971997837469053,0.0,0.005566793712183937,0.006109815372851601,0.008209162590233632,0.005566793712183937,-0.01487736228387615,-0.021632653061224527,-0.046159968165539245,-0.14166335057699952,0.11976587122917604,1.5858472399848598,76.19070047561408
2020-02-03,-0.05453350257188161,True,-0.15000001647424932,True,-0.06656249063173203,True,-0.05469596622527728,True,-0.021440955598210687,True,-0.05145847648574775,True,-0.03309254697367092,-0.09854153998850157,-0.04512153503352134,-0.033255010627066595,-0.05469596622527728,-0.033255010627066595,-0.10012515644555686,0.0,0.0,-0.04914232730644408,0.07008928571428563,1.4277448165640463,31.488992114665606
2020-02-04,0.006254287475075504,True,-0.06209164050060534,True,0.01366549686222518,True,0.016495383943609276,True,0.015109243715738518,True,-0.012194734474999636,True,-0.008854956240663014,-0.0498969060256057,-0.001443746853513339,0.001386140227870758,0.01366549686222518,-0.001443746853513339,-0.10013908205841449,0.07058217413704271,-0.028063610851262744,-0.02666043030869969,-0.03877005347593587,0.11698981595259032,7.626096001977132
2020-02-05,0.03522101139535461,True,0.045296317491508864,True,0.032197991306305074,True,0.028294282269704762,True,0.022888849835830838,True,0.01770157794004157,True,0.012332161559523769,0.027594739551467296,0.009309141470474236,0.005405432433873925,0.032197991306305074,0.009309141470474236,0.0,-0.010587102983638186,-0.02789598108747049,-0.03877068557919627,-0.05716878402903813,1.634144890739368,5.0878077951219325
2020-02-06,0.006004012939432979,True,-0.03999993937476132,True,0.019869508127825064,True,0.014688558454754252,True,0.0032970349774075203,True,0.0015316993741878449,True,0.0027069779620254586,-0.04153163874894916,0.016572473150417544,0.011391523477346732,0.014688558454754252,0.011391523477346732,0.0004863813229571967,0.01361205639280505,0.031667491340920284,0.07323107372587834,-0.07387387387387379,1.3909203454457537,4.29213018851928
2020-02-07,-0.011273214665386111,True,0.03819437842351192,True,0.0006810097628300316,True,0.013917727055619444,True,0.008632167983471328,True,0.015212143523791744,True,-0.01990538264885744,0.022982234899720178,-0.007951158220641297,0.005285559072148116,0.0006810097628300316,-0.007951158220641297,0.005275779376498813,0.056774809160305306,0.007276034561164213,0.0013642564802183177,-0.06123367852318773,1.209100946808234,32.23254857479799
2020-02-10,-0.06505702729414642,True,-0.04347833273629331,True,-0.022872629824745028,True,-0.010461971330147146,True,-0.004300927772054597,True,-0.011648838166466002,True,-0.06075609952209182,-0.03182949456982731,-0.01857170205269043,-0.006161043558092549,-0.022872629824745028,-0.01857170205269043,0.005869074492099502,-0.017055655296229877,0.000914076782449813,0.0031992687385740126,-0.06854499579478557,1.5201375762213911,81.26595807940824
2020-02-11,-0.028694378089735517,True,0.006993146688596186,True,0.015744805165289977,True,0.04523218286015074,True,0.012085546911236644,True,-0.00333590743720924,True,-0.04077992500097216,0.010329054125805426,0.0036592582540533325,0.033146635948914094,0.015744805165289977,0.0036592582540533325,0.004566210045662267,0.010909090909090757,0.00907441016333932,-0.0013611615245008313,-0.06490179333902646,1.0188943111672457,63.573960882165366
2020-02-12,0.024372224862317715,True,0.03124993350238192,True,0.021124785622972375,True,0.01870928143264372,True,0.0001725091427451364,True,0.007773386901350765,True,0.02419971571957258,0.023476546601031156,0.02095227648022724,0.018536772289898584,0.021124785622972375,0.02095227648022724,-0.010791366906474753,0.014545454545454639,0.021510297482837393,0.021510297482837393,-0.056027164685908404,1.1445419759227926,77.12158306319637
2020-02-13,0.005046841773740818,True,0.043771049598074985,True,0.014105233643825876,True,0.01735786266526551,True,0.00974077688354913,True,0.009443588178376539,True,-0.0046939351098083115,0.034327461419698446,0.004364456760276747,0.007617085781716382,0.014105233643825876,0.004364456760276747,-0.00851254480286745,0.011748757342973315,0.004035874439461962,0.01704035874439458,-0.05102040816326536,1.0226463821428773,80.5293684145978
2020-02-14,-0.004304122507063468,True,-0.016129098086491434,True,0.0023845153137509456,True,-0.006457847590822796,True,-0.0012802358527402857,True,0.0014939323306382146,True,-0.0030238866543231824,-0.017623030417129648,0.0036647511664912313,-0.00517761173808251,-0.004304122507063468,-0.0030238866543231824,-0.004019651630192023,0.030493273542600896,0.003493449781659441,0.011353711790393017,-0.009730207872622909,1.0512962449096506,84.55528085640009
2020-02-17,-0.01368879917082555,True,0.03278702125476496,True,-0.004294871466200778,True,0.07020462125596749,True,0.002863369426671758,True,0.0020285250674898503,True,-0.016552168597497308,0.03075849618727511,-0.007158240892872536,0.06734125182929573,-0.004294871466200778,-0.007158240892872536,0.013489991296779857,0.0609703735508802,0.0609703735508802,0.06655216831258048,-0.009055627425614499,1.1747230371719968,96.55676476489205
2020-02-18,0.0,False,-0.012698601772478502,True,0.0,False,0.0,False,0.0,False,-0.004417040786817261,True,0.0,-0.00828156098566124,0.0,0.0,0.0,0.0,0.0016187778227438887,0.0,-0.008413461538461564,-0.018429487179487225,0.05418088737201354,1.5785345398075716,99.38037874809649
2020-02-19,-0.011687352251009364,True,0.009646495402253485,True,-0.014997737423891544,True,0.023396434118451825,True,0.0003836950045330578,True,-0.009735980090710195,True,-0.012071047255542422,0.01938247549296368,-0.015381432428424602,0.023012739113918768,-0.011687352251009364,-0.012071047255542422,-0.009292929292929353,-0.009787928221859588,-0.01019160211985326,-0.0012229922543823823,-0.0008074283407347727,1.3294039081889542,99.4030170798485
2020-02-20,0.008130126572249763,True,0.0,True,0.025736083306625357,True,0.0611321573280712,True,0.009585316106893504,True,0.009430814593149428,True,-0.0014551895346437416,-0.009430814593149428,0.016150767199731852,0.0515468412211777,0.025736083306625357,0.016150767199731852,-0.0012355848434926209,0.012783505154639219,0.01866445458316046,0.06097055163832432,0.003720545680033105,1.3056386431706384,53.48301727022928
2020-02-21,0.0021993938574844663,True,0.009554140728906813,True,-0.015763538395034304,True,-0.019065610560556667,True,-0.009283667690842545,True,-0.002870181110421255,True,0.011483061548327012,0.012424321839328067,-0.006479870704191759,-0.009781942869714122,-0.015763538395034304,-0.006479870704191759,0.005293159609120579,0.030781692993114618,-0.01203416149068337,0.05512422360248448,-0.002437043054427379,1.1523817492779538,69.99713087595413
2020-02-24,-0.026335014972058812,True,0.015772684556848215,True,-0.029362785805003178,True,-0.047392312410043824,True,-0.01920920113644975,True,-0.003304045844531478,True,-0.007125813835609063,0.019076730401379693,-0.010153584668553428,-0.028183111273594075,-0.029362785805003178,-0.010153584668553428,0.005893909626719207,0.09375,0.0,0.07964285714285713,0.04689428218839975,1.4488957021996243,90.7878087189078
2020-02-25,-0.00826450840598325,True,-0.027950317423012905,True,-0.045307751669931506,True,-0.07069757017753342,True,-0.03856349918166402,True,-0.01296208801300791,True,0.030298990775680767,-0.014988229410004994,-0.006744252488267488,-0.0321340709958694,-0.045307751669931506,-0.006744252488267488,0.046428571428571486,0.05119453924914685,0.050835892186966936,0.04708290685772787,0.17007939824488094,1.2463478663430214,98.14676602833838
2020-02-26,0.006060600368335001,True,0.01916939707649723,True,-0.02880598129817935,True,-0.0410931979923721,True,-0.02719181510597779,True,0.0004647084456124162,True,0.03325241547431279,0.018704688630884814,-0.0016141661922015604,-0.013901382886394309,-0.02880598129817935,-0.0016141661922015604,0.0006493506493505663,-0.06554185593770279,-0.06432748538011701,-0.051656920077972734,0.25560538116591935,2.625216004079599,99.32714618719619
2020-02-27,-0.020331288367348987,True,-0.03134803018264476,True,0.006006288108078017,True,0.021369727653040238,True,0.005154078646003368,True,-0.009238147526706042,True,-0.025485367013352356,-0.022109882655938717,0.000852209462074649,0.01621564900703687,0.006006288108078017,0.000852209462074649,-0.002777777777777879,-0.03203342618384397,-0.028651292802236217,-0.06743535988819005,0.1960132890365449,1.9272233544325963,52.00646755826244
2020-02-28,-0.01460419144619396,True,-0.04207114419979663,True,-0.0460677173763967,True,-0.055665526270078036,True,-0.0500740070977036,True,-0.012371426885161796,True,0.03546981565150964,-0.029699717314634833,0.004006289721306899,-0.005591519172374437,-0.0460677173763967,0.004006289721306899,-0.046762589928057596,-0.015094339622641506,-0.024663677130044803,0.001494768310911887,0.11781262565339756,1.3686133567464422,35.22489346375242
2020-03-02,0.013260536688045166,True,0.0,False,0.019703391321132635,True,0.06916078065248077,True,0.0007780025357806419,True,0.0,False,0.012482534152264524,0.0,0.018925388785351993,0.06838277811670013,0.019703391321132635,0.018925388785351993,0.03869731800766285,0.056067871634083444,0.06076324564653568,0.11522786217117464,0.08886107634543183,1.2365761152656667,16.796791895855122
2020-03-03,0.023094703311841602,True,0.04729737356140551,True,0.0346289970594269,True,0.02354927685382191,True,0.05160354181259419,True,-0.010778261554648227,True,-0.028508838500752587,0.058075635116053737,-0.016974544753167287,-0.02805426495877228,0.02354927685382191,-0.02805426495877228,0.030387705204331095,-0.03762711864406776,-0.0505016722408026,-0.06755852842809362,0.32730644413537324,1.2639517006040355,67.46261719381944
2020-03-04,-0.013544041060379652,True,0.10000001275425774,True,-0.03281090835327516,True,-0.03812886250832881,True,-0.032067224150322815,True,0.014078181755713626,True,0.018523183089943163,0.08592183099854411,-0.0007436842029523438,-0.006061638358005994,-0.03281090835327516,-0.0007436842029523438,-0.020781965480803133,-0.01151079136690647,-0.006866642573184034,0.026020961329960235,0.36621751684311854,1.40187891499824,60.47582873700461
2020-03-05,0.026697207523683097,True,0.04105560728759716,True,0.051264728221753986,True,0.07002895804104803,True,0.04172215648363187,True,0.005705462738537559,True,-0.01502494895994877,0.0353501445490596,0.009542571738122119,0.02830680155741616,0.051264728221753986,0.009542571738122119,0.04002911208151372,-0.031140657802659066,-0.013186029935851606,-0.020313613684960763,0.33657587548638124,0.7662144884200454,33.87298633208982
2020-03-06,-0.029717653595589533,True,0.04225364191396985,True,-0.031405288058135916,True,-0.03943619350749106,True,-0.03038222437190352,True,0.010750258491384113,True,0.0006645707763139885,0.03150338342258574,-0.001023063686232395,-0.009053969135587536,-0.031405288058135916,-0.001023063686232395,-0.03214156735283502,0.01679104477611948,-0.014822848879248007,-0.033261026753434675,0.32805755395683445,0.767268084649061,45.03281671882309
2020-03-09,-0.019142418986793364,True,0.08648638886843707,True,-0.0192609647658486,True,-0.026528677449619953,True,-0.01687216696870164,True,-0.016761941302546934,True,-0.002270252018091723,0.103248330170984,-0.0023887977971469576,-0.009656510480918312,-0.0192609647658486,-0.0023887977971469576,-0.024587155963302854,0.01015801354401824,-0.03763440860215039,-0.028315412186379896,0.2302483069977428,0.42268601141000667,26.378177666646224
2020-03-10,-0.11007031654169264,True,-0.07213931767292703,True,-0.08318157930776149,True,-0.07743212774954955,True,-0.06946427435445601,True,-0.030398843907202378,True,-0.040606042187236624,-0.04174047376572465,-0.013717304953305476,-0.007967853395093538,-0.08318157930776149,-0.013717304953305476,-0.010800744878957325,0.11219879518072284,0.08762886597938135,0.10382916053019153,0.226027397260274,0.6652775752903619,15.045959347494232
2020-03-11,0.02543859399623516,True,0.0991957314853622,True,0.06161599849538346,True,0.06372244291298035,True,0.05445044855403802,True,0.0023593770113128354,True,-0.029011854557802863,0.09683635447404937,0.007165549941345439,0.009271994358942326,0.06161599849538346,0.007165549941345439,0.005754908598510466,-0.04173678895994626,-0.06869479882237495,-0.07425580634609097,0.3282374100719425,1.1472711106550517,87.4665745603474
2020-03-12,-0.0958083768829664,True,0.07804879554101674,True,-0.05398873731566256,True,-0.05595992283488793,True,-0.04355516762458289,True,-0.00997770160082534,True,-0.052253209258383504,0.08802649714184207,-0.01043356969107967,-0.01240475521030504,-0.05595992283488793,-0.01240475521030504,-0.03161222339304526,0.02103735944867613,-0.0024805102763997278,-0.0389794472005669,0.27553763440860224,1.1176111830879913,52.12015822039467
2020-03-13,-0.07757802445592743,True,-0.09954752912185294,True,-0.10557518582572556,True,-0.1223678494425805,True,-0.09169119510483514,True,-0.04327524383247272,True,0.014113170648907714,-0.05627228528938022,-0.013883990720890416,-0.030676654337745357,-0.10557518582572556,-0.013883990720890416,-0.04902309058614562,0.06836010459469555,0.037735849056603765,0.01632801161103048,0.2572577043322912,0.5683975556509432,41.97441026213757
2020-03-16,0.03692304171048688,True,0.09798996921782122,True,0.09695239604671801,True,0.11340206185567014,True,0.08470552715759005,True,-0.028155937115130758,True,-0.047782485447103173,0.12614590633295197,0.01224686888912796,0.02869653469808009,0.09695239604671801,0.01224686888912796,0.013636363636363447,-0.10451879958606414,-0.0761565836298933,-0.09003558718861215,0.24456048738033065,0.772794508387047,62.50325299146065
2020-03-17,-0.09297721189955421,True,-0.09382134632188877,True,-0.14411621505551286,True,-0.1845207472305257,True,-0.11978772966385387,True,-0.04058701327800729,True,0.026810517764299657,-0.05323433304388148,-0.024328485391658994,-0.06473301756667182,-0.14411621505551286,-0.024328485391658994,0.020416024653312714,-0.04530011325028305,0.011600000000000055,0.024799999999999933,0.05058680696074469,0.8929984287125137,12.133892063503566
2020-03-18,0.1243184660673946,True,0.012626062938414728,True,0.08100420342518633,True,0.10626272181022745,True,0.07584158196847457,True,-0.028621758063212988,True,0.04847688409892004,0.041247821001627716,0.005162621456711758,0.030421139841752876,0.10626272181022745,0.030421139841752876,0.016211941478845304,-0.05019455252918281,-0.05789270551910464,-0.03319181783095326,0.021818181818181737,0.6758706086698683,8.61146659506332
2020-03-19,-0.11154224300675097,True,-0.0473815554782101,True,-0.08309899562575995,True,-0.06650725564534077,True,-0.030416068766582316,True,-0.023407693276175978,True,-0.08112617424016866,-0.023973862202034124,-0.05268292685917764,-0.03609118687875845,-0.08309899562575995,-0.05268292685917764,-0.0012290045063498845,0.0668580803937655,0.02887658227848111,0.030063291139240444,0.00535420098846795,0.5497966922476258,4.885745255610161
2020-03-20,0.08951961883011239,True,-0.09947635687967826,True,0.01771048633486827,True,0.050044654001041966,True,0.006002201633866777,True,-0.05828715885032054,True,0.08351741719624561,-0.04118919802935772,0.011708284701001492,0.04404245236717519,0.050044654001041966,0.04404245236717519,0.02076124567474036,-0.024482109227871973,-0.0057581573896353655,-0.006142034548944353,0.05903908794788282,0.8308719127026738,63.03745147873451
2020-03-23,-0.0991983784095769,True,0.046511633252866114,True,-0.017499429784779252,True,-0.033901425547388064,True,-0.03917611586250258,True,0.06367104732087459,True,-0.06002226254707432,-0.01715941406800847,0.02167668607772333,0.005274690315114516,-0.033901425547388064,0.005274690315114516,-0.03474903474903468,0.008000000000000007,-0.03114186851211076,-0.012302960399846241,0.017681728880157177,0.5841580889271296,58.14909872012409
2020-03-24,-0.01668516377632978,True,-0.01388900024261075,True,0.037106631402232804,True,0.03373013041349493,True,0.0007221551511626956,True,-0.03725971656485161,True,-0.017407318927492477,0.02337071632224086,0.03638447625107011,0.033007975262332234,0.03373013041349493,0.033007975262332234,0.026190476190476097,-0.008120649651972234,-0.009652509652509633,0.027799227799227832,-0.10000000000000009,0.47596242996724936,29.265369870038498
2020-03-25,0.13461533482382704,True,0.061971956165386866,True,0.10323446011308457,True,0.1715640396311202,True,0.07743758153679536,True,0.044498143603850515,True,0.057177753287031674,0.01747381256153635,0.025796878576289206,0.09412645809432485,0.13461533482382704,0.057177753287031674,0.029239766081871288,0.0,-0.003397508493771184,-0.014345035862589617,-0.16720779220779225,0.5552441462247777,56.83327794431776
2020-03-26,0.016949160600185476,True,0.07161793977042463,True,-0.007523950768507648,True,-0.01428674086285009,True,-0.0074048715438889134,True,0.038675918062570425,True,0.02435403214407439,0.03294202170785421,-0.00011907922461873444,-0.006881869318961176,-0.007523950768507648,-0.00011907922461873444,-0.011363636363636243,-0.016475095785440597,-0.018355640535372753,-0.011472275334607929,-0.08333333333333337,0.6967062855518608,81.22470572332489
2020-03-27,0.0705882627933776,True,0.039603870281032405,True,0.06064826307737303,True,0.047308820938247065,True,0.05266018119563132,True,0.009498468240493496,True,0.01792808159774628,0.03010540204053891,0.007988081881741715,-0.005351360257384252,0.06064826307737303,0.007988081881741715,0.017530190884300634,-0.03943338437978561,-0.0256310679611651,-0.07184466019417479,-0.07661870503597124,0.47416003404894963,38.67903499255796
2020-03-30,-0.09523809107938985,True,0.10000002824157495,True,-0.05529091141499165,True,-0.017532320352171338,True,-0.03439281851408049,True,-0.00384542358084472,True,-0.06084527256530936,0.10384545182241967,-0.020898092900911158,0.016860498161909154,-0.05529091141499165,-0.020898092900911158,-0.031088082901554404,-0.023447141094199986,0.0025337837837837718,0.022804054054053946,-0.03869731800766285,0.4723892250119567,21.109057611516732
2020-03-31,0.0030364101845852254,True,0.02164511278272707,True,0.0392208236117495,True,0.05088430859142434,True,0.03637351253137622,True,-0.007164739469419867,True,-0.03333710234679099,0.02880985225214694,0.0028473110803732826,0.014510796060048126,0.0392208236117495,0.0028473110803732826,0.020219039595619215,-0.02229562345169278,-0.009205020920502016,-0.0020920502092048876,-0.17079986028641292,0.6432653921052417,6.777420799703037
2020-04-01,0.04339054609451587,True,0.027542293728286538,True,-0.019748998476636248,True,-0.007492620794275484,True,-0.008540095559432248,True,0.008165580451204635,True,0.05193064165394812,0.019376713277081903,-0.011208902917204,0.001047474765156764,-0.007492620794275484,0.001047474765156764,0.0004222972972973693,-0.00886449978894055,-0.02451184046530952,-0.028666389696717975,-0.16590348714336045,0.4443946822911271,6.391685131748844
2020-04-02,-0.06769823974228284,True,0.03711349266060893,True,-0.049598687377663264,True,-0.07788312689272014,True,-0.04248933448624492,True,-0.004576577551693939,True,-0.025208905256037917,0.041690070212302865,-0.007109352891418341,-0.03539379240647522,-0.06769823974228284,-0.025208905256037917,-0.010647359454855176,0.04778303917348259,0.042398286937901375,0.023126338329764407,-0.14556040756914113,0.5683300467115476,4.633562648309436
2020-04-03,-0.008298746976857507,True,0.0,False,0.02694697295509263,True,0.051014247918776734,True,0.02029482911759084,True,0.0,False,-0.028593576094448347,0.0,0.006652143837501789,0.030719418801185894,0.02694697295509263,0.006652143837501789,-0.005751848808545623,-0.025619834710743805,-0.023602484472049712,-0.001242236024844634,-0.12098230408089561,0.6791011044121472,71.66394026205681
2020-04-07,0.0993723606241459,True,0.0695825945139843,True,0.07740748089504246,True,0.05061237294676513,True,0.05628738580022041,True,0.016050940841430217,True,0.04308497482392548,0.05353165367255408,0.021120095094822045,-0.005675012853455286,0.07740748089504246,0.021120095094822045,0.026293469041560602,0.05413223140495882,0.04592045920459209,0.045510455104551095,-0.1346788990825688,0.5555192814247456,31.960228084381754
2020-04-08,0.0028543988884748295,True,0.05390334968632171,True,-0.0030849726676550615,True,-0.034910419868766196,True,-0.00040703658349072747,True,0.01809289275629844,True,0.003261435471965557,0.03581045693002327,-0.002677936084164334,-0.03450338328527547,-0.0030849726676550615,-0.002677936084164334,-0.008232065856526916,0.008300395256916948,-0.004293520686963315,0.013661202185792254,-0.049906890130353765,1.1191200845302933,82.15991663386448
2020-04-09,0.03605314191804898,True,-0.06525580620509808,True,0.0331433300838293,True,0.03057552251120721,True,0.02123216313117071,True,0.01411310313889702,True,0.01482097878687827,-0.0793689093439951,0.011911166952658592,0.009343359380036498,0.0331433300838293,0.011911166952658592,0.007056056448451642,-0.0027247956403270157,-0.013477088948786964,-0.028109356950327347,-0.1364251861882193,0.7664633201461059,82.15991663386448
2020-04-10,0.004578772013327015,True,-0.04339615828946708,True,-0.023646241222178954,True,-0.014984024488738368,True,0.0014458236497751908,True,-0.0017795406101417388,True,0.003132948363551824,-0.04161661767932534,-0.025092064871954145,-0.01642984813851356,-0.014984024488738368,-0.01642984813851356,0.0,-0.02771272443403594,-0.015415019762845872,-0.03952569169960474,-0.10010537407797682,0.6517729058413083,84.7286092164672
2020-04-13,0.0,False,0.04142004358871754,True,0.0,False,0.0,False,0.0,False,0.0037730055192402023,True,0.0,0.037647038069477334,0.0,0.0,0.0,0.0,-0.01726214371738255,0.004493464052287566,0.018219461697722705,0.040165631469979424,-0.11509769094138544,0.5624922756384229,29.638788498405802
2020-04-14,-0.004557902417299142,True,0.015151442537741477,True,0.013078227421347899,True,0.026240648945569323,True,0.010803624672715673,True,-0.005748460807124545,True,-0.015361527090014815,0.020899903344866022,0.0022746027486322262,0.01543702427285365,0.013078227421347899,0.0022746027486322262,0.013013420089467376,0.014050582095544106,0.007578779417630743,0.01954527323494215,-0.14020979020979019,0.5048485154126118,18.686722648530534
2020-04-15,0.010989000432297447,True,0.07276128389690895,True,0.04374838749285681,True,0.05225127552199704,True,0.04349121664323974,True,0.023142451541110498,True,-0.03250221621094229,0.04961883235579845,0.00025717084961707215,0.008760058878757304,0.04374838749285681,0.00025717084961707215,0.006730007917656211,-0.022021234762091946,-0.02317360565593085,-0.03574234092694428,-0.026964560862866027,0.5751099834100335,68.07935074869681
2020-04-16,-0.0797101555689872,True,-0.03304348280514657,True,-0.026950527819128434,True,-0.010952607731238184,True,-0.011469914101573053,True,0.011058762220451213,True,-0.06824024146741414,-0.044102245025597786,-0.01548061371755538,0.000517306370334869,-0.026950527819128434,-0.01548061371755538,-0.013268998793727449,0.011817440912795352,0.008939455505891925,0.027224705404307326,-0.016607354685646447,0.6984474385705856,39.878611321879035
2020-04-17,0.0029527296674942693,True,0.02877691139816596,True,0.026520246322355057,True,0.04935177328848894,True,0.01824005675621798,True,-0.0068658993602789264,True,-0.015287327088723712,0.03564281075844489,0.008280189566137075,0.03111171653227096,0.026520246322355057,0.008280189566137075,0.011276681433749491,0.02668259657506966,0.004285157771718007,0.016751071289442976,0.01720606308889816,0.5351483964883875,36.75546460209999
2020-04-20,0.0009813767707200771,True,-0.02797196464980589,True,0.009783586504876984,True,-0.008075830897478986,True,0.009566049615543415,True,0.02135415039137878,True,-0.008584672844823338,-0.04932611504118467,0.0002175368893335694,-0.0176418805130224,0.0009813767707200771,-0.008584672844823338,0.0027152831652443865,0.011605415860734825,0.014352211016291694,0.0038789759503490284,-0.008842752787389552,1.4079328012814556,86.60080770885207
2020-04-21,0.04215689345260487,True,-0.003597122813754461,True,-0.021194449572186524,True,-0.018028250610239382,True,-0.011844424723062463,True,-0.0009748078790795534,True,0.054001318175667334,-0.0026223149346749075,-0.009350024849124061,-0.006183825887176919,-0.018028250610239382,-0.006183825887176919,-0.01032504780114718,0.03979907264296756,0.03699421965317917,0.03737957610789988,0.009652509652509744,0.9312773507784422,91.69771937193565
2020-04-22,-0.056444061619023156,True,-0.023465778689138794,True,-0.04477615687357961,True,-0.06110436089509719,True,-0.03689948934769105,True,-0.02817589602087156,True,-0.019544572271332106,0.004710117331732766,-0.007876667525888559,-0.024204871547406137,-0.056444061619023156,-0.019544572271332106,-0.0040876997398736625,-0.005597014925373234,0.0026335590669677167,-0.005643340857787726,0.06785714285714284,1.2702274440727992,96.7603145278498
2020-04-23,0.02193422461474359,True,0.04805930642684353,True,0.05650910114221408,True,0.06174173786684456,True,0.029674674454599925,True,0.001877869745471994,True,-0.007740449839856334,0.046181436681371535,0.026834426687614155,0.032067063412244634,0.05650910114221408,0.026834426687614155,0.006003752345215663,-0.027228646027601666,-0.006854531607006997,-0.012947448591012933,0.03898635477582846,1.0703384246146714,68.27471161403238
2020-04-24,0.02048780859970467,True,0.0052909359276898105,True,-0.009195337440361162,True,-0.00747848952526553,True,-0.0021333103979012114,True,0.005701495178740634,True,0.022621118997605882,-0.0004105592510508238,-0.007062027042459951,-0.005345179127364319,-0.00747848952526553,-0.005345179127364319,-0.0007668711656441118,-0.019186492709132752,-0.007763975155279601,-0.01591614906832295,-0.012121212121212088,0.9480299503811473,29.803845986253606
2020-04-27,0.028680706466613914,True,0.005263227990159658,True,0.02018560740411246,True,0.01964701953450687,True,0.0157705320053787,True,-0.0018472383179533036,True,0.012910174461235213,0.0071104663081129615,0.004415075398733759,0.0038764875291281697,0.02018560740411246,0.004415075398733759,0.0035211267605632646,0.0003898635477583845,-0.0038819875776398005,-0.0023291925465839247,-0.004285157771717896,0.6178332193039038,14.695534083502437
2020-04-28,0.05390333748778442,True,0.09947644665465805,True,0.012356852650924788,True,0.025864087439722017,True,0.008043539797244481,True,0.021252683990491628,True,0.04585979769053994,0.07822376266416642,0.004313312853680307,0.017820547642477536,0.025864087439722017,0.017820547642477536,-0.002338269680436378,0.018749999999999822,0.03904382470119505,0.04342629482071714,0.022718214428059103,0.5308012211227555,28.613784398717144
2020-04-29,-0.03615518887965308,True,-0.007936633952679295,True,-0.006664811986546226,True,-0.019253993744175246,True,-0.01883459791480313,True,0.0046170904336466645,True,-0.017320590964849947,-0.01255372438632596,0.012169785928256904,-0.0004193958293721156,-0.019253993744175246,-0.0004193958293721156,-0.008819018404907841,-0.003868471953578423,-0.013409961685823757,0.010727969348658828,0.09856781802864356,0.9379543230662936,69.8861131793614
2020-04-30,0.06404389658924892,True,0.027200068423229862,True,0.04696575313478979,True,0.024368408623901994,True,0.03546091114316052,True,0.014709804067668975,True,0.028582985446088394,0.012490264355560887,0.011504841991629267,-0.01109250251925853,0.04696575313478979,0.011504841991629267,0.011650485436893288,0.03109404990403064,0.00561587420441767,0.0063646574316733595,0.08741554054054057,0.6489277527040169,36.61777080014898
2020-05-06,-0.05073088106467771,True,0.028037201873051254,True,-0.06019576215448974,True,-0.015814431248854177,True,-0.006118635151779461,True,0.0002219250127348804,True,-0.04461224591289825,0.027815276860316374,-0.05407712700271028,-0.009695796097074716,-0.05073088106467771,-0.04461224591289825,-0.008935219657483229,0.04395191585274216,0.035780842340663366,0.048825941110697046,0.1439522998296423,1.4553723346831926,84.91771033704615
2020-05-07,-0.0018115492897156082,True,-0.025757403753673414,True,0.011722314766333453,True,0.013787637685103382,True,0.006156303325713264,True,3.435086517500352e-05,True,-0.007967852615428872,-0.025791754618848417,0.005566011440620189,0.007631334359390118,0.011722314766333453,0.005566011440620189,0.021950341849586108,-0.03591549295774643,-0.0242337847469708,-0.006771204561653477,0.14174198849630248,1.3242580724160602,93.37605827409732
2020-05-08,0.023593399673985216,True,0.04199067390430922,True,0.009087462918073719,True,0.023775275711155563,True,0.012876679606197872,True,0.006305297102119134,True,0.010716720067787344,0.03568537680219008,-0.003789216688124153,0.010898596104957692,0.023593399673985216,0.010716720067787344,0.007669831994156384,-0.0065241029358462654,-0.008679927667269438,-0.003616636528028905,0.16115351993214588,1.304774704404831,62.48061321499014
2020-05-11,0.041666691325799254,True,-0.008955224937532646,True,0.025515995896562282,True,0.025026952703372185,True,0.013705011270826795,True,0.005395225679199145,True,0.02796168005497246,-0.014350450616731791,0.011810984625735488,0.01132194143254539,0.025515995896562282,0.011810984625735488,0.008820286659316334,-0.021129326047358732,-0.010313075506445557,-0.020626151012891336,0.07448059584476674,0.9398907295970482,64.21340618182472
2020-05-12,-0.02978726650806185,True,0.0015059051847796656,True,0.0005122196843012627,True,0.03238418617739591,True,0.008938556455030167,True,0.010259199677794317,True,-0.038725822963092016,-0.008753294493014652,-0.008426336770728904,0.023445629722365746,0.0005122196843012627,-0.008426336770728904,-0.004465947152958671,0.020560747663551426,0.017897091722595126,0.0026099925428784143,0.061054820640380925,1.0673079061335136,31.254895937457846
2020-05-13,-0.038596455711112254,True,0.03759399390314955,True,-0.02750126541518938,True,-0.032608316739141,True,-0.020936920126818026,True,-0.012148087115868345,True,-0.017659535584294228,0.04974208101901789,-0.006564345288371354,-0.01167139661232297,-0.032608316739141,-0.01167139661232297,-0.009157509157509125,0.0014787430683917968,0.004449388209121219,-0.0022246941045606095,0.07340629188799008,0.9222947488934637,70.08856209292334
2020-05-14,-0.04197080625418914,True,-0.026086847897564658,True,-0.01774997358891872,True,-0.002883602697315024,True,-0.012515675156580475,True,0.005404657227358944,True,-0.029455131097608667,-0.0314915051249236,-0.005234298432338247,0.00963207245926545,-0.01774997358891872,-0.005234298432338247,-0.007013658176448945,0.0018587360594795044,-0.0044329516069450126,-0.016254155892131528,0.09550885543772014,0.661519677330146,45.167242628382084
2020-05-15,0.013333366030738425,True,-0.03125012135049776,True,0.02802444966340456,True,0.032198223675576676,True,0.011352133268548226,True,-0.014388898352508783,True,0.0019812327621901993,-0.01686122299798898,0.016672316394856335,0.02084609040702845,0.02802444966340456,0.016672316394856335,0.0037105751391466324,-0.015896487985212593,0.0015048908954102824,-0.04740406320541757,0.10402995185613984,0.7133065729800278,30.64072181553429
2020-05-18,-0.030075247948591954,True,0.04761918065667192,True,-0.0227915499848671,True,0.05731261806070709,True,0.006491389305488537,True,0.003157445350705501,True,-0.03656663725408049,0.04446173530596642,-0.029282939290355636,0.05082122875521855,-0.0227915499848671,-0.029282939290355636,-0.010142749812171337,-0.05123339658444026,-0.011466982997232034,-0.006722024515618763,0.061586335887420685,1.21790585626977,12.17742256707885
2020-05-19,0.09011631130592024,True,-0.05278610379577142,True,0.043064204935331585,True,0.030562709866107207,True,0.018632246706981936,True,-0.0068766220854834526,True,0.0714840645989383,-0.04590948171028797,0.02443195822834965,0.01193046315912527,0.043064204935331585,0.02443195822834965,0.005199999999999871,0.005173099880620979,0.004373757455268468,-0.01153081510934395,0.012616123923902656,1.9245170672137546,1.7607150727766765
2020-05-20,0.0062221950954861605,True,0.0371518977696228,True,-0.003726795761038848,True,0.006314218830775653,True,-0.0025062073867641033,True,0.011162429035772137,True,0.008728402482250264,0.025989468733850662,-0.0012205883742747448,0.008820426217539756,0.0062221950954861605,0.008728402482250264,-0.005542359461599422,-0.019506369426751657,-0.0056519983851432976,-0.006055712555510628,0.024795575401052483,0.979299961428534,22.92398128932365
2020-05-21,0.03975271864584973,True,-0.023880481808946974,True,0.0362328553438549,True,0.018681147311148116,True,0.019968123810715,True,0.004360723241991327,True,0.019784594835134728,-0.0282412050509383,0.016264731533139898,-0.001286976499566883,0.0362328553438549,0.016264731533139898,0.004872107186358221,-0.026666666666666727,-0.012300123001230068,-0.013940139401394047,-0.03758559699154207,1.2050090029173144,11.21533152404244
2020-05-22,-0.045029793205820234,True,0.029051745943768248,True,-0.02533973615594365,True,-0.021711290301012265,True,-0.010890556053022471,True,0.009214485728075816,True,-0.03413923715279776,0.01983726021569243,-0.014449180102921177,-0.010820734247989794,-0.02533973615594365,-0.014449180102921177,-0.0037359900373599153,0.00708333333333333,-0.0024762690879075455,-0.0033016921172100977,-0.07200481725754826,0.8791539944865361,5.979633806550382
2020-05-25,0.010676146619453597,True,-0.008915306701308356,True,0.002106167687933036,True,0.0286032003758252,True,0.0034516363778247516,True,-0.017910032274092713,True,0.007224510241628845,0.008994725572784357,-0.0013454686898917156,0.025151563998000448,0.010676146619453597,0.007224510241628845,0.001654944145635051,-0.025196199917389528,-0.022774327122153104,-0.003726708074534124,-0.09521880080559375,0.7192927786798936,17.404359858272926
2020-05-26,0.0,False,-0.00599700292120342,True,0.0,False,0.0,False,0.0,False,0.005552535549505855,True,0.0,-0.011549538470709275,0.0,0.0,0.0,0.0,0.008474576271186418,0.009243697478991564,0.0012505210504376585,-0.007919966652771948,-0.1079372505112135,0.7732298757309259,6.3715715473577745
2020-05-27,0.02288734478341392,True,0.09954753505839964,True,0.008623633879781378,True,-0.03417804536837932,True,-0.0026995935683529204,True,0.011593063224077937,True,0.02558693835176684,0.0879544718343217,0.011323227448134299,-0.0314784518000264,0.008623633879781378,0.011323227448134299,0.0,-0.01540383014154878,-0.005048380311316825,-0.003786285233487563,-0.07221781087770118,0.7119898717223248,51.59276059705364
2020-05-28,0.034423457499487276,True,0.012345681690677512,True,0.015088398147111493,True,-0.02208138556500583,True,0.005457353743382853,True,0.0015867838637693144,True,0.028966103756104422,0.010758897826908198,0.009631044403728639,-0.027538739308388682,0.015088398147111493,0.009631044403728639,0.0,-0.009302325581395321,-0.007623888182973326,-0.016518424396442244,-0.06792489045852357,0.49048817483302853,27.873292516594944
2020-05-29,-0.03244595078786827,True,0.002710134830627542,True,-0.02137593283268413,True,-0.004486640930952079,True,-0.0013024798338733268,True,-0.006397812148794646,True,-0.031143470953994945,0.009107946979422188,-0.020073452998810803,-0.0031841610970787526,-0.02137593283268413,-0.020073452998810803,-0.014511310285958201,0.014724989172802072,0.007308684436801327,0.02708512467755808,-0.08019397172787812,0.8653777593571095,18.02087209528564
2020-06-01,-0.005159107396929152,True,0.006756864338778756,True,0.020034757502110034,True,0.0457759648822087,True,0.014652662994947052,True,-0.0001855115232637372,True,-0.019811770391876204,0.006942375862042494,0.005382094507162982,0.031123301887261645,0.020034757502110034,0.005382094507162982,0.009389671361502261,0.03128964059196626,-0.0004098360655736544,-0.0036885245901638886,-0.09500679887029728,0.494196934068082,18.02087209528564
2020-06-02,0.0017286480804852289,True,0.014764782242733698,True,-0.001489047009913702,True,-0.007802232162356981,True,0.0029997032253985534,True,0.012507528042516203,True,-0.0012710551449133245,0.0022572542002174956,-0.0044887502353122555,-0.010801935387755535,-0.001489047009913702,-0.0044887502353122555,0.008610086100861114,-0.011382113821138296,0.007874015748031482,0.0070451719850808114,-0.04585323554411791,1.1486284422829895,88.56587243423053
2020-06-03,0.024158734191963793,True,-0.04497355908603151,True,0.019670540183875485,True,0.0021573536578030073,True,0.006707584401707267,True,0.004414664683281888,True,0.017451149790256526,-0.0493882237693134,0.012962955782168217,-0.00455023074390426,0.019670540183875485,0.012962955782168217,0.00493421052631593,-0.004091653027823328,0.007033512618949134,0.008688456764584185,-0.08790898554231585,0.8508063422097282,78.69073092205599
2020-06-04,-0.02106149978182792,True,-0.023545495059421717,True,0.02757860782759769,True,-0.006317209650071098,True,0.004498708995704481,True,0.017274594120228137,True,-0.0255602087775324,-0.040820089179649854,0.02307989883189321,-0.01081591864577558,-0.006317209650071098,-0.01081591864577558,0.00041084634346755244,-0.00944558521560579,-0.009852216748768461,-0.010673234811165777,-0.11770738903436517,1.0556239963181733,79.96711774635928
2020-06-05,0.024096362799380433,True,-0.007092423707260709,True,0.011046836039036112,True,0.00011445849314850598,True,-0.0070133510614315275,True,0.006454883278277368,True,0.03110971386081196,-0.013547306985538077,0.01806018710046764,0.0071278095545800335,0.011046836039036112,0.01806018710046764,0.0,0.0012437810945271632,-0.0004139072847683112,0.0293874172185431,-0.11258968063120889,0.699371600586464,34.50189202323175
2020-06-08,0.011764735110138203,True,0.0,True,0.023595839940927954,True,0.017509598204761057,True,0.019827090300124528,True,0.0075632562784850865,True,-0.008062355189986325,-0.0075632562784850865,0.003768749640803426,-0.0023174920953634714,0.017509598204761057,-0.0023174920953634714,0.010351966873705987,0.0016393442622952836,-0.01768488745980701,-0.0237138263665595,-0.11245840715359778,0.5494778442249358,43.29456926992212
2020-06-09,0.039867150949456365,True,-0.029999897200660985,True,-0.0030124567700838822,True,-0.012892156499041962,True,0.007760212627025087,True,0.011404770059411762,True,0.03210693832243128,-0.04140466726007275,-0.01077266939710897,-0.02065236912606705,-0.0030124567700838822,-0.01077266939710897,0.003273322422258529,-0.010603588907014627,-0.004922067268252617,-0.01312551271534046,-0.09043542984741337,1.0162578336944639,84.22820287293808
2020-06-10,-0.009584731217720188,True,-0.0014728708532053547,True,0.0018391691752708272,True,0.02737065202128708,True,0.007244626458493775,True,0.002307433243995627,True,-0.016829357676213963,-0.0037803040972009816,-0.0054054572832229475,0.020126025562793304,0.0018391691752708272,-0.0054054572832229475,0.002061005770816138,-0.016454134101192897,-0.007059800664451776,-0.004152823920265725,-0.11135531135531129,0.6568251573242156,44.42163731411927
2020-06-11,-0.03629030831522506,True,-0.02359853673641832,True,0.0051140759242220835,True,0.03545737052874265,True,0.01200176256486385,True,0.0071366346265118175,True,-0.04829207088008891,-0.030735171362930136,-0.006887686640641766,0.0234556079638788,0.0051140759242220835,-0.006887686640641766,0.0008364700961940308,-0.006268282490597521,-0.010403662089055299,-0.027049521431544044,-0.11738648947951269,0.749442851572349,15.65297657510986
2020-06-12,-0.05439327438535291,True,0.01963728423238842,True,-0.06138288496191735,True,-0.060906775064254015,True,-0.04954913503699043,True,-0.015732773489590124,True,-0.004844139348362475,0.03537005772197854,-0.011833749924926917,-0.011357640027263582,-0.060906775064254015,-0.011357640027263582,-0.03280067283431465,0.018695652173913002,-0.0004266211604095904,-0.008532423208191253,-0.1176252319109462,0.9027038351449044,10.56851986144035
2020-06-15,-0.0017699519846088307,True,-0.038518351818077834,True,0.014108055888107485,True,0.015489801045585727,True,0.007948096307322627,True,-0.009173995828870574,True,-0.009718048291931458,-0.02934435598920726,0.006159959580784857,0.0075417047382631,0.014108055888107485,0.006159959580784857,-0.006402048655569703,0.006443298969072142,0.009043927648578753,0.027993109388458226,-0.11983471074380159,1.1267338003925995,3.8444257445698184
2020-06-16,0.03191494848171739,True,-0.04006163572259591,True,0.01295221177780026,True,0.027007890325537964,True,0.01216704658201384,True,-0.01082076191239445,True,0.019747901899703546,-0.029240873810201462,0.0007851651957864192,0.014840843743524124,0.027007890325537964,0.014840843743524124,0.011950490823730231,0.014761703922395508,0.013052631578947205,0.0189473684210526,-0.06279999999999997,1.0658539997605945,3.8444257445698184
2020-06-17,0.01975941026224004,True,0.09951814806388182,True,0.015628194024407627,True,-0.011472853887303569,True,0.017172764258240214,True,0.018165148074602566,True,0.0025866460039998262,0.08135299998927925,-0.0015445702338325873,-0.028645618145543783,0.015628194024407627,-0.0015445702338325873,0.005818786367414841,-0.00041322314049574427,0.005403158769742511,0.0029093931837074205,-0.04750593824228033,1.4664434008262093,82.77063952850011
2020-06-18,-0.016849183756813213,True,-0.030656714043636568,True,0.010591572081289025,True,0.018470613097178346,True,0.00317085416880869,True,0.001993651296721577,True,-0.020020037925621903,-0.032650365340358145,0.007420717912480335,0.015299758928369656,0.010591572081289025,0.007420717912480335,0.00041339396444795007,0.01694214876033051,0.013591433278418386,0.009472817133443279,-0.01786439301664622,1.0672356592782086,87.13026518958026
2020-06-19,-0.029991463511701788,True,-0.0015061433666990753,True,-0.0013842218128555794,True,-0.0019490679305422809,True,0.0027090057184704364,True,0.0011912200226560365,True,-0.032700469230172224,-0.002697363389355112,-0.004093227531326016,-0.004658073649012717,-0.0019490679305422809,-0.004658073649012717,0.00325071109305175,-0.009720534629404698,0.003694581280788256,0.013546798029556717,0.021585720215857362,1.3896267891708083,95.11583774281239
2020-06-22,0.01325093429756663,True,0.00452500722779825,True,-0.004686495065095109,True,0.004691663761842602,True,-0.00016366199448947238,True,0.00013251036532091476,True,0.013414596292056102,0.004392496862477335,-0.004522833070605636,0.004855325756332074,0.004691663761842602,0.004855325756332074,0.002044989775051187,0.003673469387755146,0.00203748981255103,-0.02037489812550941,0.01158460901944558,1.018003368292277,64.58356353199653
2020-06-23,-0.025283343949576875,True,-0.03753754199449433,True,0.00915184347516318,True,0.028668207958147063,True,0.011992585838074277,True,0.0019973692525536713,True,-0.03727592978765115,-0.039534911247048,-0.0028407423629110973,0.016675622120072786,0.00915184347516318,-0.0028407423629110973,0.0,-0.019113460756404965,0.0037453183520599342,0.017894298793175167,0.04194915254237297,1.195529346689093,77.32261962936316
2020-06-24,0.02593917298184434,True,-0.012480685805786651,True,0.0032857190430797267,True,-0.008056606163337476,True,0.008510943872970467,True,0.0034071462565861133,True,0.01742822910887387,-0.015887832062372764,-0.00522522482989074,-0.016567550036307943,0.0032857190430797267,-0.00522522482989074,0.0012437810945271632,0.03354037267080745,0.02673796791443861,0.023447141094199875,0.004163197335553592,1.0176379582073922,22.64149985817977
2020-06-29,-0.04969491152820937,True,0.011058580193632261,True,-0.032750414309783316,True,-0.03121659100770635,True,-0.034640715755893225,True,0.00416018525518802,True,-0.015054195772316148,0.006898394938444241,0.00189030144610991,0.003424124748186874,-0.032750414309783316,0.00189030144610991,-0.004807692307692402,-0.012882447665056418,-0.009693053311793265,-0.0040387722132472215,0.05539112050739958,1.854730219706821,78.07172827836375
2020-06-30,0.054128456260207125,True,0.0031250623576122294,True,0.01015786067445612,True,0.004915467309895005,True,0.01090662433331313,True,-0.010123758367093671,True,0.043221831926893994,0.013248820724705901,-0.0007487636588570101,-0.0059911570234181255,0.01015786067445612,-0.0007487636588570101,0.0077487765089723215,0.01092675030352086,0.01792991035044822,0.01792991035044822,0.04652155356380705,1.201934063298075,44.595652770086225
2020-07-01,0.032201905389861896,True,0.046728977718315745,True,0.024334701350369636,True,0.032363966043091885,True,0.01960151558237655,True,0.0068112886319833255,True,0.012600389807485346,0.03991768908633242,0.004733185767993087,0.012762450460715336,0.032201905389861896,0.012600389807485346,0.006004803843074447,-0.010346199761241515,-0.005199999999999982,-0.010000000000000009,0.06615450277422097,1.2765861073073432,70.78681609817815
2020-07-02,-0.04553119540345052,True,-0.005952499326026706,True,-0.011452860691580469,True,0.0033953366105470284,True,0.011672121921596279,True,0.007071507502006247,True,-0.0572033173250468,-0.013024006828032952,-0.023124982613176748,-0.00827678531104925,-0.011452860691580469,-0.023124982613176748,0.002010454362685987,0.014446227929374,0.02100161550888524,0.016558966074313508,0.019680196801968197,1.319258937686951,57.73392096500512
2020-07-03,0.055653721857339855,True,-0.005987906991940628,True,0.01529296996834395,True,0.008630969514878295,True,0.006786530574281802,True,0.00869145320269804,True,0.048867191283058053,-0.014679360194638669,0.008506439394062149,0.0018444389405964934,0.01529296996834395,0.008506439394062149,0.002768987341772222,0.01814595660749485,0.02339413164155424,0.03965107057890571,0.03947368421052633,1.5142233973347057,82.20074176949862
2020-07-06,0.0,False,0.03915651207826465,True,0.0,False,0.0,False,0.0,False,0.008811459322827009,True,0.0,0.03034505275543764,0.0,0.0,0.0,0.0,0.007361487795428223,0.023076923076923217,0.00681302043906129,0.02460257380772135,0.06039441248972888,1.871866156766078,92.8706189109187
2020-07-07,0.005857794946930728,True,0.018840698632023978,True,0.027582048729150044,True,0.02361535768095102,True,0.024584633153361013,True,0.017426924849405223,True,-0.018726838206430285,0.0014137737826187546,0.002997415575789031,-0.0009692754724099917,0.02361535768095102,-0.0009692754724099917,0.007518796992481258,-0.012686567164179152,-0.026490066225165476,-0.021339220014716664,0.10281923714759533,1.846602958988041,97.44196920122887
2020-07-08,-0.04076544976135932,True,-0.04125189521826267,True,-0.012437321752807318,True,0.0033031303506247944,True,-0.006888626099177952,True,-0.00195849268922077,True,-0.033876823662181366,-0.0392934025290419,-0.005548695653629365,0.010191756449802747,-0.012437321752807318,-0.005548695653629365,0.0,0.006802721088435382,0.019908116385911168,0.04632465543644715,0.09565217391304359,2.038070760681509,79.3979628497144
2020-07-09,0.006071175205526025,True,0.014836916057696214,True,0.014328857865308686,True,0.03487251108430289,True,0.013171371905701168,True,0.006385586408554689,True,-0.007100196700175143,0.008451329649141526,0.0011574859596075182,0.021701139178601725,0.014328857865308686,0.0011574859596075182,0.0037537537537537524,0.04899027673896783,0.018888485288775847,-0.002905920813657925,0.09001636661211121,1.8199762432887223,86.04358100157346
2020-07-10,-0.01379317205385755,True,-0.016081988813002046,True,0.017357329395316423,True,0.028680470580017214,True,0.008423300358680663,True,0.0018487796168837889,True,-0.022216472412538213,-0.017930768429885835,0.00893402903663576,0.02025717022133655,0.017357329395316423,0.00893402903663576,-0.011408199643493822,-0.017670393076090973,-0.015895953757225523,-0.018786127167630062,0.15622423742786484,2.0243008474269675,97.69452997830184
2020-07-13,-0.009615354957343447,True,0.007429304752715193,True,-0.003923090234723814,True,-0.0028309442459052425,True,0.0068275710354772645,True,-0.009760827019582585,True,-0.01644292599282071,0.01719013177229778,-0.010750661270201078,-0.009658515281382507,-0.003923090234723814,-0.010750661270201078,-0.00036710719530097524,0.027543150936467198,0.017084696474009453,0.006906579425663306,0.13927227101631123,1.4068345519221674,49.86596050048734
2020-07-14,0.03265665384382932,True,0.0766965419230381,True,-0.01437766619489833,True,-0.04074716545795398,True,-0.020570451435487525,True,0.011419872514528251,True,0.053227105279316844,0.06527666940850985,0.006192785240589194,-0.020176714022466458,-0.01437766619489833,0.006192785240589194,-0.00035739814152968563,-0.03861279942795848,-0.024664490388103033,-0.05622052956111723,0.1766190075693861,1.3064639802972189,73.53744843775243
2020-07-15,-0.0025640797829273865,True,-0.023287779556695587,True,0.01680746288594248,True,0.03230600429246766,True,0.007078122720799662,True,-0.00020880254260879916,True,-0.009642202503727049,-0.023078977014086788,0.009729340165142819,0.025227881571668,0.01680746288594248,0.009729340165142819,0.0,-0.04983265154332461,-0.021072796934865967,-0.01532567049808442,0.14767392232180976,1.343924391944648,30.756329573549962
2020-07-16,0.019708615315568112,True,0.025245444595117128,True,-0.004553521484444656,True,-0.014430814971688632,True,0.002035520071098418,True,-0.0005045582212035438,True,0.017673095244469694,0.025750002816320672,-0.006589041555543074,-0.01646633504278705,-0.004553521484444656,-0.006589041555543074,-0.0003913894324854006,-0.055990602975724335,-0.04853985793212312,-0.04143646408839785,0.09048228766538613,1.2433569338551385,12.654939091988709
2020-07-17,-0.01764706259485649,True,0.0615594060075344,True,-0.0007520554760732656,True,-0.00904445219109773,True,-0.006822415281861227,True,-0.003696626316310958,True,-0.010824647312995261,0.06525603232384536,0.0060703598057879615,-0.002222036909236502,-0.00904445219109773,-0.002222036909236502,0.005806719203649946,-0.0004123711340207059,0.0,0.0070132013201320564,0.0020781379883625384,1.0811372119651026,5.587352114427603
2020-07-20,-0.00598799806132444,True,-0.01804124079029934,True,0.00464055347818082,True,0.006586170603311681,True,0.001157933730909111,True,0.0019591910567517967,True,-0.007145931792233551,-0.020000431847051137,0.003482619747271709,0.00542823687240257,0.00464055347818082,0.003482619747271709,0.0066006600660066805,0.016803278688524603,0.02436003303055334,0.026011560693641744,0.0020669698222404165,0.5585354749528159,14.235615969470587
2020-07-21,0.011187617531948302,True,0.09973744973407705,True,0.019973774487079377,True,0.030313877009224166,True,0.028370836491429907,True,-0.0005762424104633901,True,-0.017183218959481605,0.10031369214454045,-0.00839706200435053,0.001943040517794259,0.019973774487079377,-0.00839706200435053,0.0016122531237405813,0.0016096579476860828,-0.006387225548902253,-0.0119760479041916,0.008126777732629042,0.5875886642552738,52.439458337599405
2020-07-22,0.0,True,-0.002386541157242683,True,-0.005018152061772252,True,-0.017339014905228822,True,-0.010420543643547164,True,0.018317715898051423,True,0.010420543643547164,-0.020704257055294106,0.005402391581774912,-0.006918471261681658,-0.005018152061772252,0.005402391581774912,0.0004017677782242046,-0.005622489959839272,-0.0032206119162639935,-0.016908212560386437,0.017995910020449868,0.5083370631838344,57.72542531413547
2020-07-23,-0.001702166618184786,True,0.011961630161934522,True,0.0073191641385403905,True,0.01067445624768415,True,0.0035228042000399196,True,0.0061076364084353685,True,-0.005224970818224706,0.005853993753499154,0.003796359938500471,0.00715165204764423,0.0073191641385403905,0.003796359938500471,-0.00888529886914391,-0.017522412387938058,-0.0057731958762886615,0.004123711340206171,0.006913379422529342,0.5219462860328591,42.40740315518056
2020-07-24,0.013640307530303764,True,0.03427906289406768,True,-0.016485593199116244,True,-0.029601380111961784,True,-0.026120185475677737,True,-0.004828685216542783,True,0.0397604930059815,0.03910774811061046,0.009634592276561493,-0.0034811946362840462,-0.016485593199116244,0.009634592276561493,-0.0045624222314392116,-0.021250000000000102,-0.03333333333333344,-0.046502057613168724,-0.0004145936981757581,0.7291901236838589,11.607016784708321
2020-07-27,-0.021867133841408815,True,-0.050285723374659086,True,-0.010057016434842803,True,0.0063920921259674746,True,-0.009495620184014175,True,-0.008781088247277746,True,-0.01237151365739464,-0.04150463512738134,-0.0005613962508286274,0.01588771230998165,-0.010057016434842803,-0.0005613962508286274,0.00042571306939120923,0.0021276595744681437,0.0046928327645050505,0.014931740614334332,-0.058894230769230727,0.6793344989878786,4.865547691292278
2020-07-28,0.04987101616498446,True,0.014440435961245557,True,0.040323427981471927,True,0.022266871461467996,True,0.017843196095550073,True,0.023102961687587298,True,0.03202782006943439,-0.008662525726341741,0.022480231885921853,0.004423675365917923,0.040323427981471927,0.022480231885921853,0.006369426751592355,-0.004641350210970452,-0.0025369978858350573,0.0046511627906977715,-0.039559543230016425,0.39863822645318153,14.479336022606006
2020-07-29,-0.020475020411051648,True,0.008303678900652312,True,-0.025980992107043965,True,-0.01976689038727264,True,-0.012725124335181692,True,-0.0001246662346662264,True,-0.007749896075869955,0.008428345135318538,-0.013255867771862273,-0.0070417660520909475,-0.020475020411051648,-0.007749896075869955,0.0016956337431115465,0.029200169276343724,0.018852115626309063,0.01047339757017185,-0.05564451561248995,0.3908124099732319,24.634110844412945
2020-07-30,0.03929768106435794,True,-0.04588245450920625,True,0.02518871691316349,True,0.024472560607480487,True,0.011525994218630986,True,-0.003635633757401391,True,0.02777168684572695,-0.04224682075180486,0.013662722694532503,0.0129465663888495,0.02518871691316349,0.013662722694532503,0.005345394736842035,-0.020449897750511203,-0.0012510425354462784,0.006255212677231059,-0.022114997989545748,0.5873972214039191,85.87074630221562
2020-07-31,-0.001609047246390105,True,0.0061654249265032934,True,0.00941752829818543,True,0.014189545819604632,True,0.005235905367697358,True,0.014508463004030636,True,-0.006844952614087463,-0.008343038077527343,0.004181622930488071,0.008953640451907274,0.00941752829818543,0.004181622930488071,-0.001670146137787043,0.006273525721455453,-0.009876543209876631,-0.002057613168724326,-0.05261075949367089,0.4449640925981068,47.08716562306706
2020-08-03,-0.008057971718368973,True,-0.012254903148374408,True,-0.005920787763951552,True,7.048691274902374e-05,True,0.017845374308336215,True,-0.004568142969097244,True,-0.025903346026705187,-0.007686760179277163,-0.023766162072287766,-0.01777488739558719,-0.005920787763951552,-0.023766162072287766,0.0020781379883625384,0.0157610949813356,0.011983471074380025,0.0049586776859504855,-0.06780317706315386,0.5116766492554419,58.28869657511558
2020-08-04,0.005686408808944554,True,0.022332508394508732,True,0.01780765982030763,True,0.03725973789391279,True,0.013506538114979039,True,-0.011983571283442407,True,-0.007820129306034485,0.03431607967795114,0.004301121705328592,0.023753199778933753,0.01780765982030763,0.004301121705328592,0.0004083299305839283,-0.016734693877551,-0.008233841086866978,0.0016467682173733067,-0.07932330827067668,0.7087289054438758,84.2900719110068
2020-08-05,-0.006462029318783036,True,-0.020631069941056457,True,0.01454064091444418,True,0.01975449962779874,True,0.0037124962887946644,True,0.015734769606963628,True,-0.0101745256075777,-0.036365839548020085,0.010828144625649516,0.016042003339004074,0.01454064091444418,0.010828144625649516,0.021170610211706187,-0.018292682926829396,0.0,-0.01697722567287785,-0.08956916099773249,0.6799463856384705,39.02771255395429
2020-08-06,0.004065056094269437,True,0.05824030424912641,True,0.0008740949048957614,True,0.005254589468592696,True,0.002477690612765482,True,0.007268329256229666,True,0.001587365481503955,0.05097197499289674,-0.0016035957078697205,0.0027768988558272145,0.004065056094269437,0.001587365481503955,0.0,-0.0165631469979296,0.005078290308929478,-0.00423190859077438,-0.09346846846846846,0.618558674958765,47.487252745891745
2020-08-07,0.002429128100773559,True,-0.03044487791399786,True,-0.0017462943328213631,True,0.004319181431624353,True,0.013244901810266496,True,0.00868595463385291,True,-0.010815773709492937,-0.03913083254785077,-0.01499119614308786,-0.008925720378642144,0.002429128100773559,-0.010815773709492937,-0.00042105263157898865,-0.012636899747261898,0.0025662959794696683,-0.0051325919589391145,-0.15329768270944744,0.7377998330851994,16.66266020898962
2020-08-10,-0.004038787582605896,True,0.016908309678062672,True,-0.011487583997665585,True,-0.011997697430407794,True,-0.011542396284296652,True,-0.006553597615867157,True,0.007503608701690756,0.02346190729392983,5.481228663106741e-05,-0.00045530114611114225,-0.011487583997665585,5.481228663106741e-05,-0.0017064846416383617,0.00811965811965809,0.01244635193133048,0.009871244635193177,-0.13950073421439058,0.7772683921127694,8.305892760172071
2020-08-11,-0.016220584793403825,True,0.03562926585181048,True,0.0007079087834589437,True,-0.0030803393297763604,True,-0.004272786184273736,True,0.005076821436148293,True,-0.01194779860913009,0.030552444415662183,0.0049806949677326795,0.0011924468544973754,-0.0030803393297763604,0.0011924468544973754,0.0038151759220008685,-0.010557432432432456,0.0,-0.011950490823730342,-0.15689778413152256,0.5371979712751306,38.26760673597805
2020-08-12,-0.002473184887729407,True,0.005733945994081946,True,-0.014147599961054302,True,-0.02821334146138632,True,-0.01894148834650622,True,-0.008826552684388034,True,0.016468303458776812,0.01456049867846998,0.0047938883854519165,-0.009271853114880102,-0.014147599961054302,0.0047938883854519165,-0.001280409731113985,0.0008547008547010737,0.006878761822871837,0.007308684436801327,-0.1286723689103756,0.6948408548619022,22.54906004042529
2020-08-13,0.015702444164735097,True,0.09920193245775222,True,0.03145180480291576,True,0.05440114512721128,True,0.025151792031059994,True,-0.008594615308497033,True,-0.009449347866324898,0.10779654776624925,0.0063000127718557675,0.029249353096151287,0.03145180480291576,0.0063000127718557675,0.00597779675491017,-0.005517826825127248,0.0025673940949935137,0.004706889174154849,-0.08336594911937367,0.7478134927765605,21.44783866070543
2020-08-14,-0.010577714796129012,True,0.08298755867464358,True,-0.009507342777424155,True,0.00024012114044458244,True,0.0022805967761176937,True,0.007322629311574014,True,-0.012858311572246706,0.07566492936306957,-0.011787939553541849,-0.0020404756356731113,-0.009507342777424155,-0.011787939553541849,-0.0021340162185232714,-0.00042771599657820403,-0.0034115138592749616,-0.0004264392324092592,-0.02820406470344261,0.5066525186541022,28.437581480725726
2020-08-17,-0.013157882353605488,True,0.017241304872598118,True,-0.0010534427074905262,True,0.010574277313739833,True,-0.0011744225774996675,True,0.002533083845565054,True,-0.01198345977610582,0.014708221027033064,0.00012097987000914134,0.0117486998912395,-0.0010534427074905262,0.00012097987000914134,0.0008557980316645786,0.012398460880718165,0.01326486949080019,0.005990586221651606,-0.03589108910891081,0.6776976353518991,13.752670118352242
2020-08-18,0.009999990463256836,True,0.0,True,0.01458867213087367,True,0.06684546624055576,True,0.01161087049645082,True,0.012555265001448879,True,-0.0016108800331939843,-0.012555265001448879,0.0029778016344228497,0.05523459574410494,0.01458867213087367,0.0029778016344228497,0.0008445945945945166,-0.005907172995780585,0.002553191489361728,-0.01191489361702136,-0.04554615074566715,0.9894090382479745,86.38781885270701
2020-08-19,-0.009900980750178201,True,0.058380423006615834,True,-0.00617882140310011,True,-0.006180960223028054,True,0.009625123214643594,True,-0.006481166094334245,True,-0.019526103964821795,0.06486158910095008,-0.015803944617743704,-0.015806083437671647,-0.006180960223028054,-0.015806083437671647,0.0,-0.010611205432937143,0.0034438226431336982,0.0,-0.05343511450381677,0.6999099374071344,52.29272011384148
2020-08-20,-0.011666695276896122,True,0.0071175090765494,True,-0.006101204579814112,True,-0.009970788735435443,True,-0.006727111694186383,True,-0.007263749660403218,True,-0.004939583582709739,0.014381258736952618,0.0006259071143722705,-0.00324367704124906,-0.009970788735435443,-0.00324367704124906,-0.008580008580008514,-0.003461704889658135,-0.00860955660783469,-0.0064571674558761005,-0.0585621970920841,0.854468571459653,19.77430331378916
2020-08-21,-0.04047213795373816,True,-0.0777385213315207,True,-0.008009343987770423,True,0.000206158912568144,True,0.013871652749330776,True,-0.032554325925519434,True,-0.05434379070306894,-0.04518419540600127,-0.0218809967371012,-0.013665493836762632,-0.008009343987770423,-0.0218809967371012,-0.0008684324793747367,-0.046936114732724965,-0.049002601908065824,-0.0867302688638335,-0.04479469099958522,0.5948430820667677,8.263560068295149
2020-08-24,-0.007908624928191554,True,0.09961671429555019,True,0.007248990001933686,True,0.044683337948371316,True,0.006930031268537862,True,0.019833967686948784,True,-0.014838656196729416,0.07978274660860141,0.00031895873339582437,0.037753306679833454,0.007248990001933686,0.00031895873339582437,0.0,-0.01823985408116724,0.020379146919431212,0.034123222748815074,-0.06641123882503186,2.458830510341843,1.4826010260084388
2020-08-25,0.03985826490572264,True,-0.03832746517073582,True,0.008893454592355576,True,0.00289749485234303,True,0.006244536871365947,True,0.003116318064745771,True,0.033613728034356694,-0.04144378323548159,0.0026489177209896297,-0.0033470420190229166,0.008893454592355576,0.0026489177209896297,-0.0023223409196470035,0.008845437616387342,-0.0055071133547497375,-0.01881597062872875,-0.08577494692144372,1.348855462185807,0.9284886629938995
2020-08-26,0.013628607370651524,True,-0.021739205176180665,True,0.01130915136638766,True,0.002338746145227333,True,0.007862109427331454,True,0.008786192457666875,True,0.00576649794332007,-0.03052539763384754,0.0034470419390562057,-0.005523363282104121,0.01130915136638766,0.0034470419390562057,-0.022611905860636883,-0.00802644003777142,-0.020055970149253755,-0.03125000000000011,-0.08139041966935145,0.8804410882824233,21.472804052521653
2020-08-27,-0.010084024319817808,True,-0.0018517790397297729,True,0.005562554697667421,True,0.0018039809903434012,True,0.02133893041049717,True,0.005881687462034435,True,-0.03142295473031498,-0.007733466501764208,-0.01577637571282975,-0.01953494942015377,0.0018039809903434012,-0.01953494942015377,0.008567348881485026,-0.023596035865974474,0.008284600389863561,0.006822612085769952,-0.1361019736842104,1.1103457480449348,7.2661352234263035
2020-08-28,-0.012733414425336376,True,0.02226352745586868,True,-0.014029181101281374,True,-0.011332524780910291,True,-0.0031166834979485802,True,-0.002803682348055836,True,-0.009616730927387795,0.025067209803924517,-0.010912497603332794,-0.008215841282961711,-0.012733414425336376,-0.009616730927387795,-0.0019333011116482446,0.012590799031477085,0.017023346303502107,0.03599221789883278,-0.13611691022964523,1.1539249534907086,4.426350834139768
2020-08-31,0.0034393775975427587,True,-0.05989125488998159,True,0.015906094906048773,True,0.041137970923348144,True,0.005084612849753034,True,-0.005349558871054816,True,-0.0016452352522102753,-0.05454169601892678,0.01082148205629574,0.03605335807359511,0.015906094906048773,0.01082148205629574,0.0033476805356289496,0.0028598665395613843,-0.015442208703790428,-0.018249883013570445,-0.13092269326683292,0.8365183890725865,37.83357958730788
2020-09-01,-0.017994861762988368,True,-0.007721856833083018,True,-0.001537250325302053,True,0.01724624198650848,True,0.008033665708214288,True,-0.010794330853064915,True,-0.026028527471202656,0.0030724740199818967,-0.009570916033516341,0.009212576278294193,-0.001537250325302053,-0.009570916033516341,0.0,0.002376425855513231,0.0038077106139933203,0.006663493574488255,-0.1408738260514496,1.0031473567068316,56.00699570253361
2020-09-02,0.020942388335015272,True,0.03307385558265885,True,0.01961571518329741,True,0.033693559862796096,True,0.0170920278940625,True,0.008881429572475508,True,0.0038503604409527714,0.024192426010183343,0.0025236872892349105,0.016601531968733596,0.020942388335015272,0.0038503604409527714,0.004741583688952167,0.002831524303916977,-0.0023474178403756207,-0.009859154929577452,-0.12453300124532984,0.6276267161623316,64.08362051544144
2020-09-03,0.01709400107056047,True,0.013182825082557414,True,0.026508558275715854,True,0.038022147076284485,True,0.009468898677819748,True,-0.00029758246343702943,True,0.0076251023927407235,0.013480407545994444,0.017039659597896106,0.028553248398464737,0.026508558275715854,0.017039659597896106,0.0014117647058824456,-0.018796992481203145,-0.010895310279488424,-0.0198957839886309,-0.12008281573498958,0.7544673126248761,83.4864836970626
2020-09-04,-0.048739490949470166,True,0.001858589077346151,True,-0.05311909199153908,True,-0.09277550814168267,True,-0.05069995856923537,True,0.004604096741013475,True,0.001960467619765205,-0.0027455076636673237,-0.0024191334223037098,-0.0420755495724473,-0.05311909199153908,-0.0024191334223037098,-0.020593869731800774,0.02444987775061125,0.000955566172957445,0.006688963210702337,-0.12084210526315786,0.6841128473404802,23.86328644134295
2020-09-07,-0.007950543729169923,True,0.016697517221123226,True,-0.013751384960783763,True,-0.030194451234543118,True,-0.013326112213258301,True,-0.009407416212950825,True,0.005375568484088378,0.02610493343407405,-0.0004252727475254625,-0.016868339021284817,-0.013751384960783763,-0.0004252727475254625,-0.004773269689737347,-0.020143884892086406,-0.027142857142857135,-0.056666666666666754,-0.10622866894197946,0.7049027360772997,40.060447456998794
2020-09-08,0.0,False,-0.05474453739689855,True,0.0,False,0.0,False,0.0,False,-0.0028920674731774954,True,0.0,-0.051852469923721056,0.0,0.0,0.0,0.0,-0.006363191385217792,-0.028078817733990125,-0.007045797684952171,-0.038751887267236995,-0.13395506570580762,0.8363152857794702,9.628349071884458
2020-09-09,-0.04986638368382923,True,-0.023165952142134794,True,-0.04433820843416525,True,-0.05620945140914857,True,-0.0480640842566179,True,0.004932719996243007,True,-0.001802299427211329,-0.0280986721383778,0.003725875822452651,-0.00814536715253067,-0.04986638368382923,-0.001802299427211329,-0.016218955904713672,-0.04070066975785669,-0.014293276866066629,-0.00847008999470622,-0.1579172001707213,1.2212496993423196,3.1617872234798767
2020-09-10,0.01874412444564877,True,0.00197636303256421,True,0.028630838008096626,True,0.06732151182108304,True,0.02937553179206054,True,-0.00434155119516233,True,-0.01063140734641177,0.00631791422772654,-0.0007446937839639123,0.0379459800290225,0.028630838008096626,-0.0007446937839639123,0.015037593984962294,-0.030158730158730163,-0.029645314981471826,-0.038644785600847054,-0.2049530315969258,1.3975510724449265,1.010160506593607
2020-09-11,0.004599833602692893,True,-0.019723945400479392,True,-0.012581718342398074,True,-0.0317144408497545,True,-0.019936237077485264,True,0.0065962956462712885,True,0.024536070680178157,-0.02632024104675068,0.00735451873508719,-0.011778203772269236,-0.012581718342398074,0.00735451873508719,-0.009274413529732572,0.018722466960352513,0.009274413529732684,0.015275504637206838,-0.21766965428937257,0.881089584924606,0.7451860459657667
2020-09-14,0.04120877345431828,True,-0.01710261841531846,True,-0.0019231931516582312,True,-0.01196019519684055,True,-0.006940001355754677,True,-0.00124488779620624,True,0.04814877481007296,-0.01585773061911222,0.005016808204096446,-0.005020193841085874,-0.0019231931516582312,0.005016808204096446,0.002702702702702675,-0.0005390835579515141,-0.005364806866952843,-0.024141630901287514,-0.20838682071031234,0.9693044358291464,24.0901284676857
2020-09-15,0.003518026583609002,True,0.015353124286734188,True,0.02252200232322643,True,0.05818152982246594,True,0.01741567458636073,True,0.008825383143968857,True,-0.013897648002751728,0.006527741142765331,0.005106327736865701,0.04076585523610521,0.02252200232322643,0.005106327736865701,0.0005393743257822159,-0.004312668463612002,0.010946907498631697,0.010399562123700079,-0.21706081081081086,0.7305295957357828,31.65480371157598
2020-09-16,0.004382137721606005,True,-0.009072582091586678,True,0.021024577309796122,True,0.009225215808385645,True,0.014173510765209452,True,0.004522277973242339,True,-0.009791373043603446,-0.013594860064829017,0.00685106654458667,-0.004948294956823807,0.009225215808385645,-0.004948294956823807,-0.0010828370330264736,-0.016260162601626105,-0.018918918918918948,-0.03621621621621629,-0.21604414261460103,0.7113016790823119,23.4690931432676
2020-09-17,0.0,True,0.002034507879323799,True,-0.012285750874643786,True,-0.036679365831533306,True,-0.01594638335866838,True,0.010206519017183169,True,0.01594638335866838,-0.00817201113785937,0.003660632484024595,-0.020732982472864925,-0.012285750874643786,0.003660632484024595,0.0,0.10027548209366399,0.10882842865074949,0.09217101610216538,-0.2213642213642213,0.6686331893450306,6.975965523935031
2020-09-18,0.0,True,-0.015228430063581433,True,-0.0022773631526784577,True,-0.004075104829457055,True,-0.015622422494833366,True,-0.008015832390266153,True,0.015622422494833366,-0.00721259767331528,0.013345059342154908,0.011547317665376311,-0.0022773631526784577,0.013345059342154908,0.010515773660490835,0.008424182358771182,0.03667855323484481,0.03667855323484481,-0.1328701693443336,1.660762458085535,89.65697331061297
2020-09-21,0.0,True,0.01855686861340833,True,-0.015101090885632162,True,-0.02200436328229549,True,-0.012762497447734389,True,0.00022371948474564363,True,0.012762497447734389,0.018333149128662685,-0.0023385934378977735,-0.009241865834561103,-0.015101090885632162,-0.0023385934378977735,-0.012285012285012331,0.012935323383084452,-0.0202117420596728,-0.01684311838306074,-0.07204742362061112,2.5967432665973043,92.45669312405009
2020-09-22,-0.0026177777374634115,True,-0.024291499919923187,True,0.00047544498855844886,True,0.02690914096916308,True,0.0023983394635287425,True,-0.006252126054304918,True,-0.005016117200992154,-0.01803937386561827,-0.0019228944749702936,0.02451080150563434,0.00047544498855844886,-0.0019228944749702936,-0.013752455795677854,0.019422310756972205,0.003923491907797949,-0.0019617459538989745,-0.05434277751973993,1.3831256617334131,92.56265057713456
2020-09-23,-0.007874028887570272,True,-0.018672364760704108,True,0.008197152316641088,True,0.009626500365518265,True,0.018578435415838923,True,-0.011692766475988825,True,-0.026452464303409196,-0.006979598284715283,-0.010381283099197836,-0.008951935050320659,0.008197152316641088,-0.010381283099197836,0.0004885197850512668,-0.012695312500000111,-0.006388206388206474,-0.029975429975430123,-0.055376095985232965,1.0937802018015994,94.31840165538027
2020-09-24,-0.0335097098172612,True,-0.021141570760052186,True,-0.0228597046285558,True,-0.04067160991261276,True,-0.03053411690046648,True,-0.00487365744479773,True,-0.0029755929167947226,-0.016267913315254456,0.00767441227191068,-0.010137493012146281,-0.0335097098172612,-0.0029755929167947226,-0.011374876360039532,-0.01650825412706347,-0.0005083884087443424,-0.0010167768174886849,-0.037601142313184344,0.8026492435730953,45.49729314739911
2020-09-25,0.006386833447133311,True,0.015118793078919168,True,0.008742751254437797,True,0.018496731927926335,True,0.004656390946086608,True,-0.025389625693772233,True,0.0017304425010467028,0.0405084187726914,0.004086360308351189,0.013840340981839727,0.008742751254437797,0.004086360308351189,0.009664292980671396,-0.023173803526448378,0.003103983445421843,0.007242628039317189,-0.04978250362493952,1.0306570718064696,13.70838722296331
2020-09-28,0.008159578854644911,True,-0.06489371206330685,True,0.011595915484398756,True,0.04257770882061518,True,0.023248434387199923,True,-0.0025659451894997076,True,-0.015088855532555012,-0.062327766873807144,-0.011652518902801168,0.019329274433415256,0.011595915484398756,-0.011652518902801168,0.01753481175863847,-0.026862645717182,-0.004149377593361092,0.0005186721991701226,-0.0726924916307985,0.6324191821845122,8.190246834252534
2020-09-29,0.028776951269557483,True,0.012514404006322088,True,0.025407575945851635,True,0.012525382923414208,True,0.020768988639945807,True,0.018789446373687735,True,0.008007962629611676,-0.006275042367365646,0.004638587305905828,-0.008243605716531599,0.025407575945851635,0.004638587305905828,0.01302083333333326,-0.01645244215938302,-0.014933058702368829,-0.011328527291452284,-0.08745247148288982,0.5246122314631995,5.228258836471738
2020-09-30,0.0034965002902287434,True,0.019100947592874506,True,0.0053014882073210146,True,0.014633933550639577,True,-0.004509476537846946,True,0.0003988444949978298,True,0.00800597682807569,0.018702103097876677,0.00981096474516796,0.019143410088486523,0.0053014882073210146,0.00981096474516796,0.003659174072138116,-0.021354166666666674,-0.01571503404924046,0.006809848088004111,-0.09293504030346145,0.6490776065452496,4.128188891562061
2020-10-09,0.06097567864563613,True,0.018743114053377363,True,0.051816974892159307,True,0.04634880632902805,True,0.019786182755961335,True,0.033643650060358965,True,0.0411894958896748,-0.014900536006981602,0.03203079213619797,0.026562623573066713,0.051816974892159307,0.03203079213619797,0.022352315061202832,0.006246746486205046,0.0020736132711249855,0.018144116122343235,-0.11576470588235299,0.7939206728730174,1.3561866922896684
2020-10-12,0.027093589116399697,True,0.0,False,0.017166237859513434,True,-0.005491731638092023,True,0.015280535571381204,True,0.0,False,0.011813053545018493,0.0,0.0018857022881322294,-0.020772267209473227,0.017166237859513434,0.0018857022881322294,0.015519917227108104,0.015792154865002628,0.016309887869520923,0.013251783893985625,-0.0742337164750958,0.8504823225043558,68.51398975002509
2020-10-13,0.011990376961302562,True,-0.01731602176175906,True,0.017626627647969073,True,0.03365969055633311,True,0.030870190013976506,True,0.005332405611404134,True,-0.018879813052673944,-0.022648427373163194,-0.013243562366007433,0.0027895005423566044,0.017626627647969073,-0.013243562366007433,0.0025075225677029245,-0.006003001500750282,0.007095793208312218,-0.010643689812468327,-0.04821002386634843,1.0318714526051895,87.5947940559879
2020-10-14,-0.00868875655632273,True,0.0,True,-0.003001023324358476,True,0.001564022784692476,True,-3.423819847403475e-05,True,-0.0006777041004151219,True,-0.008654518357848695,0.0006777041004151219,-0.0029667851258844413,0.0015982609831665107,-0.003001023324358476,-0.0029667851258844413,-0.00805234021137391,-0.016742770167427756,-0.008188331627430934,-0.014329580348004023,-0.027410670582476704,0.7311996805664417,76.89932634640434
2020-10-15,0.00398407888246699,True,0.042951727249094684,True,-0.005280623489379299,True,-0.010738119986096306,True,-0.008352474465372128,True,-0.002148762911302171,True,0.012336553347839119,0.045100490160396856,0.003071850975992829,-0.002385645520724178,-0.005280623489379299,0.003071850975992829,0.002063983488132193,-0.009783728115345114,-0.0056876938986556436,-0.007755946225439403,-0.017739483020780433,0.7260901976007441,28.382179099787294
2020-10-16,-0.0015873378696944496,True,-0.029567223327185643,True,-0.003875377256181145,True,-0.008886005089612459,True,-0.006710616865004626,True,-0.007081590336896593,True,0.0051232789953101765,-0.02248563299028905,0.002835239608823481,-0.0021753882246078327,-0.003875377256181145,0.002835239608823481,0.0005200208008320217,-0.014553014553014387,-0.007849293563579218,0.002093144950287673,0.032760472610096736,0.4868716554902519,20.473683443777276
2020-10-19,-0.009538941676219825,True,0.008705288594041294,True,-0.006235293065188108,True,-0.011345707723499077,True,-0.00548101911497112,True,-0.00603767385461651,True,-0.004057922561248706,0.014742962448657804,-0.0007542739502169882,-0.005864688608527957,-0.009538941676219825,-0.004057922561248706,0.00843881856540074,-0.013075313807531352,-0.009448818897637823,-0.0047244094488189115,0.03436988543371511,0.5089586485772313,10.220923574417341
2020-10-20,-0.0024076832166408657,True,0.09816596505915243,True,-0.004933792606784504,True,-0.022716604790741335,True,-0.016325058805843673,True,0.0123894228254251,True,0.013917375589202807,0.08577654223372733,0.011391266199059169,-0.006391545984897662,-0.004933792606784504,0.011391266199059169,0.0,0.01748807631160565,0.011058451816745807,-0.0010531858873090716,0.020000000000000018,0.4455432056791673,7.662713827274828
2020-10-21,-0.005631588638770002,True,0.0058939886784026285,True,0.0008083110523626758,True,0.010946023331312782,True,0.002149225894390483,True,-0.0035612423533114557,True,-0.007780814533160485,0.009455231031714084,-0.0013409148420278072,0.008796797436922299,0.0008083110523626758,-0.0013409148420278072,-0.002083333333333326,-0.018267223382046005,-0.005813953488372214,-0.009513742071881826,0.03559870550161803,0.5204722316021839,67.43493447030437
2020-10-22,0.0008090800290947442,True,-0.043945164841088125,True,-0.006408052875134462,True,-0.008849036400312538,True,-0.0007735958401884346,True,0.00115685388283282,True,0.0015826758692831788,-0.045102018723920945,-0.005634457034946028,-0.008075440560124103,-0.006408052875134462,-0.005634457034946028,-0.0005316321105793831,0.01382978723404249,0.015450186467767635,0.023441662226957982,0.01840822956145094,0.5580460627573838,26.653696857404185
2020-10-23,0.004850478591090779,True,-0.018386269818974066,True,-0.0003793551494586378,True,-0.012107319124716187,True,-3.51502215909516e-05,True,0.0030891901172611647,True,0.0048856288126817304,-0.02147545993623523,-0.0003442049278676862,-0.012072168903125235,-0.0003793551494586378,-0.0003442049278676862,-0.0015739769150051597,-0.020493956910141886,-0.024594453165881713,-0.04133961276818421,0.050137741046831996,0.6711444427920428,58.68558198250906
2020-10-26,-0.0008045236231950526,True,-0.009365163792652287,True,-0.0023856928490432194,True,0.017158242322755424,True,0.001970372661065367,True,-0.0014097637422857412,True,-0.0027748962842604197,-0.007955400050366546,-0.0043560655101085866,0.015187869661690057,-0.0008045236231950526,-0.0027748962842604197,-0.002682403433476477,-0.012372243141473893,-0.0021739130434782483,-0.0021739130434782483,-0.06659989984977466,0.5946230148455434,23.784542934403802
2020-10-27,-0.008051560455349493,True,-0.03151260765956221,True,-0.02141302135398082,True,-0.033038464594090544,True,-0.014995698528640355,True,0.0007915422255790894,True,0.006944138073290862,-0.0323041498851413,-0.006417322825340466,-0.01804276606545019,-0.02141302135398082,-0.006417322825340466,0.0010893246187364536,0.0010881392818280489,0.0016330974414804356,-0.01905280348394134,-0.0977886977886977,0.5045877924562604,13.265593567314454
2020-10-28,-0.0162337511541627,True,-0.006507678515175197,True,-0.0034432555426643363,True,0.019442635876741,True,0.007807886806492803,True,-0.002635403829093441,True,-0.024041637960655504,-0.003872274686081756,-0.01125114234915714,0.011634749070248196,-0.0034432555426643363,-0.01125114234915714,-0.011956521739130421,0.006050605060506031,0.02695115103874235,0.02695115103874235,-0.09626719056974453,0.5428603792300929,22.995837183948566
2020-10-29,-0.026402615333808388,True,-0.027292494803489054,True,-0.03226721140483624,True,-0.05745819980650313,True,-0.038986823924393676,True,-0.006311433319604598,True,0.012584208590585289,-0.020981061483884456,0.0067196125195574385,-0.018471375882109453,-0.03226721140483624,0.0067196125195574385,-0.021323127392017582,0.02402234636871503,-0.014516129032258185,-0.010752688172043112,-0.10649731314118227,1.4311590675223558,14.221174153058215
2020-10-30,0.026271140756911837,True,0.00897849894187619,True,0.02470506085093449,True,0.03144073419932769,True,0.01748659749160386,True,-0.010226856375183169,True,0.008784543265307976,0.01920535531705936,0.007218463359330629,0.01395413670772383,0.026271140756911837,0.008784543265307976,0.0054555373704310295,-0.000542593597395391,0.004362050163577047,-0.019629225736095934,-0.09347181008902072,1.0659173183778017,32.85466986222821
2020-11-02,-0.01981831361868225,True,-0.022246946916156363,True,-0.016803405908900948,True,-0.037622832236951065,True,-0.025362785867898197,True,-0.009205649496175639,True,0.005544472249215948,-0.013041297419980724,0.008559379958997249,-0.012260046369052868,-0.01981831361868225,0.005544472249215948,0.0021715526601520097,-0.025460455037919938,-0.00607734806629856,0.014364640883977708,-0.06307222787385558,1.364659002324468,66.0457310750201
2020-11-03,-0.0008424792736521081,True,-0.017064761060149314,True,0.007773500653215137,True,0.0037299365583356447,True,0.00222719266231608,True,0.0035842904881060456,True,-0.003069671935968188,-0.02064905154825536,0.005546307990899058,0.001502743896019565,0.0037299365583356447,0.001502743896019565,-0.0005558643690938281,0.032258064516129004,0.011995637949836269,0.01526717557251911,-0.07220216606498198,1.0972719101692818,11.539453840547296
2020-11-04,-0.006745356325623009,True,0.03819445143583167,True,0.0208156615056847,True,0.034874833578399045,True,0.01729799616391081,True,0.011492068756189688,True,-0.02404335248953382,0.02670238267964198,0.00351766534177389,0.017576837414488233,0.0208156615056847,0.00351766534177389,0.0,-0.00754310344827569,-0.010209564750134237,0.010209564750134348,-0.033333333333333326,1.2272286192855597,72.25162305384724
2020-11-05,0.011884579498835146,True,0.006689052546577479,True,0.0366707692156083,True,0.05950672639134602,True,0.04463834979895731,True,0.010355725806365124,True,-0.032753770300122165,-0.003666673259787645,-0.00796758058334901,0.01486837659238871,0.0366707692156083,-0.00796758058334901,0.015200868621063846,0.05294117647058827,0.05294117647058827,0.0433155080213905,-0.03711447987454253,0.9073259274663636,54.0344794603109
2020-11-06,0.04362411919136733,True,-0.016611297135726844,True,0.03971493624293054,True,0.026514694942260553,True,0.026071093426431213,True,0.003955533732572514,True,0.017553025764936114,-0.020566830868299357,0.01364384281649933,0.0004436015158293394,0.03971493624293054,0.01364384281649933,-0.002031488065007747,0.006106870229007688,0.009188361408882129,0.04594180704441042,0.047897817988291624,2.7987132887562653,91.75424184131143
2020-11-09,0.004019308072462424,True,-0.0022523415028095073,True,0.015516175931572285,True,0.028389946144412592,True,0.0007474778127087855,True,0.004236497939239081,True,0.0032718302597536386,-0.006488839442048588,0.0147686981188635,0.027642468331703807,0.015516175931572285,0.0147686981188635,0.021750126454223473,0.02970297029702973,0.023118544023610577,0.0073782587309396686,0.022762545266425294,2.150410316964011,92.52684586719106
2020-11-10,-0.005604459255962979,True,0.013544109727343434,True,-0.01091361032496374,True,-0.06395069519584218,True,-0.020434219793699526,True,0.011865656446663708,True,0.014829760537736547,0.0016784532806797259,0.009520609468735786,-0.04351647540214265,-0.01091361032496374,0.009520609468735786,0.0038461538461538325,-0.024425287356321768,0.0,-0.008345606283750695,0.04312938816449341,2.819813949111337,97.81019407159496
2020-11-11,0.010466997877805806,True,-0.020044633253279542,True,-0.030946993558429226,True,-0.06314755822660112,True,-0.017914547133677905,True,-0.003485058503500338,True,0.02838154501148371,-0.016559574749779205,-0.01303244642475132,-0.045233011092923214,-0.030946993558429226,-0.01303244642475132,0.0004909180166912108,-0.04023552502453387,-0.0170854271356784,-0.015577889447236148,0.025163563160543356,1.4677602521498694,61.50456993187307
2020-11-12,0.015936239539883656,True,-0.007954546884129221,True,0.035165801765184135,True,0.050743745467015655,True,0.022369654417961682,True,0.01379564055011473,True,-0.006433414878078025,-0.02175018743424395,0.012796147347222453,0.028374091049053973,0.035165801765184135,0.012796147347222453,0.00562372188139082,0.0066090493136756745,0.0025316455696202667,0.0020253164556962577,0.009287925696594312,1.419217647809779,25.64383039892836
2020-11-13,-0.009411755730124094,True,0.018327699856774737,True,-0.010795024409340659,True,0.002887779846126648,True,-0.004693664300506217,True,-0.003047019756219238,True,-0.004718091429617877,0.021374719612993975,-0.006101360108834442,0.007581444146632865,-0.009411755730124094,-0.004718091429617877,-0.008080808080808133,0.011710794297352445,-0.0015075376884421399,-0.0020100502512562235,0.029641185647425905,0.9509111972322869,44.73780056888477
2020-11-16,0.01108474600587539,True,-0.007874194348074681,True,0.014740152708017984,True,-0.011871218030621522,True,0.008772944208055966,True,0.0038988550423171286,True,0.002311801797819424,-0.01177304939039181,0.005967208499962018,-0.020644162238677488,0.01108474600587539,0.002311801797819424,0.006542526421741357,-0.025000000000000022,-0.025000000000000022,-0.031000000000000028,0.04799578059071741,0.8338611987400546,51.93732720619285
2020-11-17,0.01722782345091778,True,0.0056690254209137425,True,0.028134525671885013,True,0.016413408272434538,True,0.007802394819193426,True,0.020981923779547884,True,0.009425428631724353,-0.015312898358634142,0.020332130852691588,0.008611013453241112,0.01722782345091778,0.009425428631724353,-0.0005128205128206442,-0.015392508978963382,0.0010432968179445723,0.0062597809076681,0.03338632750397452,0.9928742094840511,21.847747407447415
2020-11-18,-0.001539607732235826,True,0.02480262102166364,True,-0.011501147736086681,True,-0.006880943696603303,True,-0.0031718574444202785,True,0.0030386809207763044,True,0.0016322497121844526,0.021763940100887336,-0.008329290291666402,-0.003709086252183025,-0.006880943696603303,-0.003709086252183025,-0.0020844189682127645,0.002088772845953102,0.0010432968179445723,0.008346374543557467,-0.0005208333333333037,1.0196646942187084,11.085766480027829
2020-11-19,-0.01619121309355842,True,0.04400449891698388,True,-0.0049648905299454205,True,0.00048407319878296384,True,-0.007390768440038609,True,0.013262719334860229,True,-0.008800444653519812,0.03074177958212365,0.002425877910093188,0.007874841638821573,-0.0049648905299454205,0.002425877910093188,-0.004689942678478332,0.01675392670157061,0.002063983488132193,0.004127966976264386,0.020202020202020332,0.6165265103729812,11.085766480027829
2020-11-20,-0.0031347931924397,True,0.003161306192157154,True,0.013053769779651336,True,0.0008564292782851091,True,0.007825214857251517,True,-0.0036926799202118277,True,-0.010960008049691217,0.006853986112368982,0.0052285549223998196,-0.006968785578966408,0.0008564292782851091,-0.006968785578966408,0.001029866117404632,-0.010288065843621519,-0.0015568240788791377,-0.009859885832900983,0.018887722980063026,0.6704886293076938,63.883601853456085
2020-11-23,-0.007861665044845534,True,0.007352941787231115,True,-0.0050746679988809,True,-0.02622708859240508,True,-0.0068411202423595,True,-0.00043645753331533754,True,-0.0010205448024860342,0.007789399320546453,0.0017664522434786,-0.01938596835004558,-0.007861665044845534,-0.0010205448024860342,0.0025987525987525295,-0.0015552099533435726,0.0036477331943720603,0.0031266284523188137,0.032188841201716833,0.585290667438636,33.10998738936965
2020-11-24,0.019809825853173813,True,0.01147011757480687,True,0.015401589548252215,True,0.0039921497758412805,True,3.483639305734698e-05,True,0.011779246719710423,True,0.019774989460116466,-0.0003091291449035527,0.015366753155194868,0.0039573133827839335,0.015401589548252215,0.015366753155194868,-0.0015576323987539498,0.002080083203328087,0.0010389610389609505,0.0036363636363636598,0.0490196078431373,0.6063115171761605,39.57801128781793
2020-11-25,0.024864001372935318,True,0.05773205440424212,True,0.003151745216329438,True,-0.01386971499160139,True,0.01404978992209549,True,-0.0051073521354672025,True,0.010814211450839828,0.06283940653970932,-0.010898044705766052,-0.02791950491369688,0.003151745216329438,-0.010898044705766052,0.0015568240788792487,0.0202072538860103,0.019151138716356098,0.04865424430641818,0.04728260869565215,0.5392952184655427,44.905455772156046
2020-11-26,0.0045489326402963215,True,-0.021442498431959667,True,-4.8977112995118866e-05,True,0.02137697948904571,True,0.006146741785638232,True,-0.004946705453428235,True,-0.0015978091453419108,-0.01649579297853143,-0.006195718898633351,0.015230237703407479,0.0045489326402963215,-0.0015978091453419108,0.001523616048755505,0.03346855983772823,0.006916996047430901,-0.012351778656126466,0.07654455986878084,1.2606402992975292,93.44606646858733
2020-11-27,0.0,False,0.005976096558900634,True,0.0,False,0.0,False,0.0,False,0.007775776941523871,True,0.0,-0.0017996803826232366,0.0,0.0,0.0,0.0,-0.0004906771344453942,-0.01227295041728027,-0.00691016781836129,-0.00691016781836129,0.1118385160938351,1.6690841162874817,98.3172832437793
2020-11-30,0.006037730091023041,True,0.02574249999491096,True,0.013402582588592171,True,0.0020024866799750463,True,0.009214359082915236,True,0.0015477548385676165,True,-0.003176628991892194,0.024194745156343345,0.004188223505676936,-0.007211872402940189,0.006037730091023041,-0.003176628991892194,-0.001988071570576677,-0.009960159362549792,-0.016815034619188873,-0.015825914935707286,0.09229098805646041,0.9888958061219355,63.018604026377055
2020-12-01,-0.020255026679271704,True,-0.0038610047451186347,True,0.010609584475905987,True,0.010575721812428052,True,0.0020398997843067423,True,-0.010398735202360565,True,-0.022294926463578446,0.00653773045724193,0.008569684691599244,0.00853582202812131,0.010575721812428052,0.00853582202812131,0.006036217303823088,0.00649999999999995,0.012575452716297786,0.016599597585513104,0.10505836575875493,0.9654049322159514,37.89860215583121
2020-12-02,0.005359853949091553,True,-0.021317757733339215,True,0.018167785566566952,True,-0.000858099174026794,True,0.012816502222546156,True,0.011861953102277889,True,-0.0074566482734546025,-0.033179710835617104,0.005351283344020796,-0.01367460139657295,0.005359853949091553,-0.0074566482734546025,0.0029806259314457684,0.007429420505200568,0.010432190760059745,0.012419274714356776,0.08459051724137923,0.8083894232471079,66.0730165648641
2020-12-03,0.0038080876084587434,True,-0.014851409180597797,True,0.00400192804715882,True,0.011538753217412934,True,0.0012850576937359914,True,0.007451547325022956,True,0.002523029914722752,-0.022302956505620752,0.002716870353422829,0.010253695523676942,0.00400192804715882,0.002716870353422829,0.0,0.003441494591936989,0.0004901960784313708,0.02254901960784328,0.10423452768729646,1.0245775404867126,80.7472529165334
2020-12-04,0.011380850914803675,True,0.021105449841763768,True,-0.00037523546898232674,True,-0.010672069141942186,True,0.001415120103663181,True,-0.0008613685323275444,True,0.009965730811140494,0.021966818374091313,-0.0017903555726455078,-0.012087189245605368,-0.00037523546898232674,-0.0017903555726455078,-0.000979911807937217,-0.010789602746444249,-0.029355149181905626,-0.019730510105871013,0.036566785170137006,1.2559833932141675,85.05626846223373
2020-12-07,0.0135033988151545,True,-0.025590555164583972,True,0.029178544669039574,True,0.012111948581107423,True,0.004075213908212749,True,0.011114658893529805,True,0.00942818490694175,-0.03670521405811378,0.025103330760826825,0.008036734672894674,0.0135033988151545,0.00942818490694175,0.001983143282102029,-0.011380504700643224,-0.013820335636722691,-0.02221125370187571,0.020232675771370667,1.3728411836063168,33.556503137503285
2020-12-08,0.00518132447359787,True,0.012121214057579488,True,0.005697659184917603,True,0.0035772337030335333,True,0.0056622360907434555,True,0.008785402656053876,True,-0.00048091161714558517,0.0033358114015256124,3.542309417414735e-05,-0.002085002387709922,0.00518132447359787,-0.00048091161714558517,-0.007007007007007071,0.014112903225806495,0.016161616161616266,0.02020202020202011,-0.039423076923077005,1.0233398863241647,17.132248986907
2020-12-09,-0.0014727175406270554,True,0.04191625319916126,True,0.0013143020784662784,True,-0.0188692285159181,True,0.003385271419998004,True,0.00728089334722859,True,-0.004857988960625059,0.03463535985193267,-0.0020709693415317254,-0.022254499935916106,-0.0014727175406270554,-0.004857988960625059,-0.0014910536779324524,-0.023892483822797406,-0.023892483822797406,-0.021403683424589315,-0.01227295041728027,0.804886281657157,51.85734368857166
2020-12-10,-0.016224207980889416,True,-0.0038315694020710778,True,-0.03095995737135393,True,-0.03140461591365096,True,-0.022640981259920645,True,0.002070921214140764,True,0.006416773279031229,-0.005902490616211842,-0.008318976111433285,-0.008763634653730312,-0.03095995737135393,-0.008318976111433285,-0.0056093829678735,0.0010256410256410664,-0.011144883485308954,-0.023302938196555045,0.002556237218813928,0.7052974845564863,12.79473334229354
2020-12-11,-0.0014992846727810427,True,-0.03269223911458152,True,0.0007473785165956759,True,0.0032094359923868776,True,0.004015818192137921,True,-0.009774013143630023,True,-0.005515102864918964,-0.0229182259709515,-0.003268439675542245,-0.0008063821997510434,0.0007473785165956759,-0.003268439675542245,0.0010245901639343025,-0.031729785056294646,-0.01458333333333317,-0.015104166666666585,-0.014141414141414232,0.5415609910922444,10.107540599108702
2020-12-14,-0.005255232464563719,True,0.01988071883120357,True,-0.00812137575190186,True,0.003160594887345658,True,-0.002214876454492365,True,0.000856184685334771,True,-0.0030403560100713545,0.0190245341458688,-0.005906499297409495,0.005375471341838023,-0.005255232464563719,-0.0030403560100713545,-0.004756871035941024,0.007966011683483876,0.004232804232804366,-0.0015873015873014706,-0.04781077000503264,1.1357180502736335,2.6596612109183155
2020-12-15,0.0030188650455114097,True,0.019493180392690546,True,0.01021134871013274,True,0.022707628164283067,True,0.007255170842166203,True,-0.0035508150488657853,True,-0.0042363057966547935,0.02304399544155633,0.0029561778679665363,0.015452457322116864,0.01021134871013274,0.0029561778679665363,-0.0015806111696523573,-0.005277044854881119,0.0037273695420660946,0.0,-0.026666666666666727,0.5107210232238835,15.16240884409568
2020-12-16,0.02483069410483596,True,-0.01147227706918974,True,0.01569769569045487,True,0.0038883967819907106,True,0.01068953094303704,True,-0.01002953866156231,True,0.01414116316179892,-0.0014427384076274308,0.0050081647474178315,-0.006801134161046329,0.01569769569045487,0.0050081647474178315,0.0042440318302385815,-0.02694136291600624,-0.014446227929374,-0.009630818619582704,-0.017717561229807055,0.41687668143374457,9.74079074067204
2020-12-17,-0.0036710859878844593,True,0.08897479206501213,True,-0.0004126566036167789,True,-0.008832080762260386,True,0.005499486355237337,True,0.016770807273886357,True,-0.009170572343121797,0.07220398479112577,-0.005912142958854116,-0.014331567117497723,-0.0036710859878844593,-0.009170572343121797,0.0005428881650380024,0.01519262072707539,0.01574375678610207,0.0276872964169379,-0.040125065138092775,0.6981814149884443,2.8943405731752563
2020-12-18,-0.0022107393991050994,True,-0.017761993084958072,True,-0.00022944518439749206,True,0.007457164033648489,True,0.006537834100746043,True,-0.0031829424921900884,True,-0.008748573499851142,-0.014579050592767984,-0.006767279285143535,0.0009193299329024462,-0.00022944518439749206,-0.006767279285143535,0.011223944414751497,-0.007928118393234818,-0.004772004241781591,0.0005302226935313126,-0.0365602471678681,0.45326879035593637,50.1523522431416
2020-12-21,-0.003692776283288901,True,0.01627493936462754,True,-0.0034417409046401115,True,-0.0051907243805972,True,-0.0030224371872296096,True,-0.0006290602982889082,True,-0.0006703390960592914,0.016903999662916447,-0.0004193037174105019,-0.0021682871933675907,-0.003692776283288901,-0.0006703390960592914,0.002663825253063523,0.006907545164718254,0.000527983104540608,-0.015839493136219684,-0.024428274428274555,0.5116319876936083,58.5079743337167
2020-12-22,0.0014826136473695684,True,0.008896868757519716,True,-0.005044950389838432,True,0.004539598921682764,True,-0.0018706506454907457,True,0.00947371082936832,True,0.003353264292860314,-0.0005768420718486045,-0.003174299744347686,0.006410249567173509,0.0014826136473695684,0.003353264292860314,-0.00791556728232179,-0.033510638297872264,-0.01836844948676386,-0.017828200972447417,-0.016095534787123555,0.6775027514503399,79.31334940646944
2020-12-23,0.0,True,-0.09171083450489359,True,-0.0017710431945737737,True,-0.004050365369084874,True,0.002718895722616743,True,-0.014424788151198742,True,-0.002718895722616743,-0.07728604635369485,-0.004489938917190517,-0.006769261091701617,-0.0017710431945737737,-0.004489938917190517,0.0022014309301046087,0.0049423393739702615,0.021205357142856984,0.026227678571428603,-0.057083549558899827,1.1897394486025206,14.836759450431117
2020-12-24,0.006661743231912487,True,0.0038834957419278116,True,-0.0074700222588161,True,-0.020258674056322645,True,-0.005036355683248228,True,0.003218480809554114,True,0.011698098915160715,0.0006650149323736976,-0.002433666575567872,-0.015222318373074417,-0.0074700222588161,-0.002433666575567872,-0.003278688524590234,-0.009868421052631526,-0.011494252873563315,-0.008210180623973606,-0.0705942102590148,0.8408690599698548,32.993946083318576
2020-12-25,0.008088209822929349,True,0.0019341597964264157,True,0.010724859950028254,True,-0.0011914958585755864,True,0.004412429296392739,True,0.004020956790386165,True,0.0036757805265366095,-0.0020867969939597497,0.006312430653635515,-0.0056039251549683256,0.008088209822929349,0.0036757805265366095,-0.0033222591362125353,0.016111111111110965,0.011615044247787587,-0.0027654867256635685,-0.11383709519136398,0.5945882490524829,18.461078186377208
2020-12-28,0.0,False,-0.017374521353033967,True,0.0,False,0.0,False,0.0,False,0.003581137586817773,True,0.0,-0.02095565893985174,0.0,0.0,0.0,0.0,-0.004920721705850228,-0.0060439560439560225,0.0005530973451328691,0.02157079646017701,-0.09095427435387671,0.6449862465604846,55.78714436044167
2020-12-29,0.0029175756193822178,True,-0.005893833322005215,True,-0.0020011694347608078,True,-0.007214972829964084,True,0.010079427914333472,True,0.010581672398945363,True,-0.007161852294951254,-0.01647550572095058,-0.01208059734909428,-0.017294400744297556,-0.0020011694347608078,-0.01208059734909428,0.001105583195135429,0.03368304803975697,0.01628664495113985,-0.003800217155266017,-0.09004024144869216,0.5951807893591434,31.05978128466498
2020-12-30,-0.00872726440429683,True,-0.005928854681486961,True,-0.00251824827956737,True,0.003352850260830431,True,0.0008955349499317755,True,-0.0007609234488759054,True,-0.009622799354228606,-0.005167931232611056,-0.0034137832294991455,0.0024573153108986556,-0.00251824827956737,-0.0034137832294991455,-0.010149572649572502,0.004317323259579009,0.004859611231101457,0.010799136069114423,-0.07004470938897167,1.3624116395530055,81.82168338644084
2020-12-31,0.005135707574210002,True,0.01192835269395065,True,0.018466648594905877,True,0.015645155090674434,True,3.165949706773752e-05,True,0.014901164212076656,True,0.005104048077142265,-0.002972811518126006,0.01843498909783814,0.015613495593606697,0.015645155090674434,0.015613495593606697,0.004298764105319819,0.005350454788656922,0.0005324813631522041,0.0005324813631522041,-0.08505408062930186,0.8803154918600598,65.08626078325455
2021-01-04,0.007299298019120881,True,-0.007858470322073208,True,0.0026164226505795973,True,-0.006903306672885301,True,0.002460590971339993,True,0.0030522190355783962,True,0.004838707047780888,-0.010910689357651604,0.00015583167923960417,-0.009363897644225294,0.0026164226505795973,0.00015583167923960417,-0.000532197977647586,0.010649627263045858,0.008501594048884176,0.015940488841657885,-0.07937285644292014,0.9409494222357765,79.08590821587455
2021-01-05,-0.0036232021770864486,True,0.02772277661825151,True,0.0020145087252658733,True,0.004480903896525001,True,-0.014120433835534851,True,0.011505151990463203,True,0.010497231658448403,0.016217624627788307,0.016134942560800725,0.018601337732059853,0.0020145087252658733,0.016134942560800725,-0.0005268703898841931,0.04638903531892469,0.03385416666666674,0.01145833333333357,-0.058998512642538525,1.1430871552861273,88.67371545881554
2021-01-06,0.01963639692826713,True,0.01926782567173424,True,0.017499735031050845,True,0.022209983692166757,True,0.008244444857043565,True,0.006576285123691017,True,0.011391952071223566,0.012691540548043223,0.00925529017400728,0.013965538835123192,0.01963639692826713,0.011391952071223566,-0.001007556675063137,-0.0226928895612708,0.006230529595015355,-0.011941848390446541,-0.006506506506506415,2.196713151099766,97.821166022625
2021-01-07,0.02282451386419293,True,0.028355391762272086,True,-0.0030536153845719394,True,-0.05895288534700249,True,-0.013852433828690391,True,-0.001126690434413824,True,0.03667694769288332,0.02948208219668591,0.010798818444118452,-0.0451004515183121,-0.0030536153845719394,0.010798818444118452,-0.0041279669762640525,-0.00984455958549224,0.003676470588235281,0.014180672268907513,-0.03677932405566586,1.4124808847840622,52.23781733261296
2021-01-08,-0.0041841296358613445,True,0.007352869564787534,True,0.04125947508483385,True,0.05783009332432676,True,0.02419203167735917,True,0.015408670884735187,True,-0.028376161313220516,-0.008055801319947653,0.01706744340747468,0.03363806164696759,0.04125947508483385,0.01706744340747468,-0.004186289900575568,0.014713610089332585,0.0,0.01242879337131031,-0.02549719530851613,1.4345715656875362,34.022533480358206
2021-01-11,-0.006302531811684053,True,-0.036496286114594545,True,-0.00359053395408071,True,-0.005039659463441537,True,0.012858181722009254,True,0.016428959860161685,True,-0.019160713533693308,-0.05292524597475623,-0.016448715676089964,-0.01789784118545079,-0.005039659463441537,-0.01789784118545079,0.0046607975142414215,0.0077319587628867925,-0.012127337038908448,-0.030318342597271286,-0.010758196721311286,1.1061548832205397,56.4962139745413
2021-01-12,-0.0007046705780979767,True,-0.028409095163804188,True,0.014977906977855726,True,0.02596657052145912,True,-0.01444987339768955,True,0.006036595319823146,True,0.013745202819591573,-0.034445690483627334,0.029427780375545276,0.04041644391914867,0.014977906977855726,0.029427780375545276,-0.000511508951406725,-0.01228249744114629,0.0025974025974027093,0.0051948051948051965,0.0332980972515855,1.5239090446181713,76.06399242611438
2021-01-13,0.0,True,0.011695908235614283,True,0.004662290665268021,True,-0.010039568260774123,True,-0.0015904770487779052,True,-0.0036381383714123583,True,0.0015904770487779052,0.015334046607026641,0.006252767714045926,-0.008449091211996218,0.0,0.0015904770487779052,0.0,0.033160621761658016,0.027305512622359585,0.04070066975785669,0.01685985247629107,1.1644682053125952,39.267497317390735
2021-01-14,-0.003526106463947909,True,0.0751444439382607,True,-0.005406955143396619,True,0.003485622916209463,True,0.006753006345304957,True,0.017372136099950586,True,-0.010279112809252866,0.05777230783831011,-0.012159961488701576,-0.003267383429095494,-0.003526106463947909,-0.010279112809252866,0.0005015045135405849,0.0035087719298245723,0.007549068948162985,0.0025163563160544022,0.0578249336870027,2.0725847150664753,82.53225114988746
2021-01-15,0.006369437498865205,True,0.050179292993171476,True,0.024870414210026448,True,-0.024497943716764392,True,-0.005347137077610586,True,-0.003981618061412617,True,0.011716574576475791,0.05416091105458409,0.030217551287637034,-0.019150806639153806,0.006369437498865205,0.011716574576475791,-0.009490509490509558,-0.021684316691880978,-0.01970692268822638,-0.02122283981808981,0.08686210640608039,1.7375027156676044,85.1728929350792
2021-01-18,-0.008438810359049032,True,-0.02389085567815097,True,-0.019463640460615106,True,-0.02581408695605447,True,-0.007921233356270263,True,-0.005780841688809102,True,-0.0005175770027787685,-0.018110013989341867,-0.011542407104344843,-0.01789285359978421,-0.019463640460615106,-0.011542407104344843,-0.0077319587628865705,0.024935064935065032,0.01753481175863847,0.005157297576070086,0.036878674505612,1.1849452130774847,25.476667596008
2021-01-19,0.0,False,-0.020978956206671673,True,0.0,False,0.0,False,0.0,False,-0.000281092399480376,True,0.0,-0.020697863807191297,0.0,0.0,0.0,0.0,-0.0040547389761784736,-0.025445292620865145,-0.012886597938144284,-0.024226804123711254,0.051145444858817335,1.1205657089199705,57.32015196916526
2021-01-20,0.004255281157384605,True,-0.019642859916582878,True,0.0343328735859485,True,0.01288934529490815,True,0.014589950008969899,True,0.016997829694305633,True,-0.010334668851585294,-0.03664068961088851,0.0197429235769786,-0.0017006047140617486,0.01288934529490815,-0.0017006047140617486,0.0,-0.020365535248041633,-0.0010649627263045192,-0.0031948881789138905,0.010554089709762682,1.0631514155636914,22.909655954242922
2021-01-21,0.002118625232660154,True,-0.05646638251976588,True,-0.004159446372590803,True,0.026141853327078746,True,0.02326083973381654,True,-0.004483767095057822,True,-0.021142214501156387,-0.051982615424708056,-0.027420286106407343,0.002881013593262205,0.002118625232660154,-0.021142214501156387,-0.0031982942430704986,-0.0032085561497325887,0.005936319481921082,0.0016189962223420729,0.03247110621904237,0.92582891483746,12.675978786529186
2021-01-22,-0.0035235545129731483,True,0.0019305787011365538,True,0.01546677811269248,True,0.03753970249610594,True,0.007999716975974014,True,0.021990756186637928,True,-0.011523271488947162,-0.020060177485501374,0.007467061136718467,0.02953998552013193,0.01546677811269248,0.007467061136718467,-0.011802575107296098,0.03257328990227992,0.02699784017278617,0.007019438444924253,0.01857923497267766,0.9121496918224303,9.94279781626139
2021-01-25,0.0021216217993487163,True,0.02697495594042798,True,-0.018814937051804814,True,-0.01117713569497858,True,-0.00288029377256116,True,-0.008341041238197788,True,0.005001915571909876,0.03531599717862577,-0.015934643279243654,-0.00829684192241742,-0.01117713569497858,-0.00829684192241742,-0.001051524710830698,-0.028421052631578902,-0.010187667560321634,-0.0010723860589811895,0.05315614617940212,1.2689668740967597,61.93028652215686
2021-01-26,0.0,True,-0.02251407463476862,True,0.003942990700385174,True,-0.004320926335021902,True,0.008266051127204133,True,-0.004525257343149014,True,-0.008266051127204133,-0.017988817291619608,-0.004323060426818959,-0.012586977462226034,0.0,-0.008266051127204133,0.0005417118093173912,-0.009745533297238707,-0.011351351351351346,-0.017297297297297343,0.009294696555494752,0.8074691317863053,22.92497717975658
2021-01-27,-0.008468587502680314,True,0.009596930439329299,True,-0.017281293252808916,True,-0.015966658131475575,True,0.0014628560921210454,True,-0.018040931072369037,True,-0.009931443594801359,0.027637861511698336,-0.01874414934492996,-0.01742951422359662,-0.015966658131475575,-0.01742951422359662,-0.004920721705850228,0.01098901098901095,0.012658227848101111,0.004402861860208995,0.011055831951354289,0.6792136857344178,16.58352864119064
2021-01-28,-0.023487538734958124,True,0.03231932132604798,True,-0.0488430839124987,True,-0.038518206167707625,True,-0.027876681145178606,True,0.002720543781964402,True,0.004389142410220481,0.029598777544083577,-0.02096640276732009,-0.01064152502252902,-0.038518206167707625,-0.01064152502252902,-0.009239130434782528,-0.020296215030170095,-0.021369863013698698,-0.02356164383561643,-0.017094017094017033,0.5955198208945497,38.572919339841015
2021-01-29,-0.010932986099501996,True,-0.0055248630853210745,True,0.02092100558830201,True,0.010315066536308759,True,0.005917076761177142,True,-0.01818751191436152,True,-0.016850062860679138,0.012662648829040446,0.015003928827124868,0.004397989775131617,0.010315066536308759,0.004397989775131617,0.006718924972004547,-0.04560622914349277,-0.04134078212290493,-0.06536312849161996,-0.0403009134873723,0.7012951671581078,10.750031798771516
2021-02-01,-0.011790703832744831,True,-0.03518511969495253,True,-0.018239340802045034,True,-0.004693079435740488,True,-0.021038258771604257,True,-0.01800547971377675,True,0.009247554938859426,-0.017179639981175776,0.0027989179695592226,0.01634517933586377,-0.011790703832744831,0.009247554938859426,-0.004662004662004726,-0.05562060889929743,-0.0012383900928791824,0.049535603715170407,-0.08674827035657262,1.0247530631912214,3.745586218228965
2021-02-02,0.020879920667950413,True,-0.0076775443514635056,True,0.039186157880130246,True,0.019034254204151058,True,0.02498721001851778,True,0.01795314544039206,True,-0.004107289350567367,-0.025630689791855565,0.014198947861612465,-0.005952955814366723,0.020879920667950413,-0.004107289350567367,0.01859888406695598,0.027997565429093152,-0.005885815185403098,0.03766921718658045,-0.15015806111696517,1.2780430236115026,1.2838384064734782
2021-02-03,0.005843745787619037,True,0.011605417635811355,True,0.013673669364621777,True,0.02415582047428866,True,0.016314127724367244,True,0.02270979367971937,True,-0.010470381936748208,-0.011104376043908015,-0.002640458359745468,0.007841692749921414,0.013673669364621777,-0.002640458359745468,0.010065127294256904,0.031066822977725783,-0.004527447651386685,-0.0237691001697794,-0.14911838790931997,0.9511546653800059,49.887909404741414
2021-02-04,-0.010167054369545792,True,-0.009560306489843962,True,-0.018809358997763592,True,-0.0019361738610872425,True,-0.003967345259668131,True,0.0007151314844924261,True,-0.00619970910987766,-0.010275437974336388,-0.014842013738095461,0.002031171398580889,-0.010167054369545792,-0.00619970910987766,-0.005116543490619629,-0.01657142857142857,0.003498542274052552,0.005830903790087438,-0.09236326109391135,1.2416738983354099,73.72178566717045
2021-02-05,0.02274390780187452,True,0.015444095309051775,True,0.0115702047621411,True,0.009884701624370607,True,0.011826755549737555,True,-0.004127782877246022,True,0.010917152252136963,0.019571878186297798,-0.00025655078759645455,-0.0019420539253669489,0.0115702047621411,-0.00025655078759645455,0.008134805345729301,-0.03746397694524506,-0.025102159953298342,-0.033858727378867415,-0.0994243851386708,0.7751838564424393,48.61702478368696
2021-02-08,0.0021521296663253864,True,-0.0038022819404386343,True,-0.007259513915904736,True,-0.00536049581657394,True,0.0033914743033283123,True,0.006123730963717433,True,-0.001239344637002926,-0.009926012904156067,-0.010650988219233049,-0.008751970119902253,-0.00536049581657394,-0.008751970119902253,0.004790419161676773,-0.022646007151370884,-0.009661835748792313,-0.007246376811594013,-0.13516312791299845,0.5393109029141239,25.399889120306142
2021-02-09,0.006442387320514609,True,0.0,False,0.033416983270748046,True,0.062375908569680893,True,0.006699266908792634,True,0.0,False,-0.00025687958827802504,0.0,0.026717716361955413,0.05567664166088826,0.033416983270748046,0.026717716361955413,-0.007926829268292579,0.02458512599877083,0.022699386503067576,0.01840490797546024,-0.16112531969309463,0.5610503091308697,16.262950927670403
2021-02-10,-0.004978708848462743,True,0.0,False,-0.002962117274300846,True,-0.012154750932170777,True,-0.00020933644320453304,True,0.0,False,-0.00476937240525821,0.0,-0.002752780831096313,-0.011945414488966244,-0.004978708848462743,-0.00476937240525821,0.0005998800239950253,0.017985611510791477,0.02227573750752554,0.03732691149909706,-0.13626943005181358,0.6132633988468698,49.17333661574752
2021-02-18,0.024303084928550822,True,0.051526800787685456,True,0.0363523547196174,True,0.04506334721902716,True,0.0012590254441029458,True,0.03543067094855168,True,0.023044059484447876,0.016096129839133777,0.03509332927551445,0.043804321774924215,0.0363523547196174,0.03509332927551445,0.0217903415783276,-0.005187319884726205,-0.0069044879171460405,-0.013808975834292192,-0.14844533600802412,0.6293998159284347,73.28416108693486
2021-02-19,-0.0027913441776685755,True,-0.007259672165920383,True,-0.010630599548733133,True,-0.005165707000759356,True,-0.004371896377381224,True,0.0038026294860902254,True,0.0015805521997126482,-0.011062301652010609,-0.006258703171351909,-0.0007938106233781328,-0.005165707000759356,-0.0007938106233781328,0.0017381228273463112,0.02660497397339512,0.02660497397339512,0.03007518796992481,-0.13786213786213797,0.6820101210822622,85.61292141293967
2021-02-22,0.01329598186777492,True,0.009140842088539491,True,0.02161052674614683,True,0.006575183602863133,True,-0.004361197217967905,True,-0.005061331144658121,True,0.017657179085742825,0.014202173233197612,0.025971723964114735,0.010936380820831038,0.01329598186777492,0.017657179085742825,0.005633802816901401,-0.011204481792717269,-0.00786958965711082,-0.022484541877459185,-0.08505154639175261,0.7763314742460987,94.49860986790543
2021-02-23,-0.004834233220798012,True,0.001811522835244217,True,-0.036555550200399134,True,-0.038237726013559015,True,-0.02592013861085629,True,0.0042089636206206205,True,0.02108590539005828,-0.0023974407853764035,-0.010635411589542842,-0.012317587402702723,-0.036555550200399134,-0.010635411589542842,-0.007365439093484416,-0.01084474885844755,-0.006307339449541427,0.006307339449541205,-0.10542321338063865,0.9069636922630604,75.47281077781707
2021-02-24,-0.0027758474862309424,True,-0.012658230563202033,True,-0.009608484771792991,True,-0.014889452582146356,True,-0.0029774533628537103,True,0.0020255886632734033,True,0.00020160587662276797,-0.014683819226475436,-0.006631031408939281,-0.011911999219292646,-0.009608484771792991,-0.006631031408939281,0.0040392383150607,-0.0011494252873562871,-0.014739229024943401,-0.02097505668934241,-0.0950391644908617,0.7195959169189081,32.97860393757318
2021-02-25,0.0076548126341871026,True,0.029304108084410974,True,0.0321596280250831,True,0.025244200206956613,True,0.008243195771040934,True,-0.014040290432818736,True,-0.0005883831368538317,0.04334439851722971,0.023916432254042164,0.01700100443591568,0.025244200206956613,0.01700100443591568,0.0011507479861909697,-0.017816091954022895,-0.011567379988432602,-0.020821283979178706,-0.07356076759061836,0.7275258633549093,43.006592853589595
2021-02-26,-0.02348060840208177,True,-0.005338079042911059,True,-0.055755509492765976,True,-0.08217832425956073,True,-0.034862662371893505,True,0.014781740420564793,True,0.011382053969811734,-0.020119819463475852,-0.02089284712087247,-0.047315661887667226,-0.055755509492765976,-0.02089284712087247,-0.022820362785254567,0.037125748502994105,0.021828908554572424,0.03598820058997054,-0.08315450643776823,0.6232458101143235,15.720882004306873
2021-03-01,-0.001414459496326459,True,-0.030411453318117898,True,0.020628511136547623,True,0.030584395620670612,True,0.004187852806021741,True,-0.030292635521793954,True,-0.0056023123023482,-0.00011881779632394451,0.01644065833052588,0.02639654281464887,0.020628511136547623,0.01644065833052588,0.004041570438799047,0.048878665899942275,0.029926595143986212,0.02936194240542056,-0.08937960042060988,0.7562792625125062,57.994345182762544
2021-03-02,0.013456128583395843,True,0.0,False,0.030089284455539378,True,0.009278466529063945,True,0.03008207883356917,True,0.0,False,-0.016625950250173327,0.0,7.205621970207687e-06,-0.020803612304505226,0.013456128583395843,-0.016625950250173327,0.006578947368421018,-0.014161220043572897,-0.001103752759381904,-0.006070640176600417,-0.011917659804983716,1.6704784276358944,91.62017147253997
2021-03-03,-0.013976293296629416,True,0.04981550542293389,True,-0.030741313554985994,True,-0.031462981476818364,True,-0.016038660118778192,True,-0.00043374756858660657,True,0.0020623668221487756,0.0502492529915205,-0.014702653436207802,-0.015424321358040172,-0.030741313554985994,-0.014702653436207802,-0.0011049723756907381,0.004977876106194934,0.010567296996663034,0.008342602892102313,-0.010388190267905939,1.0040237871625328,73.67141313472438
2021-03-04,0.0007087334603232964,True,-0.01581722539678221,True,-0.03150849900302055,True,-0.04486711139007027,True,-0.02902015909325606,True,0.016608301303062678,True,0.029728892553579356,-0.03242552669984489,-0.002488339909764492,-0.01584695229681421,-0.03150849900302055,-0.002488339909764492,-0.0038525041276830096,-0.012154696132596787,-0.018121911037891403,-0.0005491488193301031,-0.012499999999999956,0.6947666100959863,77.98436429559585
2021-03-05,-0.007082112507499572,True,-0.014285716302969376,True,-0.048542937010562226,True,-0.033932504511769546,True,-0.016366954056541094,True,-0.018833295624334556,True,0.009284841549041523,0.0045475793213651805,-0.03217598295402113,-0.01756555045522845,-0.033932504511769546,-0.01756555045522845,-0.006711409395973034,0.026463963963963888,0.0005488474204171645,0.02524698133918779,0.0011198208286673506,0.8070623821526979,33.0820222673091
2021-03-08,0.0057061284660482325,True,0.039855006546007266,True,0.03207319218730942,True,0.007376608111727245,True,0.015060830106012668,True,-0.003217551100295868,True,-0.009354701639964436,0.04307255764630313,0.01701236208129675,-0.007684221994285423,0.007376608111727245,-0.007684221994285423,0.004388370817334009,-0.017476788640087393,-0.0430851063829788,-0.03563829787234052,0.062354312354312214,0.9888541147393134,71.9988475856351
2021-03-09,0.007092157807799149,True,0.019163767026310508,True,-0.054941093864544266,True,-0.06967485881286495,True,-0.02831422894759117,True,-0.002215049302292993,True,0.03540638675539032,0.0213788163286035,-0.026626864916953097,-0.04136062986527378,-0.054941093864544266,-0.026626864916953097,0.008337965536409309,-0.02205071664829117,0.009675583380762465,0.002845759817871496,0.11531308121512707,1.6310669908423387,40.05347364108186
2021-03-10,-0.0042253145597392905,True,-0.04102551417066058,True,0.05924522872960902,True,0.0803333153905681,True,0.03944130792816525,True,0.002084656266904128,True,-0.04366662248790454,-0.04311017043756471,0.019803920801443775,0.040892007462402846,0.05924522872960902,0.019803920801443775,0.013528748590755368,-0.04115684093437166,-0.010900745840504933,-0.01950659781985087,0.05032563647128474,1.2345487686030114,20.813918100190946
2021-03-11,0.004950473346860607,True,-0.005347734915913671,True,-0.02030300874630442,True,-0.004153207940599257,True,-0.002854664337322621,True,0.003695183633119603,True,0.007805137684183228,-0.009042918549033274,-0.017448344408981797,-0.0012985436032766362,-0.004153207940599257,-0.0012985436032766362,0.0005800464037124531,0.019130434782608674,0.02031340684851979,0.004062681369704002,-0.019897669130187645,0.979440869349904,7.124670010641225
2021-03-12,0.01337083602204392,True,0.025089611068089157,True,0.0420269465486689,True,0.04212676997123799,True,0.023031600521146833,True,0.016836048620466393,True,-0.009660764499102914,0.008253562447622764,0.018995346027522064,0.019095169450091154,0.0420269465486689,0.018995346027522064,-0.0005688282138792689,-0.022766078542970858,0.0005827505827507018,-0.028554778554778504,0.02149912841371293,0.8975684959141036,50.97550087265778
2021-03-15,0.0020833810722398205,True,-0.006992939320403235,True,-0.012488770700049168,True,-0.010582087453131273,True,-0.008112490234671532,True,0.00467380566565323,True,0.010195871306911353,-0.011666744986056465,-0.0043762804653776355,-0.0024695972184597403,-0.010582087453131273,-0.0024695972184597403,-0.0029120559114735878,-0.02336448598130858,0.007836045810729386,0.007836045810729386,0.028143712574850266,0.8349585992032782,23.834716850619742
2021-03-16,0.004850983599710146,True,-0.0035210576412652017,True,0.021568579238303798,True,0.026077420166583876,True,0.01068292712203145,True,-0.00035986125576314976,True,-0.005831943522321303,-0.003161196385502052,0.010885652116272349,0.015394493044552426,0.021568579238303798,0.010885652116272349,-0.0011961722488037507,-0.003592814371257358,-0.007751937984496027,-0.012522361359570744,0.019512195121951237,0.9304998300461402,10.990099588174502
2021-03-17,-0.0006896709573680493,True,-0.010600777309769382,True,0.010938274252143998,True,0.007580459064133516,True,0.00548888268676162,True,0.003928166750143625,True,-0.0061785536441296696,-0.014528944059913007,0.005449391565382378,0.0020915763773718954,0.007580459064133516,0.0020915763773718954,-0.0006009615384616751,0.010222489476849228,-0.0011890606420926764,0.0,-0.001799640071985631,0.6577129618201688,9.222898163116724
2021-03-18,0.0041408157739446505,True,-0.014285716302969376,True,0.009394027330765553,True,0.003762182645596912,True,0.004117320503330912,True,-0.00596695200792885,True,2.349527061373813e-05,-0.008318764295040526,0.005276706827434641,-0.0003551378577340003,0.0041408157739446505,2.349527061373813e-05,0.0,-0.0071428571428572285,-0.0005991611743559888,-0.010185739964050478,-0.010600706713780994,0.5589767446085793,44.75582137563315
2021-03-19,-0.009622016597079064,True,0.003623188924834597,True,-0.040051523583787496,True,-0.04637882962339179,True,-0.03063045577301049,True,0.004441312857573099,True,0.021008439175931426,-0.0008181239327385015,-0.009421067810777006,-0.015748373850381303,-0.040051523583787496,-0.009421067810777006,-0.015587529976019088,-0.00548112058465311,-0.00850030358227083,-0.0018214936247721303,-0.03360370799536505,0.5058089524893687,28.198936891897475
2021-03-22,-0.009021520875606703,True,-0.009025272046364496,True,0.011382702278418977,True,0.009687555289858762,True,0.0035252735446831274,True,-0.013359635867152608,True,-0.01254679442028983,0.004334363820788112,0.00785742873373585,0.006162281745175635,0.009687555289858762,0.006162281745175635,0.0,0.025719534598897864,0.01823708206686936,0.021276595744680993,-0.08000000000000007,0.6072928138390407,8.929443814620328
2021-03-23,0.010504241947445703,True,-0.0072858315113832894,True,0.023836188589514196,True,0.0265069500066355,True,0.01875301234746307,True,0.007403715840725189,True,-0.008248770400017369,-0.014689547352108479,0.005083176242051124,0.007753937659172427,0.023836188589514196,0.005083176242051124,0.0011940298507462366,-0.017292784734645128,-0.011990407673860837,-0.008992805755395628,-0.05099150141643061,0.5323913065479546,65.50382134777429
2021-03-24,-0.014553016888824932,True,0.01284389160295829,True,-0.025036693292323497,True,-0.008759302212095754,True,-0.00436238401026956,True,-0.0007183720407116789,True,-0.010190632878555372,0.01356226364366997,-0.020674309282053938,-0.004396918201826194,-0.014553016888824932,-0.010190632878555372,0.0006067961165048263,0.003032140691328067,0.005471124620060719,0.012158054711246091,-0.04904789382573571,0.6008969572627898,36.41721717362384
2021-03-25,-0.00281293678634964,True,0.01086949514733071,True,-0.017148157129998176,True,-0.032725715280265355,True,-0.01686543338708668,True,-0.008992051842549365,True,0.014052496600737041,0.019861546989880074,-0.0002827237429114948,-0.015860281893178674,-0.017148157129998176,-0.0002827237429114948,0.002418379685610539,0.007237635705669598,0.0060240963855420215,0.011445783132530085,-0.04833141542002295,0.531002953789334,46.89721443795624
2021-03-26,0.0,True,-0.01612896482963533,True,0.0036639373775597672,True,-0.008522503766582368,True,-0.0017316134552913809,True,0.0017477121581668253,True,0.0017316134552913809,-0.017876676987802154,0.005395550832851148,-0.006790890311290987,0.0,0.0017316134552913809,0.005988023952095967,0.004166666666666652,0.0071641791044776415,0.0029850746268658135,-0.022820362785254567,0.5712416259463177,71.73976353837178
2021-03-29,0.029619186689343158,True,0.0018214938871350395,True,0.0501519808773514,True,0.024251646349364275,True,0.014999943819297812,True,0.015301251405924532,True,0.014619242870045346,-0.013479757518789492,0.03515203705805359,0.009251702530066463,0.029619186689343158,0.014619242870045346,0.0017783046828687699,-0.009467455621301801,-0.005347593582887722,-0.012477718360071166,-0.025981524249422683,0.7046690445986831,85.82820008521672
2021-03-30,-0.004794564840380433,True,-0.005454618126409794,True,-0.016015497835959902,True,0.00848963492509891,True,-0.0002843317640068843,True,0.010431256794169563,True,-0.004510233076373549,-0.015885874920579357,-0.015731166071953018,0.008773966689105794,-0.004794564840380433,-0.004510233076373549,0.0,-0.008363201911588791,0.0030211480362538623,-0.004229607250755274,-0.08223684210526316,0.6144944211412324,48.69822938515781
2021-03-31,-0.0027529224079928527,True,0.009140842088539491,True,-0.004289854727379083,True,-0.0059080665152776435,True,-0.005033235676018211,True,0.00479059406709359,True,0.002280313268025358,0.004350248021445902,0.0007433809486391274,-0.0008748308392594328,-0.004289854727379083,0.0007433809486391274,-0.001807228915662762,0.010259505129752489,0.018867924528301883,0.014607425441266031,-0.08287292817679559,0.7287703168347598,25.209108357852244
2021-04-01,0.0006901469316631381,True,0.018115944624172986,True,0.028722356488023015,True,0.037019073249380474,True,0.015303226060021435,True,-0.007476307820015071,True,-0.014613079128358297,0.025592252444188057,0.01341913042800158,0.02171584718935904,0.028722356488023015,0.01341913042800158,0.0,0.005973715651135025,0.0035756853396899935,0.02502979737783062,-0.07870115575123826,0.6812123400652471,61.932291792317486
2021-04-02,0.030344798647124138,True,-0.019572886138005785,True,0.03855470527735538,True,0.034723758216928635,True,0.01704593484084671,True,0.008529445641900946,True,0.013298863806277428,-0.02810233177990673,0.021508770436508673,0.017677823376081925,0.034723758216928635,0.017677823376081925,0.0035629453681709222,0.00946745562130169,-0.012159814707585426,-0.01737116386797921,-0.058165548098433995,0.7101568847313793,77.62624703563498
2021-04-06,0.010040199224740531,True,0.0,False,0.016644158484873772,True,0.012724552767732211,True,0.019964837216040365,True,0.0,False,-0.009924637991299834,0.0,-0.003320678731166593,-0.007240284448308154,0.012724552767732211,-0.007240284448308154,0.0005861664712778492,-0.014645577035735213,-0.0017804154302670794,-0.016617210682492667,-0.06417992320351062,1.2844020884879468,92.04902293119778
2021-04-07,-0.00927768998721612,True,0.0,False,-0.013688361703238838,True,-0.00900818875803533,True,-0.0006948401715290986,True,0.0,False,-0.008582849815687021,0.0,-0.01299352153170974,-0.00831334858650623,-0.00927768998721612,-0.008582849815687021,0.0,-0.010701545778834753,0.006654567453115545,0.011494252873563093,-0.0650361311839911,0.9743729328804859,38.2507399893281
2021-04-08,-0.006688925021486325,True,0.0018148104057358339,True,-0.00228681698773725,True,0.02034395722321447,True,0.002418437165835785,True,0.014729102910662428,True,-0.00910736218732211,-0.012914292504926594,-0.004705254153573035,0.017925520057378685,-0.00228681698773725,-0.004705254153573035,-0.0024038461538461453,-0.001807228915662762,-0.011336515513126533,-0.01252983293556087,-0.06200676437429542,1.0762529945463173,20.382145604426995
2021-04-09,0.0067339680287277215,True,0.019927467459417203,True,0.014344926559166638,True,0.012267277996849346,True,0.010433576598773309,True,0.0066058700053801545,True,-0.003699608570045587,0.013321597454037049,0.003911349960393329,0.0018337013980760375,0.012267277996849346,0.0018337013980760375,0.0006035003017499374,0.0,-0.001204819277108582,-0.003012048192771122,-0.03886310904872403,0.8667157092765886,14.950221375156431
2021-04-12,0.0013378232788523459,True,-0.012433254704045327,True,-0.002337516359459224,True,0.005797303020875777,True,0.006058151596466388,True,-0.004273777952553681,True,-0.004720328317614042,-0.008159476751491646,-0.008395667955925612,-0.0002608485755906109,0.0013378232788523459,-0.004720328317614042,-0.0012062726176115257,-0.022946859903381633,-0.012812690665039761,-0.020744356314826073,-0.056882821387940874,0.8725426175415703,20.9680325021816
2021-04-13,-0.0026720080921526224,True,-0.008992806394890862,True,-0.011597914323412506,True,0.056180522989571546,True,-0.0013048684175099856,True,0.0003322401970311528,True,-0.0013671396746426367,-0.009325046591922015,-0.01029304590590252,0.05748539140708153,-0.0026720080921526224,-0.0013671396746426367,0.0,-0.0067985166872681635,0.0012461059190029822,0.005607476635514086,-0.05765870704717535,1.039512305881064,3.1481134475587567
2021-04-14,0.0,True,-0.03266795068933881,True,-0.001975508417703775,True,0.03093592519584587,True,0.011672853809628236,True,-0.002063445026427857,True,-0.011672853809628236,-0.030604505662910952,-0.013648362227332012,0.019263071386217634,0.0,-0.011672853809628236,-0.0006222775357810351,-0.0006226650062265415,-0.001244555071561848,-0.00995644057249534,-0.038875598086124286,0.9611354718034779,2.145333643313279
2021-04-15,-0.0006698076810064402,True,-0.02251407463476862,True,-0.009579901282441683,True,-0.025670538242673846,True,-0.012008209773746392,True,0.002440461583073983,True,0.011338402092739952,-0.024954536217842604,0.0024283084913047093,-0.013662328468927454,-0.009579901282441683,0.0024283084913047093,0.0,-0.005607476635513975,-0.0031230480949406836,-0.0006246096189882477,-0.035456730769230727,0.9041909380303966,1.9226341805383669
2021-04-16,0.007372631106887351,True,0.023032633054390406,True,0.012830163915630743,True,0.05631021410036374,True,0.015155519484958857,True,0.012496153902719076,True,-0.007782888378071506,0.01053647915167133,-0.0023253555693281136,0.041154694615404885,0.012830163915630743,-0.0023253555693281136,0.001879699248120259,0.008755472170106193,0.0074953154278574186,0.010618363522798102,-0.04999999999999993,0.8209133386502911,0.9939905427336839
2021-04-19,0.0039920439575975575,True,0.02251422299574335,True,-0.00390671400723519,True,-0.013927528467464145,True,0.0011710705895224827,True,0.004806545273710494,True,0.002820973368075075,0.017707677722032855,-0.005077784596757673,-0.015098599056986628,-0.00390671400723519,-0.005077784596757673,0.001239925604463732,0.021671826625387025,0.014760147601475815,0.00799507995079951,-0.03297362110311752,0.8607993749646143,64.94976542770951
2021-04-20,-0.003313465223940937,True,0.009174166832315978,True,-0.02476143266815911,True,-0.03461129678184316,True,-0.009151844375060558,True,0.0060883445105130996,True,0.0058383791511196215,0.003085822321802878,-0.015609588293098553,-0.0254594524067826,-0.02476143266815911,-0.015609588293098553,-0.004848484848484769,-0.010962241169305886,-0.01456310679611661,-0.02548543689320404,0.01041028781383968,1.494611548117155,90.80506651190711
2021-04-21,-0.007313806978473836,True,0.010909164365183965,True,-0.01401519154127051,True,-0.012400737304720688,True,-0.007288550974799746,True,0.0035097528521692567,True,-2.525600367409009e-05,0.007399411513014709,-0.006726640566470765,-0.0051121863299209425,-0.012400737304720688,-0.0051121863299209425,-0.008004926108374333,-0.0024829298572315306,-0.0012430080795524656,0.0024860161591049312,-0.03044776119402981,1.2335127185704093,44.584033544678476
2021-04-22,0.003348910652279935,True,0.0035969803342272844,True,0.026368854896265503,True,0.012474081808981241,True,0.008560838734366527,True,-0.007028439469071612,True,-0.005211928082086592,0.010625419803298897,0.017808016161898976,0.003913243074614714,0.012474081808981241,0.003913243074614714,0.002489110143123696,0.006828057107386654,0.007453416149068248,-0.016770186335403836,-0.02487864077669899,0.8316508563847097,26.767013878650502
2021-04-23,-0.00267022450436305,True,-0.02329728342081694,True,-0.022118729127921677,True,-0.03321834338489427,True,-0.01205447983236918,True,-0.006111963921575758,True,0.00938425532800613,-0.01718531949924118,-0.010064249295552496,-0.021163863552525086,-0.022118729127921677,-0.010064249295552496,-0.0012330456226880004,-0.043827160493827066,-0.025786163522012573,-0.02515723270440251,-0.0193470374848852,0.8296786324718922,57.053783130133745
2021-04-26,0.012717572917946729,True,0.04220168976809591,True,0.022988500552780344,True,0.027945847475547403,True,0.012589293605083096,True,0.011890926858045159,True,0.0001282793128636328,0.030310762910050748,0.010399206947697248,0.015356553870464307,0.022988500552780344,0.010399206947697248,0.0,-0.009683666881859287,-0.005832793259883284,-0.025923525599481523,-0.0724550898203592,3.0067973405670028,11.35310892743496
2021-04-27,0.00462654952377739,True,0.014084578612590715,True,0.017094699950094494,True,0.01393680562752797,True,0.006511229217236458,True,0.015723427358090847,True,-0.0018846796934590682,-0.0016388487455001322,0.010583470732858036,0.007425576410291512,0.01393680562752797,0.007425576410291512,-0.0006518904823989979,-0.037834311806914545,-0.015353805073431315,-0.018024032042723626,-0.09069353882631881,1.1377390177839037,8.541423109152646
2021-04-28,-0.0006579098031133102,True,-0.04166673816948174,True,-0.005839169773043662,True,-0.00621862024935893,True,-0.004332171925289785,True,0.001343668320104463,True,0.003674262122176475,-0.043010406489586206,-0.001506997847753877,-0.0018864483240691454,-0.005839169773043662,-0.001506997847753877,0.0027118644067796183,0.011494252873563315,0.01976823449216103,0.02249488752556239,-0.11887694145758665,1.6502417367914253,2.8971248928040154
2021-04-29,0.001316685866765921,True,-0.014492755699338389,True,-0.01599345979404143,True,-0.006826133967683945,True,-0.0033809775817060794,True,-0.001612369536094671,True,0.004697663448472,-0.012880386163243718,-0.012612482212335352,-0.0034451563859778656,-0.006826133967683945,-0.0034451563859778656,-0.004010695187165791,-0.006040268456375841,-0.005372733378106065,-0.018804566823371505,-0.0987951807228915,1.130681992749211,33.96206298259095
2021-04-30,-0.003944800753860389,True,0.009191177806627149,True,0.009235924472161816,True,0.0031419282289979478,True,0.0035991066518072934,True,-4.947426643286956e-05,True,-0.0075439074056676825,0.009240652073060018,0.005636817820354523,-0.0004571784228093456,0.0031419282289979478,-0.0004571784228093456,-0.0006752194463199857,-0.021621621621621623,-0.010928961748633892,-0.021857923497267784,-0.11529271206690561,0.7060540093820242,23.309176591467903
2021-05-06,-0.01452140718772077,True,-0.09927141684886165,True,-0.047914115148626535,True,-0.05652608363697076,True,-0.03289077139277097,True,-0.041170074259544887,True,0.018369364205050198,-0.05810134258931676,-0.015023343755855567,-0.02363531224419979,-0.047914115148626535,-0.015023343755855567,-0.002071823204420009,-0.01245674740484426,-0.0007002801120448154,0.008403361344537785,-0.14014251781472686,1.0431797967341359,9.793159441289603
2021-05-07,0.0026791668476497943,True,-0.017189082627402597,True,0.008226773340852978,True,0.0044609597426019665,True,0.007537682425812431,True,0.008960160559546404,True,-0.004858515578162637,-0.026149243186949,0.0006890909150405466,-0.0030767226832104644,0.0044609597426019665,-0.0030767226832104644,0.0,0.0007007708479327412,-0.005571030640668551,-0.013231197771587655,-0.16354044548651814,0.8400972245265136,5.634724896292113
2021-05-10,0.008016024276457756,True,0.028806589049220177,True,0.0141125804986999,True,0.019916742002149546,True,0.008114135197307304,True,0.017102181882039824,True,-9.811092084954787e-05,0.011704407167180353,0.0059984453013925965,0.011802606804842242,0.0141125804986999,0.0059984453013925965,0.0,0.004901960784313708,0.01556970983722561,0.017692852087756616,-0.1510107015457789,0.6937828009142514,9.30258412359511
2021-05-11,-0.011265743841943565,True,0.020000003163056057,True,-0.04433496074048371,True,-0.0368952326362989,True,-0.025254212162955314,True,-0.0028574269597917423,True,0.013988468321011749,0.0228574301228478,-0.019080748577528395,-0.011641020473343588,-0.0368952326362989,-0.011641020473343588,-0.006271777003484358,0.011220196353436185,0.001388888888888884,-0.003472222222222321,-0.1376201923076923,0.826251257346587,41.26432606161462
2021-05-12,-0.0020107059529347326,True,-0.08823530779868516,True,0.001932969320276312,True,0.0028388362907287856,True,-0.0013816763326931492,True,-0.037856422794740885,True,-0.0006290296202415835,-0.050378885003944274,0.0033146456529694612,0.004220512623421935,0.001932969320276312,0.0033146456529694612,-0.001386962552011095,0.0,0.00488485694347518,0.011165387299371998,-0.1297525648762824,0.6350031208465204,65.54687073675203
2021-05-13,-0.010745520308747092,True,-0.09999993197728929,True,-0.04124328989992143,True,-0.03828727148700661,True,-0.025882841425915237,True,-0.04105140024283427,True,0.015137321117168145,-0.05894853173445502,-0.015360448474006194,-0.012404430061091376,-0.03828727148700661,-0.012404430061091376,-0.004861111111111094,0.008374040474528943,-0.0006915629322269412,-0.008298755186722073,-0.1314837153196623,0.7455015274998392,53.02113577329351
2021-05-14,0.010183338551673637,True,0.04778963524808111,True,0.01135798812323685,True,-0.006777736112302923,True,0.007731573008085357,True,-0.014606030805524917,True,0.00245176554358828,0.062395666053606025,0.0036264151151514934,-0.01450930912038828,0.010183338551673637,0.00245176554358828,0.0027681660899654403,0.009661835748792313,0.020935101186322358,0.03000697836706201,-0.10692212608158214,0.8372284920597288,75.97577972056295
2021-05-17,0.00537633891739131,True,0.0467503836603087,True,0.03170187463142882,True,0.04227866605153796,True,0.022076667081811552,True,0.01001845797336709,True,-0.01670032816442024,0.03673192568694161,0.009625207549617265,0.02020199896972641,0.03170187463142882,0.009625207549617265,0.0006835269993163973,0.012295081967213184,-0.007367716008037428,-0.014065639651707929,-0.08960796515245806,1.2691068876433504,94.6825990614962
2021-05-18,0.0006684644957444252,True,0.05119826149082085,True,-0.011142533810854172,True,-0.0054411716126042675,True,-0.00606630928801799,True,-0.029898117719939776,True,0.0067347737837624155,0.08109637921076063,-0.005076224522836181,0.0006251376754137228,-0.0054411716126042675,0.0006251376754137228,-0.0013495276653171517,-0.007432432432432523,0.0013633265167007913,-0.004089979550102263,-0.07663551401869162,1.2059935499249386,97.98876474995642
2021-05-19,-0.00601203413376783,True,0.04663204622912542,True,-0.005504036152321867,True,-0.010571305781192586,True,-0.006751000254325845,True,0.0515889353414174,True,0.0007389661205580156,-0.004956889112291973,0.001246964102003978,-0.0038203055268667407,-0.00601203413376783,0.0007389661205580156,-0.0020422055820285,-0.0034106412005457942,0.002057613168724215,-0.006858710562414272,-0.07957393483709274,0.5653504377533037,52.9430260025233
2021-05-20,0.008064508376086854,True,0.005940594989625403,True,0.017910841369010555,True,0.0035673656566548306,True,0.0011486262062825325,True,-0.0008249924819233589,True,0.006915882169804322,0.006765587471548762,0.016762215162728022,0.002418739450372298,0.008064508376086854,0.006915882169804322,-0.001368925393566034,0.0034270047978066653,-0.0013642564802182067,0.003410641200545683,-0.09423434593924362,0.5739156084678521,33.812375309293856
2021-05-21,0.0006666819254557144,True,-0.032480320016587405,True,0.024830923338672317,True,0.038871193924995495,True,0.01934343949452777,True,-0.0055973288851880465,True,-0.018676757569072056,-0.02688299113139936,0.005487483844144547,0.019527754430467725,0.024830923338672317,0.005487483844144547,0.000683060109289535,-0.018430034129692796,-0.021102791014295352,-0.023825731790333537,-0.11272727272727268,0.68843045288627,47.92509540907714
2021-05-24,0.004663537225637615,True,0.03763988398052098,True,-0.005054680089139452,True,0.02595366944146016,True,-0.005535006546781962,True,0.016188342180252002,True,0.010198543772419577,0.02145154180026898,0.00048032645764251036,0.03148867598824212,0.004663537225637615,0.010198543772419577,0.0,0.018776077885952702,0.022330774598743997,0.018143754361479303,-0.1145320197044335,0.729971789388569,10.205809187978474
2021-05-25,0.0019893722230084343,True,0.027450984648479837,True,0.021958920399136383,True,0.04137283994050889,True,0.016819062445760258,True,0.0022224473290466396,True,-0.014829690222751823,0.025228537319433197,0.005139857953376126,0.02455377749474863,0.021958920399136383,0.005139857953376126,0.0034129692832762792,0.013605442176870763,0.014986376021798309,0.019073569482289,-0.0883634100808961,0.9728176538727809,65.9177919330703
2021-05-26,-0.005294502020104397,True,0.024809088594693218,True,0.006573623732939016,True,0.0022898391563845877,True,0.001383483611164138,True,0.015753171365983976,True,-0.006677985631268535,0.009055917228709243,0.005190140121774878,0.0009063555452204497,0.0022898391563845877,0.0009063555452204497,0.0,0.0026845637583892135,-0.0066489361702127825,0.010638297872340496,-0.08138101109741058,1.3559565634100905,84.14017173681046
2021-05-27,0.008649375698639439,True,-0.011173113197579632,True,0.0010204188396649716,True,0.003339155186266707,True,0.003483697267871566,True,0.0028934976096810505,True,0.005165678430767873,-0.014066610807260682,-0.0024632784282065945,-0.00014454208160485926,0.003339155186266707,-0.00014454208160485926,-0.0026773761713519972,0.03691275167785224,0.01711652402896635,0.0072416063199474134,-0.03550677856681739,1.2744181609499183,86.4572204218029
2021-05-28,-0.000659645711245993,True,-0.0112994367109579,True,0.004811413347300286,True,-0.013503333718673183,True,-0.003741167251728017,True,-0.0025282902714277578,True,0.003081521540482024,-0.008771146439530142,0.008552580599028303,-0.009762166466945166,-0.000659645711245993,0.003081521540482024,-0.003883495145631022,-0.006497725795971521,-0.001958224543081033,-0.0013054830287205776,0.007170795306388422,2.0222482655880762,97.13406642951163
2021-05-31,0.0,True,0.011428573149962373,True,0.011199932200910645,True,0.048844212275646726,True,0.0031541354098847396,True,0.016218307148309297,True,-0.0031541354098847396,-0.004789733998346923,0.008045796791025905,0.045690076865761986,0.011199932200910645,0.008045796791025905,0.0032701111837802888,0.0,0.003926701570680757,0.003926701570680757,0.03661016949152551,1.1185945221421223,64.9869944240047
2021-06-01,0.0,False,0.039548028488352704,True,0.0,False,0.0,False,0.0,False,0.011710743839923765,True,0.0,0.02783728464842894,0.0,0.0,0.0,0.0,-0.0032594524119948787,0.0026160889470243642,-0.003898635477582846,-0.01299545159194293,0.025401069518716568,0.8742211688598962,70.98804016922713
2021-06-02,0.0019802433927993413,True,0.03442015153158229,True,-0.0014847278642637907,True,0.0012311218640754795,True,-0.0033238149229937175,True,0.005504382863281476,True,0.005304058315793059,0.028915768668300812,0.0018390870587299268,0.004554936787069197,0.0012311218640754795,0.004554936787069197,-0.003261578604044413,-0.024214659685863782,-0.011273209549071628,0.0,0.035111411208642807,0.8815912093740326,66.43349869926715
2021-06-03,-0.001976329778812902,True,0.005254011154343763,True,0.005867662861663847,True,0.031587317373448665,True,0.0019527991320302807,True,0.00015488545247777097,True,-0.003929128910843183,0.005099125701865992,0.0039148637296335664,0.029634518241418384,0.005867662861663847,0.0039148637296335664,0.005365526492287165,0.002001334222815121,-0.019582245430809442,-0.009138381201044377,0.029696132596685132,1.2107401431686922,10.397488429863316
2021-06-04,-0.0013200993130648708,True,0.0034844590412812515,True,-0.017100859152381687,True,0.011413548311338673,True,-0.010405277733176344,True,0.004725948682937853,True,0.009085178420111473,-0.0012414896416566013,-0.006695581419205343,0.021818826044515016,-0.0013200993130648708,0.009085178420111473,0.007323568575233086,0.008592200925313875,0.003947368421052699,0.021710526315789513,0.05255781359495448,1.2758158899201233,37.854933729708996
2021-06-07,0.005287503179177033,True,-0.03472222460564944,True,0.02227644776389437,True,0.03585821692829838,True,0.01696978367166735,True,-0.005725912267155464,True,-0.011682280492490316,-0.02899631233849398,0.00530666409222702,0.018888433256631032,0.02227644776389437,0.00530666409222702,0.01245085190039319,0.014886731391585695,0.002557544757033181,0.0006393861892584063,0.06862745098039236,1.0714605993091366,73.41018709083085
2021-06-08,-0.0019723690266897353,True,0.02697820584907884,True,-0.005089943407968867,True,0.0023179413017890838,True,0.002979635370760292,True,-0.003703183129194265,True,-0.004952004397450027,0.030681388978273105,-0.008069578778729158,-0.0006616940689712081,-0.0019723690266897353,-0.004952004397450027,0.0,-0.014030612244897878,-0.005787781350482302,-0.0038585209003215715,0.09268292682926815,1.827404762535524,91.14400886826614
2021-06-09,-0.000658776592937671,True,0.015761964219240143,True,-0.008233356177053675,True,-0.00919441256094733,True,0.00047515683452492574,True,-0.00045067075860172334,True,-0.0011339334274625967,0.016212634977841867,-0.0087085130115786,-0.009669569395472255,-0.008233356177053675,-0.0087085130115786,-0.0038809831824062613,-0.013636363636363669,-0.016828478964401317,-0.014239482200647191,0.07212205270457694,1.1677538758081163,53.65516847835843
2021-06-10,-0.0019775697310688845,True,-0.017241381661010635,True,-0.003103134493498194,True,-0.00542900574024785,True,0.0002376059576114642,True,-0.006441138187948781,True,-0.0022151756886803486,-0.010800243473061855,-0.0033407404511096583,-0.005666611697859314,-0.003103134493498194,-0.0033407404511096583,0.0006583278472678256,0.012500000000000178,0.01183431952662728,0.0006574621959236637,0.05486111111111125,0.9126648574288534,26.699562347920747
2021-06-11,-0.0033025224307154932,True,0.0789474487387245,True,0.013057357660548163,True,0.0038453662927748766,True,0.010420368144675507,True,0.01137554458220924,True,-0.013722890575391,0.06757190415651526,0.0026369895158726564,-0.00657500185190063,0.0038453662927748766,-0.00657500185190063,-0.005847953216374213,-0.011111111111111072,-0.005259697567389865,-0.005259697567389865,0.06505190311418674,0.9713787508410924,57.97657276474717
2021-06-15,-0.00795227861800274,True,-0.04552858679106653,True,0.017079023477020838,True,0.03407469344519831,True,0.012222868949562704,True,0.003164411080458507,True,-0.020175147567565443,-0.048692997871525034,0.004856154527458134,0.021851824495635608,0.017079023477020838,0.004856154527458134,-0.0013218770654329637,-0.03772336201191262,-0.03066666666666673,-0.026000000000000023,0.03417634996582364,1.0130423481477964,27.484736044074552
2021-06-16,-0.0006680179494626959,True,0.015332133356764421,True,-0.008631504386338418,True,-0.012778170994078186,True,-0.0065311113747689165,True,0.009165442951023506,True,0.005863093425306221,0.0061666904057409155,-0.0021003930115695013,-0.00624705961930927,-0.008631504386338418,-0.0021003930115695013,0.0,-0.0013755158184318717,-0.00819672131147553,-0.007513661202185884,-0.018893387314439902,1.3045222119334643,8.11494037765047
2021-06-17,0.002005329738950179,True,-0.011744903220293867,True,-0.00842963275353692,True,0.0012224568852090556,True,-0.003651931289807342,True,-0.003651409361261959,True,0.005657261028757521,-0.008093493859031908,-0.004777701463729578,0.0048743881750163975,0.0012224568852090556,0.0048743881750163975,-0.0027548209366390353,0.035220994475138045,0.030240549828178587,0.02268041237113394,-0.011572498298162093,0.7156469263741709,7.744893374285027
2021-06-18,-0.005336886252673145,True,0.006791172844706539,True,0.01129520336268186,True,0.04755682341428491,True,0.012697239160048168,True,0.004781064960553527,True,-0.018034125412721314,0.0020101078841530118,-0.0014020357973663078,0.03485958425423674,0.01129520336268186,-0.0014020357973663078,-0.004002668445630464,-0.006028131279303461,0.008152173913043459,-0.0013586956521740579,0.02600958247775509,1.143169017717885,70.64961379749747
2021-06-21,-0.02280349805951898,True,-0.018549684084433582,True,-0.025455878190837056,True,-0.0009911516276104315,True,-0.007847226303457244,True,-0.004144208575209807,True,-0.014956271756061734,-0.014405475509223775,-0.01760865188737981,0.006856074675846813,-0.02280349805951898,-0.014956271756061734,-0.008760107816711549,-0.005438477226376581,-0.005438477226376581,-0.010876954452753274,0.013661202185792254,0.8756167489189005,49.225380120395975
2021-06-22,-0.010295101007006813,True,0.0687285316749211,True,0.002632275992396016,True,-0.011347717354508235,True,0.0062150352528720365,True,-0.014756359807702513,True,-0.01651013625987885,0.08348489148262361,-0.0035827592604760206,-0.017562752607380272,-0.010295101007006813,-0.01651013625987885,-0.002050580997949525,0.006164383561643838,0.008236101578586119,0.0027453671928618917,0.017385257301808066,0.8662007430664603,26.621413789610713
2021-06-23,-0.0020804252990614946,True,-0.01607717246193685,True,0.006543372551729876,True,0.024935942374444187,True,0.009321737044672318,True,0.0007367008667109598,True,-0.011402162343733813,-0.01681387332864781,-0.0027783644929424423,0.015614205329771869,0.006543372551729876,-0.0027783644929424423,-0.006126616746085722,0.05753424657534256,0.04962610469068651,0.08021753908905493,0.0027303754266212454,0.8099447129397509,41.87356806160458
2021-06-24,-0.0020848287650965247,True,0.09967308628333305,True,0.005056240188353378,True,0.009027147792609824,True,0.0004889704071016077,True,0.015294391354964132,True,-0.0025737991721981324,0.08437869492836891,0.00456726978125177,0.008538177385508217,0.005056240188353378,0.00456726978125177,0.0,0.0272020725388602,-0.01673899566026038,-0.011779293242405453,0.03624161073825505,2.379291743721126,90.61930922853357
2021-06-25,0.001392789571159403,True,-0.01040107365315135,True,0.016329939216072287,True,0.007779677161897869,True,0.006182783020896032,True,0.0041097760847983444,True,-0.004789993449736629,-0.014510849737949694,0.010147156195176255,0.0015968941410018367,0.007779677161897869,0.0015968941410018367,-0.004413619167717542,-0.0037998733375553817,-0.003168567807350975,-0.0019011406844106071,0.061579651941097824,2.704815801736936,95.16272139916303
2021-06-28,0.0,True,0.013513396384688958,True,-0.00392854214870153,True,-0.009086238151345571,True,-0.0012289402288815365,True,0.005458956233655776,True,0.0012289402288815365,0.008054440151033182,-0.002699601919819994,-0.007857297922464035,-0.00392854214870153,-0.002699601919819994,-0.0031786395422759295,0.008290816326530726,0.004447268106734459,-0.015247776365946653,0.018122977346278324,1.5470611294514973,73.21181148440087
2021-06-29,0.004867850783528249,True,0.014814818285932896,True,0.024255625762866995,True,0.0501289943754748,True,0.012161661625955444,True,0.005026596459912991,True,-0.007293810842427195,0.009788221826019905,0.01209396413691155,0.037967332749519356,0.024255625762866995,0.01209396413691155,-0.0012650221378874837,-0.03229892336922102,-0.011003236245954673,0.0,0.03400915631131474,1.0649417414004105,79.13526705117968
2021-06-30,-0.006920375717326399,True,0.0014598543516497475,True,0.008702204336393127,True,0.002088856606278666,True,0.0036187921957329117,True,0.0004103667797432653,True,-0.01053916791305931,0.0010494875719064822,0.005083412140660215,-0.0015299355894542455,0.002088856606278666,-0.0015299355894542455,0.00654450261780104,0.0058517555266579535,0.003242542153047978,-0.012970168612191912,-0.003911342894393766,1.0893190734947908,20.136890019795032
2021-07-01,-0.0034843337564944843,True,-0.024781001005861114,True,0.0010689583815228776,True,-0.001210593868384624,True,-0.0015775960259938326,True,0.008936799140270235,True,-0.0019067377305006517,-0.03371780014613135,0.0026465544075167102,0.0003670021576092086,-0.001210593868384624,0.0003670021576092086,0.0019392372333548735,-0.030967741935483906,-0.020860495436766602,-0.0215123859191656,0.009132420091324311,0.8040600114680571,47.95621524464977
2021-07-02,0.004895083488850149,True,0.0,True,-0.014757534613046519,True,0.01047355737131106,True,0.0003951332093610205,True,-0.002338519091177549,True,0.004499950279489129,0.002338519091177549,-0.01515266782240754,0.01007842416195004,0.004895083488850149,0.004499950279489129,-0.0006657789613847553,-0.020652898067954784,-0.01672240802675584,-0.010702341137123761,0.007377598926894491,0.8078448011536611,18.096546510415948
2021-07-05,-0.002783574263854005,True,0.005978717934321587,True,0.005534705304789611,True,0.013605720126447451,True,0.011478928826255563,True,-0.00021390287067579727,True,-0.014262503090109568,0.006192620804997384,-0.005944223521465952,0.002126791300191888,0.005534705304789611,-0.005944223521465952,-0.0013605442176870541,0.01021798365122617,0.012978142076502719,0.002732240437158362,-0.02130492676431417,0.7219324362514535,9.597547123777431
2021-07-06,0.0,False,0.025260035653706936,True,0.0,False,0.0,False,0.0,False,0.011811288040260326,True,0.0,0.01344874761344661,0.0,0.0,0.0,0.0,-0.003371544167228624,0.017591339648173276,0.02662116040955631,0.004778156996587013,-0.02817824377457412,0.6579045438069807,34.56630381580982
2021-07-07,-0.008374032533005615,True,0.021739250021029832,True,-0.0003078089216644875,True,0.010323604373659423,True,0.004321597340037009,True,-0.0003493303375577961,True,-0.012695629873042624,0.02208858035858763,-0.004629406261701496,0.006002007033622414,-0.0003078089216644875,-0.004629406261701496,-0.007978723404255317,-0.0013404825737265424,0.008801624915369066,0.008801624915369066,-0.04081632653061218,1.0296363945844318,65.42151798185765
2021-07-08,-0.008444749137011986,True,0.014184286589013162,True,-0.01386117654695418,True,-0.015786189837889042,True,0.0021099450660948538,True,-0.003482421398830149,True,-0.01055469420310684,0.01766670798784331,-0.015971121613049033,-0.017896134903983896,-0.01386117654695418,-0.015971121613049033,0.004697986577181235,0.036740146960587694,0.0332889480692411,0.035286284953395475,-0.036222509702457995,0.8436993641288044,40.16713705996478
2021-07-09,-0.00212915064913477,True,0.08951061990593123,True,-0.013392125795499754,True,-0.02302202324126812,True,-0.006039617076382009,True,0.0008627336588562518,True,0.003910466427247239,0.08864788624707498,-0.007352508719117745,-0.01698240616488611,-0.013392125795499754,-0.007352508719117745,-0.0012886597938144284,0.014193548387096744,0.0187945560596241,0.012961762799740928,0.02172481895984202,1.7165709975230532,86.46034695446502
2021-07-12,0.002133693604257303,True,-0.010269678932576243,True,0.017056321790722473,True,0.0074111541909205325,True,0.006243547303513175,True,-0.011452386996227748,True,-0.004109853699255872,0.0011827080636515053,0.010812774487209298,0.0011676068874073575,0.0074111541909205325,0.0011676068874073575,0.008905852417302684,-0.022698612862547263,-0.004495825305073864,-0.0006422607578676631,0.021442495126705596,1.6491491794784787,90.96854880145416
2021-07-13,0.0028388900936726635,True,0.03761349669089342,True,0.013113006207401412,True,0.023054402254093498,True,0.003905819814523648,True,0.008654405254726605,True,-0.0010669297208509843,0.028959091436166817,0.009207186392877764,0.01914858243956985,0.013113006207401412,0.009207186392877764,0.005161290322580614,0.0019255455712452463,0.005798969072164928,0.012886597938144506,0.024454725710508995,1.3751171733974137,52.506543294039666
2021-07-14,-0.002830853611398565,True,-0.00624990239006451,True,-0.002150730525388167,True,-0.012796804455916577,True,0.0,True,0.001863076129130059,True,-0.002830853611398565,-0.00811297851919457,-0.002150730525388167,-0.012796804455916577,-0.002830853611398565,-0.002830853611398565,0.002562459961563235,-0.028115015974440882,-0.026871401151631447,-0.039667306461932283,0.07359009628610735,1.1213426763475027,66.61985373410508
2021-07-15,-0.0028388900936726635,True,0.007547071094851976,True,-0.0021939845261320645,True,-0.02017304018806232,True,0.001793400878860263,True,-9.914718103554154e-05,True,-0.004632290972532926,0.0076462182758875175,-0.003987385404992327,-0.021966441066922582,-0.0028388900936726635,-0.004632290972532926,-0.008547008547008628,-0.01392572944297088,0.003373819163292824,0.011808367071524994,0.04752066115702491,1.3708654080940084,21.074313667664995
2021-07-16,-0.0035587323883337074,True,-0.027465574615941457,True,-0.02742632556236113,True,-0.044111976429267785,True,-0.007023514628832439,True,0.01055934623789967,True,0.0034647822404987316,-0.038024920853841127,-0.020402810933528692,-0.037088461800435346,-0.02742632556236113,-0.020402810933528692,0.011520109066121442,-0.01630837657524098,-0.003005259203606392,-0.026296018031555235,-0.008005336891260928,1.293612258396793,9.746576079394288
2021-07-19,-0.010714258466448134,True,-0.006418485889025272,True,-0.020941569427919582,True,-0.04245695224675117,True,-0.00809947821349244,True,-0.0077042249936508655,True,-0.002614780252955695,0.001285739104625594,-0.012842091214427143,-0.03435747403325873,-0.020941569427919582,-0.012842091214427143,-0.008289374529012794,-0.020516717325227973,0.00781860828772496,0.0,-0.003236528061026367,0.938865507062213,7.817780066961419
2021-07-20,-0.008664320283626181,True,-0.024547908291405296,True,-0.00020259249589749118,True,0.03407008252332289,True,-0.008193519883502032,True,-0.005923359550718765,True,-0.0004708004001241495,-0.01862454874068653,0.00799092738760454,0.04226360240682492,-0.00020259249589749118,0.00799092738760454,-0.010085337470907785,-0.008620689655172376,-0.007064364207221341,0.003924646781789498,-0.017881971242038053,1.1282243488065977,2.48299580836013
2021-07-21,-0.002184976982621545,True,-0.007947021532243026,True,0.012236644888020676,True,-0.008932679025222767,True,0.01161672502380151,True,-0.014644224215467183,True,-0.013801702006423056,0.006697202683224157,0.000619919864219165,-0.020549404049024278,-0.002184976982621545,-0.013801702006423056,0.0039525691699604515,0.0023622047244096223,-0.01164596273291929,-0.014751552795031153,-0.04010479560135405,1.1238213287136887,1.3335331468905451
2021-07-22,0.007299298019120881,True,-0.012015918323048158,True,0.02874056334034769,True,0.042875816347509144,True,0.007720123628663478,True,-0.003990655970691037,True,-0.0004208256095425966,-0.008025262352357121,0.021020439711684213,0.035155692718845666,0.02874056334034769,0.021020439711684213,0.0007855459544383603,0.010204081632652962,0.003117692907248504,-0.0077942322681215925,-0.08095622051033668,1.02078805079189,24.60280576318837
2021-07-23,-0.005797095840604838,True,0.021621410212118164,True,-0.006031045390379797,True,0.009479549738169224,True,0.0066103964148347405,True,0.00650337289823133,True,-0.012407492255439578,0.015118037313886834,-0.012641441805214537,0.0028691533233344835,-0.005797095840604838,-0.012407492255439578,-0.005439005439005329,-0.034375000000000044,-0.026004728132387744,-0.046493301812450705,-0.09545441929048482,1.0121041657460446,58.69624489303028
2021-07-26,0.0014576897740605776,True,-0.025132178420235296,True,0.007281302960023606,True,-0.0018372694428784309,True,0.011677726676137423,True,3.356662135178823e-05,True,-0.010220036902076846,-0.025165745041587084,-0.0043964237161138175,-0.013514996119015854,0.0014576897740605776,-0.010220036902076846,-0.0024271844660194164,-0.032441200324412,-0.009136212624584639,0.029069767441860517,-0.12411953478620152,1.2695342169801762,13.667813750522285
2021-07-27,0.0007278187080363985,True,0.02849400757502596,True,-0.001127086333615246,True,-0.013498141567318211,True,0.0007872997916891222,True,-0.009637520443553593,True,-5.9481083652723754e-05,0.03813152801857955,-0.0019143861253043681,-0.014285441359007334,-0.001127086333615246,-0.0019143861253043681,0.005867560771165126,0.09333333333333327,0.06493506493506485,0.004870129870129913,-0.15886894824304332,1.184946024539286,5.95907270442126
2021-07-28,-0.0014545787464488313,True,-0.03693910919292309,True,-0.01766390409329477,True,-0.0044574306632380045,True,-0.011018139096275137,True,-0.007681842223602131,True,0.009563560349826306,-0.02925726696932096,-0.006645764997019632,0.006560708433037132,-0.0044574306632380045,0.006560708433037132,-0.009146341463414531,-0.009230769230769154,0.007824726134585402,0.04694835680751175,-0.042881803435613874,2.932238897935649,77.1840159138434
2021-07-29,0.005826721052267558,True,-0.010959336217707505,True,0.01786268312665129,True,0.015358128219457035,True,0.003841612082951862,True,-0.007796725985795616,True,0.0019851089693156965,-0.0031626102319118887,0.014021071043699429,0.011516516136505173,0.015358128219457035,0.011516516136505173,0.009316770186335255,0.012307692307692353,-0.017176997759522084,-0.01643017176997763,-0.07193019810013268,1.9475158351287045,59.122242707914324
2021-07-30,0.002896448996207779,True,0.004155454591355134,True,0.018755475387894238,True,0.008152730550206932,True,0.0017770288305116733,True,0.015616364001731275,True,0.0011194201656961056,-0.011460909410376141,0.016978446557382565,0.006375701719695259,0.008152730550206932,0.006375701719695259,-0.010638297872340496,0.014592933947772835,-0.006766917293233088,0.007518796992481258,-0.02334528995632701,2.128513853961902,73.55938745714222
2021-08-02,0.010108258901981415,True,-0.013793321590035323,True,0.005080251759437049,True,-0.008290376801289745,True,-0.0052118576590292065,True,-0.008929614570383548,True,0.015320116561010622,-0.004863707019651775,0.010292109418466255,-0.0030785191422605385,0.005080251759437049,0.010292109418466255,-0.00832702498107507,0.051908396946564794,0.012490815576781777,0.013960323291697385,0.0017066919419148618,1.3528410443660384,76.52092475379644
2021-08-03,0.0007148126551423939,True,0.015384618787580573,True,0.007068453892849158,True,0.01287254590592557,True,8.237189615956098e-05,True,0.014835220958218986,True,0.0006324407589828329,0.0005493978293615864,0.006986081996689597,0.012790174009766009,0.007068453892849158,0.006986081996689597,0.005079825834542806,-0.02382671480144405,-0.02523431867339576,-0.005767844268204758,0.03576959648106737,1.6542308290272407,93.39317867943569
2021-08-04,0.0035714421953474407,True,0.002754821536752994,True,0.009056508463415325,True,0.0032911111669498005,True,0.006061174312376405,True,0.002884057775334181,True,-0.0024897321170289644,-0.00012923623858118738,0.0029953341510389198,-0.0027700631454266045,0.0035714421953474407,-0.0024897321170289644,0.0,0.011094674556213047,-0.009420289855072483,-0.010144927536231974,0.00203743730221273,1.2733485120507713,56.411416149951606
2021-08-05,-0.0021352122821304276,True,0.0013736266720369983,True,0.010920028709802132,True,0.023164404300236807,True,0.0014449773264366694,True,0.003995204463965285,True,-0.003580189608567097,-0.0026215777919282868,0.009475051383365463,0.021719426973800138,0.010920028709802132,0.009475051383365463,-0.001463057790782707,-0.01172161172161168,-0.006627393225331346,0.004418262150220897,0.02267429108025687,0.8118088208292866,70.08126218687235
2021-08-06,0.0007132150414432825,True,0.002801300627881753,True,-0.0011097841587328627,True,0.017904654181822854,True,0.006343053618902195,True,-0.0011785981209809782,True,-0.005629838577458912,0.003979898748862731,-0.007452837777635057,0.01156160056292066,0.0007132150414432825,-0.005629838577458912,0.004447739065974732,-0.0022140221402214832,-0.003684598378776771,-0.010316875460574804,-0.031108100450311205,0.8048793550718466,39.985528073528386
2021-08-09,0.0,True,0.0055864096806439445,True,-0.005369993870651846,True,-0.013131750919930019,True,-0.004382458347443774,True,-0.0043651266083103435,True,0.004382458347443774,0.009951536288954288,-0.0009875355232080718,-0.008749292572486245,-0.005369993870651846,-0.0009875355232080718,-0.008875739644970349,0.017910447761193993,0.02865761689291113,0.02111613876319751,-0.04130769357345543,0.628150772918164,47.50064495895346
2021-08-10,0.0014255494044430606,True,-0.03055536970109507,True,-0.0030158716216809323,True,-0.003486045187906628,True,0.0018479887097100356,True,-0.002346699236804528,True,-0.00042243930526697504,-0.02820867046429054,-0.004863860331390968,-0.0053340338976166635,-0.0030158716216809323,-0.004863860331390968,-0.01026392961876832,-0.00592592592592589,-0.0022304832713754275,-0.011895910780669205,-0.019070570252792574,0.7647233466388949,73.77358475998781
2021-08-11,0.0007117600531016954,True,-0.031518537845912964,True,-0.012810180295646512,True,-0.017689277001088688,True,-0.0051260148519119975,True,-0.009236967484797631,True,0.005837774905013693,-0.022281570361115333,-0.007684165443734514,-0.01256326214917669,-0.012810180295646512,-0.007684165443734514,-0.008196721311475419,-0.0037565740045079066,0.0022675736961450532,0.015117157974300799,-0.04169290175240781,0.5997217288661811,26.02281382173814
2021-08-12,0.0014224397932058874,True,-0.013313831997581183,True,-0.002648078258747355,True,-0.011887990370352042,True,-0.0017174754218240995,True,-0.005568167776512034,True,0.003139915215029987,-0.007745664221069148,-0.0009306028369232555,-0.010170514948527942,-0.002648078258747355,-0.0009306028369232555,0.003016591251885359,-0.006015037593984918,-0.022912047302291128,-0.05395417590539531,-0.028216765401950505,0.6631014800742812,13.4036604953493
2021-08-13,0.0,True,0.0,True,-0.01092443005288446,True,0.010457311631485444,True,0.003604350732929973,True,-0.00042027972693947646,True,-0.003604350732929973,0.00042027972693947646,-0.014528780785814432,0.006852960898555471,0.0,-0.003604350732929973,-0.0022692889561272134,-0.04245640636846082,-0.0109631949882536,-0.013312451057165275,-0.008995608817472411,0.7086155752461131,10.787973186294622
2021-08-16,0.0,True,-0.05547222948591768,True,0.006519747386024566,True,0.014217554174842828,True,0.003510382719591698,True,-0.01381131906836286,True,-0.003510382719591698,-0.04166091041755482,0.0030093646664328677,0.01070717145525113,0.006519747386024566,0.0030093646664328677,-0.005542359461599422,0.003980891719745028,0.004780876494023811,0.0063745019920318224,-0.04822908816880189,1.178335922088388,1.5965995376308229
2021-08-17,-0.0014204193322248093,True,-0.019047736128966597,True,-0.004305600438433754,True,-0.011789330576576496,True,0.0004335715473280377,True,-0.007262928357508636,True,-0.001853990879552847,-0.011784807771457961,-0.004739171985761792,-0.012222902123904533,-0.004305600438433754,-0.004739171985761792,-0.006344171292624878,-0.020750199521149204,-0.01918465227817745,-0.025579536370903266,-0.02172226532195498,0.4181460937749232,1.5094116339329133
2021-08-18,0.007112334623823324,True,-0.0550160873392731,True,-0.01894233389981359,True,-0.02466144549488325,True,-0.008807840080752638,True,-0.011709642028386091,True,0.015920174704575962,-0.04330644531088701,-0.010134493819060952,-0.01585360541413061,-0.01894233389981359,-0.010134493819060952,-0.0024449877750610804,0.004901960784313708,0.012345679012345734,0.01975308641975304,-0.030039525691699764,0.5414010897876236,0.5283780132020723
2021-08-19,0.0,True,0.09931515047148265,True,-0.012911022252948046,True,-0.02148198318317518,True,-0.009624500569050731,True,0.009897761193329968,True,0.009624500569050731,0.08941738927815268,-0.0032865216838973144,-0.011857482614124448,-0.012911022252948046,-0.0032865216838973144,-0.003252032520325243,0.007340946166394691,-0.005636070853462183,-0.01610305958132041,-0.03377847604084849,0.41487968392538715,10.763458489180124
2021-08-20,-0.002118625232660154,True,-0.03271032885434255,True,0.008772630318124364,True,0.03981063744418911,True,0.0048313796950998356,True,-0.026795549648580108,True,-0.00695000492775999,-0.005914779205762444,0.003941250623024528,0.034979257749089276,0.008772630318124364,0.003941250623024528,-0.0080971659919028,-0.0008163265306122547,-0.0024449877750610804,0.007334963325183352,-0.04040404040404044,0.4014056203276928,33.55341407893698
2021-08-23,-0.006369437498865316,True,0.09983883434421736,True,0.004309051398191599,True,0.05141915150933296,True,0.010358110415244592,True,-0.002043306431557923,True,-0.016727547914109908,0.10188214077577529,-0.006049059017052993,0.04106104109408837,0.004309051398191599,-0.006049059017052993,-0.0016339869281045694,0.017184942716857554,0.0032284100080710587,-0.0008071025020177647,-0.009708737864077666,0.34266868915561094,15.799448900358243
2021-08-24,0.0007122670163111078,True,0.001464279761006937,True,0.02874634979790236,True,0.05486182966716724,True,0.014956590935102154,True,0.024470742368881915,True,-0.014244323918791046,-0.023006462607874978,0.013789758862800205,0.039905238732065085,0.02874634979790236,0.013789758862800205,-0.002413515687851975,0.003225806451612856,0.007287449392712642,-0.0024291497975708065,0.041911148365465056,0.36352863720047224,70.22493324339214
2021-08-25,0.0007117600531016954,True,0.05116953551815118,True,0.0006823618640570128,True,-0.007514261363343877,True,0.0030544678001438452,True,0.0045927225273694194,True,-0.00234270774704215,0.04657681299078176,-0.0023721059360868324,-0.010568729163487722,0.0006823618640570128,-0.0023721059360868324,0.0,-0.008842443729903504,-0.0024271844660194164,-0.014563106796116498,-0.05182926829268286,0.42435788778985767,72.12176592426977
2021-08-26,0.0028449474153087184,True,0.023643907232742567,True,0.010874117032136477,True,0.019272185640254014,True,0.001148580007005906,True,0.013504521442448736,True,0.0016963674083028124,0.010139385790293831,0.00972553702513057,0.018123605633248108,0.010874117032136477,0.00972553702513057,0.0008110300081103361,-0.024311183144246407,-0.012305168170631653,-0.040196882690730074,-0.04270186335403736,0.38648493897763636,30.0317293991054
2021-08-27,-0.004255348793859026,True,-0.03532604320598498,True,0.00153680202297668,True,-0.006527533722600509,True,-0.006350172332904913,True,0.0012379289325212817,True,0.002094823539045887,-0.03656397213850626,0.007886974355881593,-0.00017736138969559612,-0.004255348793859026,0.002094823539045887,-0.013289036544850363,-0.04208754208754206,-0.0206540447504302,-0.037005163511187544,-0.08510638297872353,0.6766189003644699,7.365868485391047
2021-08-30,0.005698000279445559,True,-0.05633804814205645,True,0.018075739566405513,True,0.02573841604137117,True,0.009720313512039613,True,0.008376930756656575,True,-0.004022313232594055,-0.06471497889871303,0.0083554260543659,0.016018102529331557,0.018075739566405513,0.0083554260543659,-0.004393673110720586,-0.015887025595763382,-0.011524822695035408,-0.01773049645390068,-0.13853141559424675,1.7553901945890285,1.6607280724885527
2021-08-31,-0.002832858511134684,True,0.047761258211505675,True,0.0031611198788319417,True,0.002297426156426585,True,0.011222168294352741,True,0.01084198756985777,True,-0.014055026805487425,0.036919270641647906,-0.0080610484155208,-0.008924742137926156,0.002297426156426585,-0.008924742137926156,0.0017937219730941312,0.001790510295434089,0.011754068716093968,0.010849909584086825,-0.19085631349782295,0.898406896267991,1.0785145555724256
2021-09-01,-0.005681812794001595,True,0.047008421123008404,True,-0.007585094020151728,True,-0.013181461786859638,True,-0.0008153106549654288,True,0.005390131691661582,True,-0.004866502139036166,0.04161828943134682,-0.006769783365186299,-0.01236615113189421,-0.007585094020151728,-0.006769783365186299,-0.0017873100983020196,0.036705461056401045,0.033006244424620856,0.02408563782337203,-0.1723372781065089,0.8182085170217989,11.829961992892038
2021-09-02,-0.0035714421953473297,True,0.005442316221459631,True,-0.0015507487853164692,True,0.0025019861413844158,True,0.0016582148660391205,True,-0.0009318787166271436,True,-0.00522965706138645,0.006374194938086775,-0.0032089636513555897,0.0008437712753452953,-0.0015507487853164692,-0.0032089636513555897,-0.006908462867012077,-0.0017391304347825765,0.0017452006980802626,0.005235602094240788,-0.15288953913679593,1.1481652862542129,71.73484788170438
2021-09-03,-0.0035842431124375462,True,-0.028416769504465922,True,0.0024407589057342527,True,-0.0020053863973490405,True,-0.0004731922253879972,True,-0.008826287910279174,True,-0.003111050887049549,-0.01959048159418675,0.00291395113112225,-0.0015321941719610432,-0.0020053863973490405,-0.0015321941719610432,-0.007839721254355392,0.014925373134328401,0.0017331022530331364,0.010398613518197708,-0.14899925871015574,0.6396334552570253,53.199075395550736
2021-09-06,-0.002158254229820189,True,0.013927391813672862,True,0.008189888736886974,True,0.01995909314440203,True,0.003076005690924921,True,0.011383538739452304,True,-0.00523425992074511,0.002543853074220559,0.005113883045962053,0.016883087453477108,0.008189888736886974,0.005113883045962053,-0.0008650519031141446,0.04242424242424225,0.037931034482758585,0.0620689655172415,-0.1449704142011834,0.7150066514862604,66.8883695903341
2021-09-07,0.0,False,-0.024725163954787854,True,0.0,False,0.0,False,0.0,False,-0.0012341861880639238,True,0.0,-0.02349097776672393,0.0,0.0,0.0,0.0,-0.0016611295681062677,0.014143094841930104,-0.007328990228013033,-0.007328990228013033,-0.11730205278592376,1.391541650055773,92.6581849878986
2021-09-08,-0.0036049164489844188,True,-0.04929583303062657,True,-0.0020492829178584415,True,-0.007923821549386312,True,0.0014150684620730658,True,-0.0037971133766500076,True,-0.005019984911057485,-0.04549871965397656,-0.0034643513799315073,-0.009338890011459378,-0.0036049164489844188,-0.005019984911057485,0.0,-0.008203445447087732,-0.012254901960784381,-0.008169934640522847,-0.09165424739195238,1.1993693423751768,95.06073741761469
2021-09-09,-0.007959454349224182,True,-0.06074063118554707,True,-0.013199844494698354,True,-0.0142528177890342,True,-0.003480649037946648,True,-0.009087159067643347,True,-0.004478805311277534,-0.05165347211790372,-0.009719195456751706,-0.010772168751087552,-0.013199844494698354,-0.009719195456751706,0.00413564929693977,0.00906095551894559,0.0,0.008163265306122325,-0.08823529411764708,1.1427735715441936,66.18339539061202
2021-09-10,-0.007293973828700451,True,0.08832794333789051,True,0.0041244041170414025,True,-0.007251788892082001,True,-0.0034403120816740573,True,0.001959402616299011,True,-0.0038536617470263934,0.0863685407215915,0.00756471619871546,-0.0038114768104079433,-0.007251788892082001,-0.0038114768104079433,0.002448979591836764,0.006514657980456029,0.005695687550854478,-0.004068348250610199,-0.07337367624810887,0.9380088970559309,82.85239403775839
2021-09-13,-0.0036737133226903973,True,0.03478260088727736,True,0.007548719314341978,True,0.013572390401366707,True,-0.007589406552206968,True,0.009838013584253513,True,0.00391569322951657,0.024944587303023846,0.015138125866548946,0.021161796953573675,0.007548719314341978,0.015138125866548946,-0.004854368932038722,0.0008130081300812275,0.009844134536505456,0.014766201804758072,-0.02137767220902609,1.2133143587243853,89.77952397070086
2021-09-14,0.003687259256143882,True,-0.06442579248876112,True,0.007492394111019873,True,-0.01450295501746146,True,-0.0006904350752385824,True,-0.0016171937346456389,True,0.0043776943313824646,-0.06280859875411549,0.008182829186258456,-0.013812519942222878,0.003687259256143882,0.0043776943313824646,-0.0008123476848090894,-0.019512195121951237,-0.019512195121951237,-0.013821138211382089,-0.023790642347343294,0.886136364780187,65.66449605342626
2021-09-15,-0.0058780254022127165,True,0.004491133038337924,True,0.000656184003946958,True,0.004062925356416169,True,-0.002843195322943304,True,-0.0006540154274649046,True,-0.0030348300792694127,0.005145148465802829,0.0034993793268902618,0.006906120679359473,0.000656184003946958,0.0034993793268902618,-0.0016583747927032544,0.00913621262458486,0.003303055326176807,0.01073492981007429,-0.017114914425427785,0.8722999755087343,17.814434183484977
2021-09-16,-0.0036955056704855993,True,0.011922346157792862,True,0.0034972767257734905,True,0.004450788741538814,True,0.007434893408560628,True,-0.004640140684055827,True,-0.011130399079046227,0.01656248684184869,-0.003937616682787137,-0.002984104667021814,0.0034972767257734905,-0.003937616682787137,0.0,-0.012345679012345734,-0.024390243902439046,-0.02276422764227648,-0.012195121951219523,0.6690350439689231,46.096082326891604
2021-09-17,-0.0037091423411318436,True,0.0029456977585207156,True,0.0014520630782504096,True,-0.004431066998429323,True,0.0006875188230863749,True,-0.004339102296300523,True,-0.0043966611642182185,0.007284800054821239,0.0007645442551640347,-0.005118585821515698,-0.0037091423411318436,-0.0043966611642182185,-0.0016666666666665941,-0.013355592654424098,-0.015000000000000013,-0.025000000000000022,-0.028340080971659853,0.717718254568515,21.469349557619864
2021-09-22,-0.06999259215916409,True,0.08663734435077242,True,-0.039512799635965656,True,-0.04478015089822407,True,-0.031069943610101736,True,-0.00011054977147395562,True,-0.038922648549062355,0.08674789412224637,-0.00844285602586392,-0.013710207288122334,-0.04478015089822407,-0.013710207288122334,-0.0076142131979695105,-0.01449275362318836,-0.0068728522336769515,0.009450171821305808,-0.03431372549019618,0.6865947128197889,9.407325454373279
2021-09-23,-0.009607677162378314,True,0.0,True,0.01804037250491164,True,0.03271183432977076,True,0.009340551948576081,True,-0.020314466347325588,True,-0.018948229110954395,0.020314466347325588,0.008699820556335558,0.02337128238119468,0.01804037250491164,0.008699820556335558,0.00865051903114189,0.030874785591766596,0.02037351443123936,0.018675721561969505,-0.06999195494770716,0.5652511579362669,3.5864059696104817
2021-09-24,0.007275679338765162,True,0.01621610533189277,True,0.012567946704433952,True,0.02465721513293162,True,0.0092269725143439,True,0.009004017992111812,True,-0.0019512931755787388,0.007212087339780959,0.0033409741900900514,0.01543024261858772,0.012567946704433952,0.0033409741900900514,-0.004159733777038155,-0.019214703425229795,-0.027340513670256805,-0.01905550952775481,-0.0337620578778135,1.027320254720735,69.77132365841844
2021-09-27,0.0056179530184519155,True,-0.026595703046147445,True,-0.0027094110577781105,True,-0.017836786176198882,True,0.0009383805748224283,True,0.010655018058567611,True,0.004679572443629487,-0.03725072110471506,-0.003647791632600539,-0.01877516675102131,-0.0027094110577781105,-0.003647791632600539,0.0017035775127767216,-0.009353741496598622,-0.013547840812870415,-0.02201524132091448,-0.04785077047850772,0.5844477606164831,38.0079986684063
2021-09-28,0.015163650287849162,True,-0.0737705741924719,True,-0.0035610866071504876,True,-0.019065796532076518,True,-0.007982022488565721,True,0.0031042578223439143,True,0.023145672776414883,-0.07687483201481582,0.004420935881415233,-0.011083774043510797,-0.0035610866071504876,0.004420935881415233,-0.006008583690987113,0.002590673575129543,0.0008620689655172153,-0.022413793103448265,-0.03239202657807316,0.5714675935326442,29.402933995578394
2021-09-29,0.006289302046118772,True,0.007374591506254413,True,-0.0402696560309026,True,-0.0443676434689394,True,-0.028297922830021527,True,-0.007643054153294249,True,0.0345872248761403,0.015017645659548662,-0.011971733200881074,-0.016069720638917873,-0.0402696560309026,-0.011971733200881074,-0.0051679586563306845,-0.02857142857142858,-0.009708737864077666,-0.003530450132391949,0.020210896309314608,0.37849981877515704,24.477035751472144
2021-09-30,-0.008593797555658256,True,-0.057100900702713675,True,-0.015087117036136521,True,-0.00879279073161765,True,-0.0016392333969187378,True,-0.01897271276451229,True,-0.006954564158739518,-0.038128187938201386,-0.013447883639217784,-0.007153557334698912,-0.00879279073161765,-0.007153557334698912,0.008021390374331583,-0.008841732979663952,-0.00444049733570151,0.015097690941385356,0.00627802690582957,0.8590749445009451,5.73655689423957
2021-10-08,0.0346730140746252,True,0.027950301595311533,True,0.0026894747727193025,True,0.027197262579409687,True,0.01027014788701397,True,-0.008400930892667802,True,0.024402866187611227,0.036351232487979335,-0.007580673114294667,0.016927114692395717,0.027197262579409687,0.016927114692395717,0.015165031222123204,0.00790861159929701,0.002622377622377714,0.00786713286713292,0.0017873100983021306,0.5345704869567528,5.51982993023249
2021-10-11,0.006092911120241906,True,0.015105774466202204,True,-0.009718152308843653,True,-0.011577853009890005,True,-0.004986411485110476,True,-0.004393341229724235,True,0.011079322605352382,0.01949911569592644,-0.004731740823733177,-0.006591441524779529,-0.009718152308843653,-0.004731740823733177,0.0026155187445509043,-0.0017391304347825765,0.0008718395815170421,-0.017436791630340065,-0.00949913644214162,0.8024984756934376,68.13010531753953
2021-10-12,0.01514003093774341,True,0.0,False,-0.005966649286857861,True,-0.00652877854978362,True,-0.007669677488555404,True,0.0,False,0.022809708426298814,0.0,0.0017030282016975429,0.0011408989387717838,-0.005966649286857861,0.0017030282016975429,-0.0034843205574913716,-0.022727272727272707,-0.007104795737122527,-0.006216696269982225,0.0,0.5873812978900753,69.67589223263602
2021-10-13,-0.0037285750412974217,True,-0.010416816734306167,True,-0.010109412856773026,True,-0.0011597252095545407,True,-0.003487830276356685,True,-0.010672190988157193,True,-0.00024074476494073682,0.0002553742538510262,-0.006621582580416341,0.002328105066802144,-0.0037285750412974217,-0.00024074476494073682,-0.003577817531305816,0.0053859964093356805,0.0053859964093356805,0.007181328545780907,-0.03287197231833905,0.8146660299572306,17.81908884500463
2021-10-14,0.0014970402902425572,True,-0.04511259850039484,True,0.008537064389413596,True,0.012965022992056374,True,0.008007897051662383,True,-0.006976293911928111,True,-0.006510856761419825,-0.03813630458846673,0.0005291673377512129,0.004957125940393992,0.008537064389413596,0.0005291673377512129,-0.002678571428571419,0.001790510295434089,-0.001784121320249854,-0.00535236396074934,-0.06976744186046502,0.44439456227143653,25.238041657191758
2021-10-15,0.0074737987249702265,True,0.0015745382786482853,True,0.03002268108022421,True,0.03854043266906526,True,0.018416789834815317,True,0.002403296181165304,True,-0.01094299110984509,-0.0008287579025170189,0.011605891245408895,0.020123642834249944,0.03002268108022421,0.011605891245408895,0.002680965147453085,-0.011586452762923471,-0.012466607301869992,-0.021371326803205748,-0.08203445447087776,0.39958581749027394,23.148308125952084
2021-10-18,0.0014837135343368502,True,0.028302126897310487,True,0.008371530551463335,True,0.005334252827550401,True,0.006300700155935202,True,0.024037556760573286,True,-0.0048169866215983514,0.0042645701367372,0.0020708303955281337,-0.0009664473283848007,0.005334252827550401,-0.0009664473283848007,-0.004508566275924331,-0.029891304347825942,-0.02370100273473108,-0.02096627164995446,-0.0827129859387924,0.9518334981795075,8.715415875143123
2021-10-19,-0.003703717832212128,True,-0.02140668074886143,True,0.007883565434251949,True,0.016467196262648587,True,0.010055618812556233,True,-0.004512702501603516,True,-0.01375933664476836,-0.016893978247257913,-0.002172053378304284,0.006411577450092354,0.007883565434251949,-0.002172053378304284,0.0028011204481792618,-0.012104283054003795,-0.010261194029850818,-0.03358208955223896,-0.12571428571428567,1.7500805997392799,1.518742324143659
2021-10-20,0.005947949802270314,True,0.018749871422053976,True,0.011448985910119669,True,0.0030600095502988367,True,0.007567527522213124,True,0.01168533960872642,True,-0.0016195777199428107,0.007064531813327557,0.0038814583879065445,-0.004507517971914288,0.005947949802270314,-0.0016195777199428107,-0.002827521206408945,-0.03308128544423439,-0.009680542110358181,-0.01839303000968051,-0.14158576051779936,1.4447610644190585,1.058651845532097
2021-10-21,-0.004434550415856275,True,0.00613488843319443,True,-0.004408304113645567,True,-0.008389591110784078,True,-0.0013049034876396748,True,-0.0007603017770537734,True,-0.0031296469282166006,0.006895190210248203,-0.003103400626005892,-0.007084687623144403,-0.004434550415856275,-0.0031296469282166006,-0.0058651026392961825,0.010816125860373615,0.015810276679841806,0.00988142292490135,-0.16896831844029236,2.363061097947447,0.3205745821704511
2021-10-22,0.00445430324817786,True,-0.003048622470574247,True,0.011407277600928634,True,0.026648105771102548,True,0.0061070655889452485,True,0.00010003973832839463,True,-0.0016527623407673886,-0.0031486622089026417,0.005300212011983385,0.0205410401821573,0.011407277600928634,0.005300212011983385,-0.008754863813229541,-0.007850834151128527,-0.015579357351509282,-0.007789678675754641,-0.14759535655058043,1.7189306701763305,15.77359371549781
2021-10-25,-0.006651896109692412,True,0.06269106975139138,True,-0.008829982405381909,True,0.001498441828181818,True,-0.008402564316909666,True,-4.5562675333954417e-05,True,0.0017506682072172541,0.06273663242672534,-0.0004274180884722423,0.009901006145091484,-0.006651896109692412,0.0017506682072172541,0.008902077151335286,-0.004901960784313597,-0.0009842519685039353,0.006889763779527547,-0.1679012345679013,1.3465395829472246,7.6787609877523835
2021-10-26,0.008928634150297876,True,-0.02733793564263043,True,0.005053216413099415,True,0.019360821127026417,True,0.010238079388485533,True,0.0003256607611741291,True,-0.0013094452381876565,-0.027663596403804558,-0.0051848629753861175,0.009122741738540885,0.008928634150297876,-0.0013094452381876565,-0.0019704433497536034,0.033563672260612076,0.01947419668938677,0.002921129503408171,-0.15416666666666667,0.7818879498470445,25.637381324487848
2021-10-27,0.009586958461928807,True,-0.022189567236014507,True,0.0056981922515830785,True,0.06695168333940882,True,0.0031485890420714924,True,0.00829274400217983,True,0.006438369419857315,-0.030482311238194337,0.002549603209511586,0.06380309429733733,0.009586958461928807,0.006438369419857315,-0.010506208213944768,-0.01737451737451734,-0.008763388510223957,-0.019474196689386547,-0.11421319796954321,1.9076460806157223,81.91733603173239
2021-10-28,-0.0065740833946069666,True,0.006051357448620509,True,-0.008443243617221152,True,-0.010761821541128702,True,0.0023210205755965774,True,0.002360580912958321,True,-0.008895103970203544,0.003690776535662188,-0.01076426419281773,-0.01308284211672528,-0.008443243617221152,-0.01076426419281773,-0.0009823182711198308,-0.03048180924287125,-0.014000000000000012,-0.0010000000000000009,-0.11937716262975773,1.2053798729402487,34.538676411714476
2021-10-29,-0.04191181121400356,True,-0.0060149587829858575,True,0.01904682363231225,True,0.020040273760025817,True,0.011105253615978139,True,-0.001928011008708319,True,-0.0530170648299817,-0.004086947774277538,0.00794157001633411,0.008935020144047678,0.01904682363231225,0.00794157001633411,0.0010141987829614951,0.037487335359675855,0.019920318725099806,0.04880478087649398,-0.1797004991680532,1.6589871482600187,15.172457137179677
2021-11-01,0.0161166571335829,True,0.004538693841338315,True,0.0028587171276348577,True,0.025098921370318772,True,0.004918985317597713,True,-0.0031816616362847494,True,0.011197671815985188,0.007720355477623064,-0.002060268189962855,0.02017993605272106,0.0161166571335829,0.011197671815985188,0.001953125,0.09746588693957126,0.04066543438077619,0.10073937153419599,-0.12776831345826234,1.6029958770407162,63.61969894479279
2021-11-02,0.01737163896425198,True,0.006023899642496833,True,0.011474686265088963,True,0.010169502701509403,True,0.0034188696817141206,True,0.00475823432657041,True,0.013952769282537858,0.001265665315926423,0.008055816583374842,0.006750633019795282,0.011474686265088963,0.008055816583374842,0.02131438721136769,0.021739130434782705,-0.013434089000839644,-0.02015113350125941,-0.03347639484978526,3.443704416394263,91.05265991225761
2021-11-03,0.0326651500861741,True,0.02844326286565968,True,0.011019733290908329,True,0.02222475904961252,True,0.004181397379324325,True,-0.00013296808685814288,True,0.028483752706849774,0.028576230952517823,0.006838335911584004,0.018043361670288194,0.02222475904961252,0.018043361670288194,0.0,-0.005957446808510625,-0.008488964346349714,0.01018675721561979,0.012058570198105079,4.577315388803106,94.8116017456587
2021-11-04,0.005751252665968876,True,0.0072778676029428,True,0.009898815554587825,True,0.007461925733111219,True,0.010615453002505548,True,0.0032924850336646383,True,-0.004864200336536673,0.003985382569278162,-0.0007166374479177229,-0.0031535272693943295,0.007461925733111219,-0.0031535272693943295,0.0,0.013698630136986356,-0.0033670033670034627,0.0033670033670032407,0.04099821746880572,2.0154845454806956,84.65065993831715
2021-11-05,0.010721985322277083,True,0.018786160970355015,True,0.04140117463875459,True,0.12042241854930835,True,0.012818824176716204,True,-0.002528932147279006,True,-0.0020968388544391203,0.02131509311763402,0.028582350462038386,0.10760359437259215,0.04140117463875459,0.028582350462038386,-0.0008445945945946276,0.004226542688081203,-0.009999999999999898,-0.040000000000000036,0.05619982158786785,1.891007500692355,89.69787050304697
2021-11-08,0.010608176441884387,True,-0.009928892737308237,True,0.007815322957718251,True,-0.001644018290812399,True,0.0009541529657859371,True,0.012766720003805965,True,0.00965402347609845,-0.0226956127411142,0.006861169991932314,-0.002598171256598336,0.007815322957718251,0.006861169991932314,-0.009259259259259411,-0.014443500424808797,0.0017271157167528806,-0.008635578583765069,0.03574542284219717,1.9808000384583833,91.15249971595266
2021-11-09,-0.002099351508136782,True,-0.012893977562115633,True,0.018004025874013507,True,0.03535907489748702,True,-0.0013547668482067898,True,0.006845179653643285,True,-0.0007445846599299921,-0.019739157215758918,0.019358792722220297,0.03671384174569381,0.018004025874013507,0.019358792722220297,-0.0008620689655172153,0.012079378774805916,0.028045574057844025,0.0122699386503069,0.010452961672473782,1.3341086802028879,30.621408678588878
2021-11-10,0.0007012783114535015,True,0.03628426794446393,True,0.001324822027171546,True,-0.004772395000095742,True,-0.0068834222017124524,True,0.007238381658370097,True,0.007584700513165954,0.029045886286093836,0.008208244228883999,0.002111027201616711,0.0007012783114535015,0.007584700513165954,-0.005115089514066584,0.014567266495286946,0.01283147989734812,0.006843455945252375,0.049194991055456105,1.4073878336195713,57.08445615602774
2021-11-11,-0.000700786864824221,True,-0.02941164985271616,True,-0.0315539207394373,True,-0.03907737306118353,True,-0.014696790311797936,True,0.0010427364968685904,True,0.013996003446973715,-0.03045438634958475,-0.016857130427639366,-0.024380582749385593,-0.0315539207394373,-0.016857130427639366,-0.005912162162162171,0.03993203058623629,0.04081632653061229,0.1445578231292517,0.05714285714285716,1.220457538211892,73.91939088852065
2021-11-12,0.0007012783114535015,True,0.0144300468450973,True,0.0179986735682367,True,0.03160333195662601,True,0.002772523656863868,True,-0.006100967672579394,True,-0.0020712453454103663,0.020531014517676693,0.015226149911372833,0.028830808299762145,0.0179986735682367,0.015226149911372833,0.019607843137254832,0.03605769230769229,-0.03937592867756323,-0.03343239227340278,0.09383378016085797,1.704716678170528,93.23100196474353
2021-11-15,0.0007007200341104802,True,0.03698419229902705,True,0.010165311084329831,True,0.0,True,0.010522721988836636,True,0.0037594186906662053,True,-0.009822001954726156,0.03322477360836085,-0.00035741090450680524,-0.010522721988836636,0.0007007200341104802,-0.009822001954726156,-0.008507347254447017,0.01950078003120126,0.0038402457757296116,0.008448540706605279,0.1659152389540126,2.8999571024657804,98.09569795537905
2021-11-16,0.003501413982481827,True,0.057613262723069214,True,-0.0013284135616640214,True,-0.012010910252656992,True,-0.00022807862124207823,True,0.006641110554767904,True,0.003729492603723905,0.05097215216830131,-0.0011003349404219431,-0.011782831631414914,-0.0013284135616640214,-0.0011003349404219431,0.0068859984697779986,-0.0007598784194529085,0.006891271056661541,0.015313935681469992,0.2203548085901026,2.115861512372065,98.5256659684443
2021-11-17,0.003489196859809418,True,-0.012970198187866933,True,0.012969600713613527,True,0.005928584663585923,True,0.007120975223082748,True,0.0033264483656776367,True,-0.0036317783632733303,-0.01629664655354457,0.005848625490530779,-0.0011923905594968254,0.005928584663585923,-0.0011923905594968254,-0.006844106463878341,0.07350689127105658,0.04783258594917772,0.01943198804185342,0.23939679547596593,1.3538275393181394,98.82807351817284
2021-11-18,0.0006954262032163872,True,0.006570368299476659,True,-0.005942061160532197,True,-0.03118917741880134,True,0.0005285147556493008,True,0.004007668495111361,True,0.0001669114475670863,0.002562699804365298,-0.006470575916181498,-0.03171769217445064,-0.005942061160532197,-0.006470575916181498,-0.0014265335235377208,-0.023571428571428577,0.00736919675755332,0.009579955784819294,0.3704789833822091,1.7570776746415966,99.78541035151414
2021-11-19,-0.00486453417848709,True,-0.030026166946737876,True,0.024604424832537886,True,0.08249916589803585,True,0.010361166840755054,True,0.004353181044745913,True,-0.015225701019242144,-0.03437934799148379,0.014243257991782832,0.0721379990572808,0.024604424832537886,0.014243257991782832,0.001463057790782596,0.013148283418553675,-0.0021582733812950394,0.03812949640287755,0.3297665369649805,1.1293765714220372,60.21074842387224
2021-11-22,-0.0048882469494409,True,-0.030955646352048727,True,0.006317832911431509,True,0.041357513249820954,True,0.0055756878096946405,True,-0.0012924228834824136,True,-0.01046393475913554,-0.029663223468566313,0.0007421451017368685,0.035781825440126314,0.006317832911431509,0.0007421451017368685,-0.007209805335255948,0.10167029774872915,0.041180507892930596,0.03568977350720659,0.3719090009891197,0.9456261370618072,72.62058922936099
2021-11-23,-0.0014035408956962758,True,-0.011111072864534055,True,-0.015086665463091564,True,-0.03119614222535494,True,-0.011609307776013322,True,-0.0008290058889780516,True,0.010205766880317046,-0.010282066975556003,-0.003477357687078242,-0.019586834449341617,-0.015086665463091564,-0.003477357687078242,-0.006591957811469928,0.03384207033842079,0.0019292604501608412,0.0012861736334404128,0.4945812807881773,1.8969094199708636,94.58322629589202
2021-11-24,0.0028110271830028566,True,-0.02387636217519018,True,-0.007252179111097434,True,-0.00657131759611862,True,-0.004557846019298761,True,-0.0077186856721341845,True,0.007368873202301618,-0.016157676503055995,-0.002694333091798673,-0.0020134715768198586,-0.00657131759611862,-0.0020134715768198586,0.0,0.007060333761232274,0.00835475578406153,-0.003856041131105381,0.48806112702960847,1.4573040966174016,96.40315009072438
2021-11-25,-0.001401573729648331,True,0.03165448112248237,True,0.010089708392343022,True,0.029232108822978775,True,0.003220447332870746,True,-0.0013358683470401367,True,-0.004622021062519077,0.032990349469522506,0.006869261059472276,0.02601166149010803,0.010089708392343022,0.006869261059472276,-0.0031867431485022024,-0.021739130434782594,-0.009708737864077555,-0.04724919093851121,0.5412573673870333,0.9180234149327112,96.95254929294558
2021-11-26,0.0,False,-0.015341555852198652,True,0.0,False,0.0,False,0.0,False,0.0006614657194699003,True,0.0,-0.016003021571668552,0.0,0.0,0.0,0.0,-0.005228758169934622,-0.019710906701708275,0.006068779501011479,-0.009440323668240103,0.5517241379310345,0.7415998378685689,46.542488214699816
2021-11-29,-0.009824585496333582,True,-0.028328677781118805,True,-0.028993827460847443,True,-0.03583900903088777,True,-0.01895888528854439,True,-0.016132081786093377,True,0.00913429979221081,-0.012196595995025428,-0.010034942172303052,-0.016880123742343378,-0.028993827460847443,-0.010034942172303052,-0.02144772117962468,0.015753424657534376,0.011596180081855367,0.016371077762619368,0.45703125,0.7682005068274173,23.118344953067464
2021-11-30,-0.002834866252749979,True,0.023323761304806512,True,0.04014686378069188,True,0.059454768743901765,True,0.02170257989106994,True,-0.002377791031457077,True,-0.02453744614381992,0.02570155233626359,0.018444283889621937,0.037752188852831825,0.04014686378069188,0.018444283889621937,-0.0053944706675657095,0.02779661016949153,0.029192124915139228,0.006109979633401208,0.317051509769094,0.7746962341360312,18.667940888356426
2021-12-01,-0.0206112273022796,True,0.024216479425789528,True,-0.020936384981836476,True,-0.02097325538853334,True,-0.014686515744779416,True,0.005751927810493829,True,-0.005924711557500184,0.0184645516152957,-0.00624986923705706,-0.006286739643753925,-0.020936384981836476,-0.00624986923705706,-0.01715039577836408,-0.01744966442953022,-0.007457627118644061,-0.003389830508474634,0.2902127659574467,0.7476511113896581,66.27612428057063
2021-12-02,0.0021771180861291928,True,0.04033385716644733,True,-0.003542128448138837,True,-0.037861266796228144,True,-0.01701293970906459,True,0.00907922021406904,True,0.019190057795193782,0.03125463695237829,0.013470811260925752,-0.020848327087163554,-0.003542128448138837,0.013470811260925752,-0.006147540983606592,0.008247422680412342,-0.00677048070413,-0.012186865267433955,0.2534246575342465,0.566600475791514,23.297637321581277
2021-12-03,0.013033985954539196,True,-0.018716743650036838,True,0.0026002241097724532,True,0.021981902447100632,True,0.0072070125621161996,True,0.007897799506820569,True,0.005826973392422996,-0.026614543156857406,-0.004606788452343746,0.014774889884984432,0.013033985954539196,0.005826973392422996,-0.0006816632583503957,0.012960436562073685,0.011580381471389734,-0.008855585831062607,0.23902027027027017,0.4264560168816705,28.63729286456369
2021-12-06,0.0028591824522832265,True,-0.004087087224924346,True,-0.011358674209722586,True,-0.04460558188532837,True,-0.017388460809573902,True,-0.0015650448990368604,True,0.02024764326185713,-0.0025220423258874858,0.006029786599851317,-0.02721712107575447,-0.011358674209722586,0.006029786599851317,0.0006734006734006037,0.02960969044414541,0.043656207366985056,0.01023192360163705,0.24999999999999978,0.37580537698481004,61.11836129956627
2021-12-07,0.008553092504847148,True,-0.021887959979788985,True,-0.0038187240826413893,True,-0.021372976275582545,True,0.008013064223761468,True,-0.000504583632419453,True,0.0005400282810856805,-0.02138337634736953,-0.011831788306402857,-0.029386040499344013,-0.0038187240826413893,-0.011831788306402857,0.0,-0.00588235294117645,0.02286482851378624,0.04034969737726968,0.31896551724137945,0.6933061215575425,88.13054648096912
2021-12-08,0.009894017462687144,True,-0.0013985289827826985,True,0.048499905798858656,True,0.07956827472508277,True,0.030113665414899016,True,0.0061458439612189775,True,-0.020219647952211872,-0.007544372944001676,0.01838624038395964,0.04945460931018375,0.048499905798858656,0.01838624038395964,-0.01643655489809337,0.06082887700534756,0.016005121638924535,0.005761843790012877,0.2966751918158568,0.6302406434393588,68.96559801651529
2021-12-09,-0.002799157589909451,True,0.004201571288301009,True,-0.004323598212844781,True,-0.018533664922084525,True,0.004474388746142921,True,0.0019947271862681415,True,-0.007273546336052372,0.0022068441020328677,-0.008797986958987702,-0.023008053668227446,-0.004323598212844781,-0.008797986958987702,-0.010712035286704502,0.00445859872611476,0.003819223424570195,-0.012094207511139432,0.3403716216216217,0.9659613301714784,92.59220776189719
2021-12-10,-0.002807014866879065,True,0.001394952032186092,True,-0.02420266053819553,True,-0.04197828797862824,True,-0.014714322516559686,True,0.004581499264145306,True,0.01190730764968062,-0.0031865472319592136,-0.009488338021635845,-0.02726396546206855,-0.02420266053819553,-0.009488338021635845,-0.012048192771084265,-0.034017971758664944,-0.01762402088772841,0.0026109660574411553,0.2883986928104574,0.5599913656083381,75.23551470656002
2021-12-13,0.0,True,0.0,True,0.006347989628323614,True,-0.009576822528922446,True,0.010870287433795589,True,-0.00490447642500913,True,-0.010870287433795589,0.00490447642500913,-0.004522297805471975,-0.020447109962718035,0.0,-0.010870287433795589,-0.009966777408637939,0.05369127516778516,0.026814911706998013,0.00915631131458472,0.16395978344934248,0.794830511931286,20.33763795998705
2021-12-14,-0.004926086885031933,True,-0.013927607549905185,True,-0.025946953930511496,True,-0.06745495545498081,True,-0.014446724257850208,True,-0.003290659791860384,True,0.009520637372818275,-0.010636947758044801,-0.011500229672661288,-0.053008231197130606,-0.025946953930511496,-0.011500229672661288,0.00445859872611476,-0.02409638554216864,-0.011560693641618491,0.006422607578676853,0.2012241775057384,0.7199556872645614,65.62541352260574
2021-12-15,0.0014143920511855423,True,-0.015536790992864091,True,-0.005774939369068699,True,0.006249895419019769,True,-0.010350306089976113,True,-0.009468384725488388,True,0.011764698141161656,-0.006068406267375703,0.0045753667209074145,0.016600201508995882,0.0014143920511855423,0.011764698141161656,0.0006497725795970855,-0.0071428571428572285,-0.03350189633375478,-0.03350189633375478,0.170342205323194,0.46135410225536744,42.55150838375387
2021-12-16,0.00776840476955698,True,0.021520797863510133,True,0.04136459802315362,True,0.07488442995120326,True,0.022797481509956752,True,0.0034507185038703536,True,-0.015029076740399772,0.01807007935963978,0.01856711651319687,0.052086948441246506,0.04136459802315362,0.01856711651319687,-0.005886200130804431,-0.016447368421052655,-0.012549537648612996,-0.03632760898282694,0.0905848787446506,0.48833679774330796,34.68386245521171
2021-12-17,-0.006306948121990064,True,0.02387636217519007,True,-0.04346157258933436,True,-0.06802597664768173,True,-0.025714741864256374,True,0.007114378048768355,True,0.01940779374226631,0.016761984126421714,-0.01774683072507799,-0.042311234783425355,-0.04346157258933436,-0.01774683072507799,-0.010033444816053394,-0.013513513513513598,0.020979020979020824,0.02447552447552437,0.09363569861009502,0.5755488469422335,15.365201515035608
2021-12-20,-0.004231341207714845,True,-0.01508901837716159,True,-0.004685055835938257,True,-0.020643057698938816,True,-0.0049891426404659045,True,0.0015096143888970737,True,0.0007578014327510596,-0.016598632766058663,0.0003040868045276479,-0.01565391505847291,-0.004685055835938257,0.0003040868045276479,-0.008219178082191747,-0.026243093922652005,-0.01810584958217265,0.0006963788300835549,0.05263157894736836,0.721573045693797,7.157425254222574
2021-12-21,0.0014164630259045907,True,0.00417816361004375,True,-0.007514097520619378,True,-0.0029495803588223124,True,-0.009700249196676669,True,-0.008055003231343338,True,0.01111671222258126,0.012233166841387089,0.0021861516760572908,0.006750668837854357,-0.0029495803588223124,0.006750668837854357,0.007092198581560183,0.02323943661971839,-0.004794520547945269,0.044520547945205546,-0.0705339485827291,0.6465645567724274,2.8332467883385277
2021-12-22,0.007072095146209323,True,0.03744808693744783,True,0.03612222960593314,True,0.04891940524841054,True,0.022380199084502728,True,0.006800577986121548,True,-0.015308103938293405,0.030647508951326285,0.013742030521430415,0.026539206163907814,0.03612222960593314,0.013742030521430415,-0.0006882312456985007,0.1005509641873279,0.03229974160206717,0.10658914728682167,-0.06739409499358151,0.6155496055328897,52.34921608579975
2021-12-23,0.0035112494057951693,True,0.026737924172157035,True,0.011885890643715591,True,0.011177979011749661,True,0.01217857466461103,True,0.0021114159189628,True,-0.008667325258815861,0.024626508253194235,-0.00029268402089543955,-0.001000595652861369,0.011177979011749661,-0.001000595652861369,0.0031289111389236623,0.05801621958827208,-0.023603914795624625,-0.009786989061600582,0.018483110261312774,1.7354784396115117,89.26015609304868
2021-12-24,0.01329598186777492,True,-0.00911461419099302,True,0.008605159574451848,True,0.008163418217593366,True,0.007539117487138425,True,0.006721894896616565,True,0.005756864380636495,-0.015836509087609585,0.0010660420873134235,0.0006243007304549408,0.008605159574451848,0.0010660420873134235,0.02594339622641506,-0.011494252873563204,0.015348288075560657,0.016528925619834656,0.10849673202614385,2.718850221310879,94.75353715794259
2021-12-27,0.0,False,0.044678076989503435,True,0.0,False,0.0,False,0.0,False,0.0008347218156232739,True,0.0,0.04384335517388016,0.0,0.0,0.0,0.0,-0.0005813953488370549,-0.016870273414776205,-0.012850467289719725,-0.02336448598130858,0.15281501340482584,1.2607709720482059,95.80460311494822
2021-12-28,0.014502765523882077,True,-0.03396225422507915,True,0.026925251928205274,True,0.044028346262305895,True,0.016527190263725844,True,0.004860292550530776,True,-0.0020244247398437665,-0.03882254677560992,0.01039806166447943,0.02750115599858005,0.026925251928205274,0.01039806166447943,0.00887573964497057,-0.02521994134897354,0.0,-0.013838748495788256,0.1395819285232638,0.6783222393294638,63.83377401077758
2021-12-29,0.0006807507942472313,True,-0.019531344936544515,True,-0.00985580477114012,True,-0.020132561440709962,True,-0.004634695868125149,True,0.008192785738687647,True,0.005315446662372381,-0.02772413067523216,-0.0052211089030149704,-0.015497865572584812,-0.00985580477114012,-0.0052211089030149704,0.0006016847172081174,-0.030066145520144305,-0.013455657492354889,0.01957186544342515,0.09630606860158308,0.9009162483442442,39.332598053493804
2021-12-30,0.008163257626945475,True,0.022576322292845452,True,-0.0001595004899799246,True,-0.010586503179722317,True,-0.00014934989787906972,True,0.0028284489673295887,True,0.008312607524824545,0.019747873325515863,-1.0150592100854894e-05,-0.010437153281843248,-0.0001595004899799246,-1.0150592100854894e-05,0.010539367637941721,0.004907975460122671,-0.012658227848101333,-0.015672091621458772,0.10177595628415292,0.8856670777089802,16.784434740886923
2021-12-31,0.0,True,-0.012986843170654572,True,-0.011359883719769481,True,-0.01383268900734469,True,-0.0029884608015265934,True,-0.0016132728267722607,True,0.0029884608015265934,-0.011373570343882311,-0.008371422918242888,-0.010844228205818096,-0.011359883719769481,-0.008371422918242888,-0.006715506715506692,0.01905347264904722,0.007290400972053357,0.014580801944106936,0.1165644171779141,0.7779792312029593,47.497021828028814
2022-01-04,0.021592486848045933,True,0.03157883473438461,True,0.018623327415492108,True,0.01808286114477431,True,0.0033220806271290204,True,0.0028360709198904654,True,0.018270406220916913,0.028742763814494143,0.015301246788363088,0.014760780517645289,0.018623327415492108,0.015301246788363088,0.0042219541616406175,-0.010810810810810811,0.0012158054711246535,-0.015197568389057725,0.11649831649831643,0.6761362831723733,66.9899758410892
2022-01-05,0.021796559856195552,True,0.017857105811869944,True,-0.005196464647465926,True,-0.027588670396836767,True,-0.012970302765485942,True,0.014002884814486638,True,0.034766862621681494,0.0038542209973833064,0.0077738381180200156,-0.014618367631350826,-0.005196464647465926,0.0077738381180200156,-0.004857316332726014,-0.03538743136058575,-0.015566625155666092,-0.025529265255292533,0.07647058823529407,0.6976232904755776,47.564573862714326
2022-01-06,0.020038749876629458,True,-0.036340812724826255,True,-0.03430376809133351,True,-0.05756256635062085,True,-0.0307210580585352,True,-0.0014243859384822644,True,0.05075980793516466,-0.03491642678634399,-0.0035827100327983086,-0.026841508292085647,-0.03430376809133351,-0.0035827100327983086,-0.008222643896268256,0.0006377551020408934,0.016191709844559643,0.0362694300518136,0.03944773175542404,1.1197491137318187,10.617810299937119
2022-01-07,-0.0025348518713501633,True,-0.015604577022993227,True,0.009927823816933135,True,0.020794210318941353,True,-0.0007027734217629478,True,-0.007137367266400463,True,-0.0018320784495872156,-0.008467209756592764,0.010630597238696082,0.0214969837407043,0.009927823816933135,0.010630597238696082,-0.005736137667303964,-0.02564102564102566,-0.03246339910884799,-0.042647994907702214,-0.011342155009451793,0.7763175762002779,8.279239413368288
2022-01-10,-0.013977084914459481,True,-0.025099100841148636,True,-0.030404933547446222,True,-0.03304002161191788,True,-0.01083285699215697,True,-0.01078838306639196,True,-0.0031442279223025116,-0.014310717774756676,-0.019572076555289253,-0.02220716461976091,-0.030404933547446222,-0.019572076555289253,-0.007894736842105177,0.06034482758620685,0.0485245901639344,0.061639344262295115,-0.036144578313252906,0.7149600169675837,2.9582373708374377
2022-01-11,-0.017396936198452728,True,0.008130078741182212,True,0.0012797985199859419,True,0.005615292628074142,True,0.0006582254747147243,True,0.0038317013900048824,True,-0.018055161673167452,0.004298377351177329,0.0006215730452712176,0.004957067153359418,0.0012797985199859419,0.0006215730452712176,-0.0062539086929330745,-0.018250471994965434,-0.03105590062111807,0.0018633540372670065,0.06245847176079744,1.0050218003250175,68.4145266215454
2022-01-12,-0.011147545986488261,True,-0.01881705962649649,True,0.02018371023961474,True,0.015219049675047502,True,0.015021826037594943,True,0.002677178490952059,True,-0.026169372024083204,-0.02149423811744855,0.005161884202019795,0.00019722363745255933,0.015219049675047502,0.00019722363745255933,0.0012820512820512775,0.042893725992317444,-0.0024494794856092517,-0.0251071647274953,-0.006369426751592355,0.7089660889495224,41.065671705884746
2022-01-13,-0.0006631451546703637,True,0.0013696855590263901,True,0.008540182369917604,True,0.006542927009550503,True,0.00396583185651056,True,0.004767522281045933,True,-0.004628977011180924,-0.0033978367220195427,0.004574350513407044,0.0025770951530399433,0.006542927009550503,0.0025770951530399433,0.0,0.0024554941682013443,0.023824451410658254,0.036363636363636376,0.058479532163742576,0.9284765202396558,75.591575240023
2022-01-14,-0.0026542775489747372,True,0.004103860058944031,True,-0.017393358966254713,True,-0.05085914941119418,True,-0.02501631377115776,True,0.0033484602004314468,True,0.022362036222183024,0.0007553998585125843,0.007622954804903048,-0.02584283564003642,-0.017393358966254713,0.007622954804903048,-0.016533986527862754,0.0666251556662516,0.0306859205776171,0.06859205776173294,0.06801831262262925,0.8303788879396538,77.14402436007701
2022-01-17,0.017298751397278878,True,0.016348876483631924,True,0.021194939563484727,True,0.013809946710831245,True,0.006222547736369766,True,-0.0018224080660121933,True,0.011076203660909112,0.018171284549644118,0.014972391827114961,0.007587398974461479,0.017298751397278878,0.011076203660909112,-0.004670169293636839,0.059237536656891354,0.006128133704735417,-0.009470752089136392,0.14581939799331112,1.259755229319389,93.55101554293609
2022-01-18,0.0,False,0.09785513157766323,True,0.0,False,0.0,False,0.0,False,0.006635178224898786,True,0.0,0.09121995335276445,0.0,0.0,0.0,0.0,0.0,0.011627906976744207,0.011627906976744207,0.001107419712070845,0.23698630136986298,1.406354616991924,97.58373044207652
2022-01-19,-0.018312605210579536,True,0.056166171630909645,True,-0.044736154303769204,True,-0.038564269231797454,True,-0.02489402472668234,True,-0.007924175213033124,True,0.006581419516102804,0.06409034684394277,-0.019842129577086864,-0.013670244505115114,-0.038564269231797454,-0.013670244505115114,-0.009852216748768461,-0.011055831951354289,-0.03505933117583593,-0.025350593311758263,0.295744680851064,1.3631129059810858,98.11582973048529
2022-01-20,-0.01399067521284214,True,0.023121350536929652,True,-0.027628193992053074,True,-0.03227409964199546,True,-0.010983588982596548,True,-0.008225836207622184,True,-0.0030070862302455925,0.031347186744551836,-0.016644605009456526,-0.02129051065939891,-0.027628193992053074,-0.016644605009456526,-0.0061486864169927324,0.017435320584926917,-0.009309967141292508,-0.02190580503833528,0.23124569855471422,0.997750265868883,54.600726693559004
2022-01-21,-0.024999991945318323,True,-0.04858749952305219,True,-0.03062285516060248,True,-0.036582079974030846,True,-0.012988500861861207,True,-0.0005037257057625144,True,-0.012011491083457115,-0.04808377381728968,-0.017634354298741273,-0.023593579112169638,-0.03062285516060248,-0.017634354298741273,-0.015478164731896116,-0.006737787759685476,-0.0039414414414414845,0.003941441441441151,0.13204005006257824,0.6586096307470762,69.04981804006405
2022-01-24,-0.013860066438648455,True,-0.052256667746235275,True,-0.016645656998823144,True,-0.032132430870522755,True,-0.027728661203288762,True,-0.017508707075300722,True,0.013868594764640307,-0.03474796067093455,0.011083004204465619,-0.004403769667233992,-0.016645656998823144,0.011083004204465619,-0.0028264556246467842,0.009637188208616587,0.0005617977528089568,-0.0050561797752809445,0.043042452830188704,0.7123699934343429,30.37736478673392
2022-01-25,-0.004216406737350686,True,-0.017543823892280597,True,0.012805945062282609,True,-8.563845558384742e-05,True,0.004578037456864914,True,0.005013507641818293,True,-0.0087944441942156,-0.02255733153409889,0.008227907605417695,-0.0046636759124487615,-8.563845558384742e-05,-0.0046636759124487615,-0.0016844469399212025,-0.024184476940382393,-0.008571428571428452,0.006285714285714228,0.035465116279069786,0.43862846672339967,47.888792981156385
2022-01-26,-0.03669727981396553,True,-0.04846934365358657,True,-0.039603361661666114,True,-0.044839873926118545,True,-0.0231815922502967,True,-0.016005297496696103,True,-0.013515687563668832,-0.03246404615689047,-0.016421769411369413,-0.021658281675821844,-0.039603361661666114,-0.016421769411369413,-0.002305475504322918,0.0629693818601964,0.06666666666666665,0.06666666666666665,0.026627218934911268,0.584695486286917,16.353709859017968
2022-01-27,-0.014652001088236721,True,0.009383306205309694,True,0.014413967430805918,True,0.020067945695956046,True,-0.0015645715627243817,True,-0.0015094384591016752,True,-0.01308742952551234,0.010892744664411369,0.0159785389935303,0.021632517258680428,0.014413967430805918,0.0159785389935303,-0.007065217391304279,-0.04214559386973182,-0.03581267217630846,-0.03526170798898054,0.10709987966305667,0.9408045205739312,79.12092305978425
2022-01-28,-0.02081782430794621,True,0.0,False,-0.04270155998073,True,-0.036360554617883234,True,-0.010070635438239717,True,0.0,False,-0.010747188869706492,0.0,-0.03263092454249028,-0.026289919179643517,-0.036360554617883234,-0.026289919179643517,0.004571428571428449,-0.017633674630261553,-0.012013729977116805,0.012013729977116805,0.08493490390576564,0.8212567278125439,34.60532102001669
2022-02-07,0.0227790576307485,True,0.0,False,0.06170869722494965,True,0.1082304666127325,True,0.049574949937382096,True,0.0,False,-0.026795892306633595,0.0,0.012133747287567553,0.058655516675350405,0.06170869722494965,0.012133747287567553,0.01968731905037635,0.011357183418512218,0.031865585168018296,0.007531865585167941,0.054334554334554364,0.4840269466329014,26.87655957243564
2022-02-08,0.02524128773925316,True,0.05179302373970773,True,0.0015777511375385522,True,0.016817918739136184,True,-0.00804438450489564,True,0.012781219483113171,True,0.0332856722441488,0.03901180425659456,0.009622135642434193,0.024862303244031825,0.016817918739136184,0.024862303244031825,-0.007860752386299685,-0.07809847198641784,-0.06271576524741085,-0.03970080552359023,0.07418576598311222,0.5815949294960204,64.30788575322593
2022-02-09,0.02244746245641216,True,0.03914123584838869,True,0.020479027956497253,True,0.015367268348195795,True,0.011235277441211888,True,0.003701600684520523,True,0.011212185015200271,0.035439635163868166,0.009243750515285365,0.004131990906983907,0.020479027956497253,0.009243750515285365,0.0,0.05586249232658069,0.031175059952038398,0.08033573141486805,-0.010928961748633892,1.0541113308500876,16.566665225923046
2022-02-10,0.014872524068625825,True,-0.0036450114734154493,True,0.03482328517353861,True,0.06360512315583611,True,0.0211906165609832,True,0.010307995137233572,True,-0.0063180924923573745,-0.013953006610649021,0.01363266861255541,0.04241450659485291,0.03482328517353861,0.01363266861255541,0.010465116279069653,-0.0005753739930953738,-0.04297520661157017,-0.07658402203856729,0.08791903858317518,0.8425879144891153,55.82987089319426
2022-02-11,-0.18004186583685688,True,-0.02073185624918128,True,-0.029939312570920973,True,-0.032990185575801134,True,-0.022632713058650555,True,0.01026297273820198,True,-0.15740915277820633,-0.03099482898738326,-0.0073065995122704175,-0.010357472517150579,-0.032990185575801134,-0.010357472517150579,-0.011514104778353462,-0.06930693069306937,-0.049940546967895405,-0.04875148632580262,0.10707456978967489,0.9848260470498955,62.43481580746901
2022-02-14,0.02553193112637131,True,0.0024906272343234725,True,-0.05139108742731402,True,-0.07260674247481125,True,-0.03172157502015549,True,-0.0014784192959439446,True,0.0572535061465268,0.003969046530267417,-0.01966951240715853,-0.04088516745465576,-0.05139108742731402,-0.01966951240715853,-0.016270337922402955,0.010814249363867656,-0.022755227552275548,-0.002460024600246191,0.051315789473684204,1.2322410996492332,18.12160954136256
2022-02-15,-0.0008298944998793578,True,0.00496907126434043,True,-0.0006786629843833492,True,0.013278153529469927,True,0.0012388157316116644,True,-0.017108326530812512,True,-0.002068710231491022,0.022077397795152942,-0.0019174787159950135,0.012039337797858263,-0.0006786629843833492,-0.0019174787159950135,0.0012586532410321372,0.034569453174104314,0.0006079027355623268,0.013981762917933072,-0.0062539086929330745,0.5395705897710493,16.596244243168883
2022-02-16,0.021594703463921006,True,-0.014833217845469426,True,0.05440072628722836,True,0.09181204254216757,True,0.024864317747929965,True,-0.002548072900495857,True,-0.0032696142840089593,-0.01228514494497357,0.029536408539298398,0.0669477247942376,0.05440072628722836,0.029536408539298398,0.012758201701093652,0.02699460107978391,0.005284791544333478,-0.014679976512037562,0.055128205128205154,0.7766518243928584,59.63426545071357
2022-02-17,0.00569103201127974,True,0.03136775004686321,True,-0.00021469505969651248,True,0.0006038264464560683,True,-0.00025254600587554243,True,0.015578381663496454,True,0.005943578017155282,0.015789368383366753,3.7850946179029954e-05,0.0008563724523316107,0.0006038264464560683,0.0008563724523316107,0.0005841121495326895,0.015178050204319948,0.013994169096209985,0.011078717201166155,0.050951503990178004,0.9218826184578818,81.61009432611667
2022-02-18,-0.004042052643285277,True,-0.006082879802634333,True,-0.040081471767414945,True,-0.07559113740242962,True,-0.02974392210586252,True,0.0020349213719024206,True,0.025701869462577243,-0.008117801174536754,-0.010337549661552425,-0.0458472152965671,-0.040081471767414945,-0.010337549661552425,-0.0034502587694078546,-0.008078476630120957,-0.0029002320185612662,0.00638051044083543,0.06491120636864678,0.7568847358339701,87.27723266456974
2022-02-21,-0.0016233364111005733,True,0.0073439396240380095,True,-0.011109921424712454,True,-0.03529606066117663,True,-0.011405293871560196,True,-0.0019826785843343186,True,0.009781957460459623,0.009326618208372328,0.00029537244684774144,-0.023890766789616436,-0.011109921424712454,0.00029537244684774144,0.004072134962187279,0.03418308227114708,0.03598374927452119,0.0034822983168891763,0.003502626970227629,0.4844168379587645,59.920857135871444
2022-02-22,0.0,False,-0.009720407020164301,True,0.0,False,0.0,False,0.0,False,-0.0005956102879036695,True,0.0,-0.009124796732260632,0.0,0.0,0.0,0.0,-0.012885154061624715,0.016458569807037415,0.026361031518624678,0.022349570200573154,-0.011627906976744096,0.8880488867635381,86.93945535058322
2022-02-23,-0.003252029368516429,True,-0.029448127589325135,True,-0.006861407795188623,True,-0.010659295420742843,True,-0.010043903629946005,True,-0.013840864201064118,True,0.006791874261429576,-0.015607263388261017,0.0031824958347573817,-0.0006153917907968376,-0.006861407795188623,0.0031824958347573817,-0.007258514796203208,0.0056242969628794715,0.001680672268907335,-0.01680672268907568,-0.019704433497536922,0.7977039283069517,88.3654891743011
2022-02-24,0.0,True,0.04424794791096831,True,-0.02095433858879192,True,-0.04288166913060332,True,-0.025615360150284316,True,0.004810507858677315,True,0.025615360150284316,0.039437440052290995,0.0046610215614923955,-0.017266308980319,-0.02095433858879192,0.0046610215614923955,-0.015659955257270597,-0.017045454545454586,-0.01871809415768566,-0.005104934770277958,-0.0005589714924538747,0.8001570108566112,79.6669426786176
2022-02-25,0.01794447873142957,True,-0.02058098427956989,True,0.03431431059872736,True,0.06079441494586546,True,0.03360470392642112,True,-0.025542012177141693,True,-0.01566022519499155,0.004961027897571801,0.00070960667230624,0.02718971101944434,0.03431431059872736,0.00070960667230624,0.01156069364161838,-0.020571428571428574,-0.023361823361823353,-0.041595441595441596,-0.043670536207849664,1.1575928924194339,16.57559317909262
2022-02-28,0.024839778123994183,True,-0.0024722508415552236,True,0.013945135404654252,True,0.01722253823045361,True,0.015506795867215484,True,0.0032753837802674823,True,0.009332982256778699,-0.005747634621822706,-0.0015616604625612318,0.0017157423632381263,0.01722253823045361,0.0017157423632381263,-0.016336056009334965,-0.0029655990510083496,-0.003556609365738095,0.021339656194427903,-0.031091011871113627,0.578225362143203,11.535407049599442
2022-03-01,-0.017200959162234075,True,0.0,False,-0.008614432740234435,True,0.009438414720596588,True,0.0029792189420307924,True,0.0,False,-0.020180178104264868,0.0,-0.011593651682265227,0.006459195778565796,-0.008614432740234435,-0.011593651682265227,0.005353955978584235,0.04142011834319548,0.012075905692926936,-0.009200690051753835,-0.056148231330713116,0.9562464545290199,5.117068119034656
2022-03-02,-0.013524270518792791,True,0.02850067535416989,True,-0.03154951564146147,True,-0.037236087438290766,True,-0.015311488565077802,True,0.013939939251482292,True,0.0017872180462850107,0.0145607361026876,-0.016238027076383665,-0.021924598873212964,-0.03154951564146147,-0.016238027076383665,-0.0062500000000002,-0.016009148084619618,-0.0028968713789108147,-0.024333719582850577,0.0144092219020171,0.912739500138541,74.10394475769033
2022-03-03,0.0362903852244465,True,-0.012048126440568852,True,0.03273139723505736,True,0.03182364434488161,True,0.016779354214095044,True,-0.0017124797466232522,True,0.019511031010351454,-0.0103356466939456,0.015952043020962314,0.015044290130786564,0.03273139723505736,0.015952043020962314,0.0,-0.0703079604880884,-0.030303030303030276,-0.029696969696969555,-0.06467391304347836,0.6127232021467043,43.1371047067723
2022-03-04,-0.0015564558108895898,True,-0.009756345435605551,True,-0.0215519931445175,True,-0.020891533954950026,True,-0.014285081190002824,True,0.0037386544757220808,True,0.012728625379113234,-0.013494999911327632,-0.0072669119545146765,-0.006606452764947202,-0.020891533954950026,-0.006606452764947202,-0.01375000000000004,0.02344740177439797,0.007485963817841279,-0.026200873362445476,-0.08571428571428563,1.507217977734508,12.00579791220082
2022-03-07,-0.014809008691593073,True,-0.016009595322518777,True,-0.026904356419459985,True,-0.03280783965784073,True,-0.01449164327960617,True,-0.01103359215055999,True,-0.00031736541198690293,-0.004976003171958787,-0.012412713139853815,-0.01831619637823456,-0.026904356419459985,-0.012412713139853815,-0.0037151702786376584,-0.04909881914232439,0.0013089005235602524,0.011125654450261813,-0.06485234510712212,0.5797699027057455,25.36093717155984
2022-03-08,-0.008702579696500679,True,-0.0500626864381134,True,-0.04977479762293324,True,-0.06906169937779738,True,-0.03688120473431855,True,-0.03145093247534603,True,0.028178625037817873,-0.018611753962767374,-0.012893592888614691,-0.03218049464347883,-0.04977479762293324,-0.012893592888614691,0.002614379084967311,-0.008474576271186418,-0.009120521172638396,0.003908794788273662,-0.1409320606400899,1.1596808239862686,9.32355385678008
2022-03-09,-0.006384670822900729,True,-0.03820802089151809,True,0.015084007882945283,True,0.007587114991160382,True,-0.004648056396507783,True,-0.02057429666502908,True,-0.0017366144263929462,-0.01763372422648901,0.019732064279453065,0.012235171387668164,0.007587114991160382,0.012235171387668164,-0.0039447731755424265,0.01650165016501659,0.0032573289902280145,0.03648208469055381,-0.0662983425414364,0.9099157721814822,8.222461742696282
2022-03-10,0.010441776420283544,True,0.02054782966373958,True,0.04344287449391682,True,0.06972198960649068,True,0.0359980424741162,True,0.011299052020029343,True,-0.025556266053832655,0.009248777643710238,0.007444832019800618,0.03372394713237448,0.04344287449391682,0.007444832019800618,0.01948051948051943,-0.015923566878980888,-0.03377110694183871,-0.054409005628517915,-0.10465116279069764,1.0929840203318588,38.759268705496325
2022-03-11,0.016693166885577204,True,0.038926126354648094,True,-0.02163412157780198,True,-0.015468891328298429,True,-0.01110455839422253,True,0.024556627605756942,True,0.027797725279799734,0.014369498748891152,-0.010529563183579449,-0.0043643329340758985,-0.015468891328298429,-0.0043643329340758985,-0.009708737864077555,-0.011111111111111072,0.007323568575233086,-0.023302263648468657,-0.11053540587219335,1.1558152576934146,47.8855129180347
2022-03-14,0.0046911977948127515,True,0.0012920226308090754,True,-0.022470599462760643,True,-0.024626889767846105,True,-0.020738799161047927,True,-0.009663113594997386,True,0.02542999695586068,0.010955136225806461,-0.001731800301712716,-0.003888090606798178,-0.022470599462760643,-0.001731800301712716,-0.015201586252478583,-0.0583892617449665,-0.04362644853442399,-0.06748466257668717,-0.05319148936170215,0.9410283341135293,16.469723038616493
2022-03-15,-0.0070039027172073,True,-0.016774321206770137,True,-0.02888638859714221,True,-0.034841788515852734,True,-0.019204356509866738,True,-9.85344610985317e-05,True,0.012200453792659438,-0.016675786745671606,-0.009682032087275472,-0.015637432005985996,-0.02888638859714221,-0.009682032087275472,0.009265858873841903,-0.06355932203389836,-0.01850481125092529,-0.05699481865284972,-0.11705475141598487,1.5028854298241283,2.9888351078300985
2022-03-16,0.014106531996295857,True,-0.032808324521186316,True,0.04189529211257459,True,0.07702768054180553,True,0.031366734239918426,True,-0.019520231310662384,True,-0.01726020224362257,-0.013288093210523932,0.010528557872656163,0.045660946301887106,0.04189529211257459,0.010528557872656163,0.020361990950226172,-0.0354767184035476,0.03325415676959609,0.046714172604908955,-0.1944106925880924,1.3136223668000497,1.3927887726421204
2022-03-17,0.04173106486584843,True,-0.013568552257952282,True,0.05295742467837927,True,0.06629548365378346,True,0.037086870975891806,True,0.0008725911861828806,True,0.004644193889956627,-0.014441143444135163,0.015870553702487467,0.029208612677891654,0.05295742467837927,0.015870553702487467,0.021455938697317878,0.004501125281320295,0.007524454477050524,-0.021820917983446098,-0.23773364485981296,2.289364007167789,1.0786157658027946
2022-03-18,0.02596442087205464,True,0.07290239127692733,True,0.006263084931183105,True,0.011021950393053093,True,0.01210632773095277,True,0.02995075345541487,True,0.013858093141101868,0.042951637821512456,-0.005843242799769666,-0.001084377337899678,0.011021950393053093,-0.001084377337899678,-0.011202389843166571,-0.01132930513595165,0.020265003897116163,0.05455962587685104,-0.2300172512938471,1.2992068556011627,42.83391942431055
2022-03-21,0.02819959114057924,True,0.028205152901325636,True,0.021593828624972167,True,0.06811773331515525,True,0.020467791737556862,True,0.00047562604039708134,True,0.007731799403022377,0.027729526860928555,0.0011260368874153048,0.04764994157759839,0.02819959114057924,0.007731799403022377,0.02291825821237592,0.04331590739357738,0.024193548387096753,0.030791788856304958,-0.23851076207097155,1.5199717316695545,24.548166313797324
2022-03-22,0.0021096858233364824,True,0.011221844954592664,True,-0.002340437821558905,True,0.01062248085318096,True,-0.0027801917901699724,True,0.00594848495223288,True,0.004889877613506455,0.005273360002359784,0.0004397539686110674,0.013402672643350932,0.0021096858233364824,0.004889877613506455,-0.005726556907659219,0.015838732901367836,0.005702066999287325,0.03706343549536717,-0.2173669467787116,1.454541191615718,78.46985214583238
2022-03-23,0.02385965983072924,True,0.025893952306499823,True,0.006888674413037421,True,-0.007855039954334675,True,0.019652586740204203,True,-3.6926208977439146e-05,True,0.0042070730905250375,0.025930878515477263,-0.012763912327166782,-0.027507626694538878,0.006888674413037421,-0.012763912327166782,0.0,-0.002126151665485465,-0.015384615384615441,-0.03636363636363649,-0.21217197096594087,0.9544499296161776,82.45857523568719
2022-03-24,-0.015078839254829335,True,0.009615351497494595,True,-0.02499916409909142,True,-0.03355464916319162,True,-0.014371245383749565,True,0.009775685017594071,True,-0.0007075938710797702,-0.000160333520099476,-0.010627918715341855,-0.019183403779442054,-0.02499916409909142,-0.010627918715341855,-0.005681818181818232,-0.02214285714285713,-0.010122921185827916,-0.010122921185827916,-0.21252796420581666,0.7707637005292214,76.39310789775188
2022-03-25,0.023660414425581866,True,0.007142855825691852,True,0.048663081806112896,True,0.09815100660610931,True,0.02222656863233663,True,-0.0018221150038536527,True,0.0014338457932452364,0.008964970829545504,0.026436513173776266,0.07592443797377268,0.048663081806112896,0.026436513173776266,0.008035062089116307,-0.01666666666666672,-0.01093294460641403,-0.026239067055393694,-0.2086705202312139,0.6631490875803966,26.229379546835588
2022-03-28,0.01903465209007993,True,-0.0035460986415059015,True,-0.0041595991576698355,True,-0.0162700559044624,True,-0.0008338016436383322,True,-0.0012492938857652236,True,0.01986845373371826,-0.002296804755740678,-0.0033257975140315033,-0.015436254260824067,-0.0041595991576698355,-0.0033257975140315033,-0.009579955784819516,-0.0014880952380952328,0.0,0.008941877794336861,-0.20828471411901983,0.4228138923644569,18.68064528389111
2022-03-29,-0.024683114823789154,True,-0.002372356306933443,True,0.007264139044591111,True,0.019030858526380756,True,0.015472024348018865,True,-0.008878197882615013,True,-0.04015513917180802,0.00650584157568157,-0.008207885303427753,0.0035588341783618915,0.007264139044591111,-0.008207885303427753,-0.0044709388971684305,-0.013473053892215536,-0.019345238095238027,0.0,-0.20166567519333722,0.45713877579727813,10.864047301443648
2022-03-30,0.02188780419487535,True,0.00951254361128373,True,0.02260845688995916,True,0.01548588811507945,True,0.01720990770436215,True,0.0016352953570386575,True,0.0046778964905132,0.007877248254245073,0.0053985491855970125,-0.0017240195892826993,0.02188780419487535,0.0046778964905132,0.0015174506828528056,0.017424242424242564,-0.0037091988130564246,-0.01928783382789312,-0.2511363636363636,0.4938885246022278,4.644768942536402
2022-03-31,-0.00870141662770152,True,0.030624131032915614,True,-0.029019722397408132,True,-0.03371016004553251,True,-0.011045664148842449,True,0.010935330043225777,True,0.0023442475211409297,0.019688800989689836,-0.017974058248565683,-0.022664495896690062,-0.029019722397408132,-0.017974058248565683,-0.008190618019359608,-0.006006006006005982,0.0007558578987150177,-0.005291005291005346,-0.21963974433468914,0.6428033274148338,56.511100273008324
2022-04-01,0.0006751704877925313,True,-0.028571451332044195,True,-0.020263670044342597,True,-0.014590294827039552,True,-0.01239477178977011,True,-0.0026543605330607845,True,0.01306994227756264,-0.02591709079898341,-0.007868898254572487,-0.0021955230372694423,-0.014590294827039552,-0.0021955230372694423,-0.00981873111782483,0.012967200610221274,0.009885931558935246,-0.0076045627376425395,-0.1725,0.4455939526770066,30.934987441018393
2022-04-06,-0.035087686558520126,True,0.03647061085371117,True,-0.04310770586270085,True,-0.04965889332579776,True,-0.003972004600092061,True,-0.0038364920322281337,True,-0.031115681958428065,0.040307102885939305,-0.03913570126260879,-0.0456868887257057,-0.04310770586270085,-0.03913570126260879,-0.0060240963855421326,-0.03181818181818186,-0.023682200152788435,-0.0267379679144385,-0.17770897832817345,0.4092989031511749,41.98958922760439
2022-04-07,-0.0055944001845459335,True,-0.018161117612106592,True,-0.02068473587520414,True,-0.0587714992505719,True,-0.021711567988394354,True,-0.00584887340871354,True,0.01611716780384842,-0.012312244203393052,0.0010268321131902125,-0.03705993126217755,-0.02068473587520414,0.0010268321131902125,0.0,-0.04068857589984343,-0.03388494877856574,-0.029156816390858875,-0.16470588235294115,0.7849098421544948,8.395365274983774
2022-04-08,-0.003516187749362909,True,-0.032369872844346115,True,0.00015820820942824554,True,-0.008153304887855484,True,0.0023781361698484993,True,-0.019624433763732352,True,-0.005894323919211408,-0.012745439080613763,-0.0022199279604202538,-0.010531441057703983,-0.003516187749362909,-0.005894323919211408,0.013050570962479524,-0.015297906602254385,0.008244023083264551,-0.025556471558120353,-0.19395134779750156,0.978634334225513,3.151263819612737
2022-04-11,-0.02540576250804094,True,0.007168271064059928,True,-0.023768059530326457,True,-0.04498525989740354,True,-0.013979335519198832,True,0.0061651131566868855,True,-0.011426426988842109,0.0010031579073730423,-0.009788724011127625,-0.031005924378204708,-0.02540576250804094,-0.011426426988842109,-0.0016353229762877675,-0.06552006552006562,-0.026450511945392496,-0.03498293515358364,-0.20584415584415583,0.835574593885523,2.93940851476502
2022-04-12,-0.021723401999953706,True,-0.04389079664114326,True,-0.022483243187821134,True,-0.05199176267395156,True,-0.023656971089517476,True,-0.013663651719089676,True,0.0019335690895637692,-0.030227144922053584,0.001173727901696342,-0.028334791584434083,-0.022483243187821134,0.001173727901696342,-0.0008764241893075564,-0.00877192982456132,-0.007901668129938533,-0.03248463564530302,-0.2614886731391586,0.9384064966802487,0.6287279169456355
2022-04-13,0.0029607669263775893,True,0.011166346331429544,True,-0.005387598100273339,True,-0.018843773648217654,True,-0.00422444991707327,True,-0.0033703507884563777,True,0.007185216843450859,0.014536697119885922,-0.001163148183200069,-0.014619323731144385,-0.005387598100273339,-0.001163148183200069,-0.0035398230088495852,-0.03818827708703376,-0.012762078395624488,0.0027347310847765094,-0.25313945803040316,0.8873920209598767,0.5192211050510451
2022-04-14,0.006642077588266737,True,0.0147239212499235,True,0.023750072510100972,True,0.03250548443659751,True,0.020326775524082574,True,0.018288616178733452,True,-0.013684697935815837,-0.0035646949288099528,0.003423296986018398,0.012178708912514935,0.023750072510100972,0.003423296986018398,0.008310249307479145,0.02838827838827851,0.014453477868112019,-0.0072267389340560095,-0.22808267997148968,1.0885362371134149,0.20865836222796474
2022-04-15,-0.002932548449136152,True,0.024183757334739875,True,-0.030443723467379002,True,-0.04256182464208058,True,-0.02286702966327747,True,-0.00323668544535749,True,0.01993448121414132,0.027420442780097365,-0.007576693804101531,-0.01969479497880311,-0.030443723467379002,-0.007576693804101531,-0.0017809439002670624,0.04192685102586968,0.053201082055906124,0.0928764652840397,-0.15309200603318251,0.9604371888978641,50.55176086831304
2022-04-18,0.0,False,-0.050767429409798726,True,0.0,False,0.0,False,0.0,False,-0.014001832210182474,True,0.0,-0.03676559719961625,0.0,0.0,0.0,0.0,-0.0059931506849315586,0.10680447889750222,0.007843137254901933,-0.009411764705882342,-0.10498084291187748,1.478645844712039,76.84018970579275
2022-04-19,0.000735240803459325,True,-0.017412994511213475,True,0.01712710926292904,True,0.024696640121776303,True,0.0007682899580054858,True,-0.006193215362950699,True,-3.3049154546160864e-05,-0.011219779148262776,0.016358819304923555,0.023928350163770817,0.01712710926292904,0.016358819304923555,-0.0038910505836574627,-0.04296875,-0.028548770816812064,-0.008723235527359208,-0.04032860343539957,1.551673519965317,93.84784465779336
2022-04-20,0.048493814675639735,True,0.03670881968318529,True,0.021295923588055876,True,0.01905165840162848,True,0.022351001580128704,True,0.0055939394058472924,True,0.02614281309551103,0.031114880277337997,-0.0010550779920728282,-0.0032993431785002247,0.021295923588055876,-0.0010550779920728282,0.012244897959183598,0.007258064516129092,0.0,0.01601281024819845,-0.06417112299465244,2.04682258166068,53.529747990300464
2022-04-21,0.007007668156100433,True,0.024420177410955368,True,-0.001818504433078627,True,-0.03225502810361203,True,-0.014584626376966892,True,0.009149461860251229,True,0.021592294533067324,0.01527071555070414,0.012766121943888264,-0.017670401726645135,-0.001818504433078627,0.012766121943888264,-0.015212169735788539,-0.02357723577235782,-0.048335974643423096,-0.06259904912836756,-0.10594130279169645,1.7927232339085064,65.41591841505658
2022-04-22,-0.01670144558312403,True,0.05601892827880128,True,-0.02740775101997517,True,-0.06046929694077141,True,-0.020691008005271128,True,-0.0012205834769419832,True,0.003989562422147097,0.057239511755743266,-0.006716743014704041,-0.03977828893550028,-0.02740775101997517,-0.006716743014704041,0.0024979184013320666,0.019933554817275656,0.01571546732837059,-0.032258064516129115,-0.1488306165839831,1.3860457174258216,32.334163246998514
2022-04-25,-0.02264682889118863,True,-0.06094806883268933,True,-0.022935422593803323,True,-0.03309737694227999,True,-0.02618620807081984,True,-0.006005352636578309,True,0.003539379179631208,-0.05494271619611102,0.0032507854770165157,-0.006911168871460149,-0.022935422593803323,0.0032507854770165157,-0.02280130293159599,-0.0708333333333333,-0.040447504302925874,-0.033562822719449104,-0.12784090909090906,1.376975475993455,56.87130384777007
2022-04-26,0.002896448996207779,True,-0.06009610976355706,True,0.017296455748317507,True,0.019830915752785172,True,0.012846180397285467,True,-0.023740811756913005,True,-0.009949731401077688,-0.036355298006644055,0.00445027535103204,0.006984735355499705,0.017296455748317507,0.00445027535103204,0.011659192825111964,0.00886524822695045,0.0044130626654899086,0.03706972639011474,-0.1855368882395909,1.3606932366258329,14.093511109062277
2022-04-27,-0.025270784969652516,True,0.008951437298837295,True,-0.04263161418371475,True,-0.05597409616015303,True,-0.03774512318337786,True,0.0014372670140345711,True,0.012474338213725344,0.007514170284802724,-0.00488649100033689,-0.01822897297677517,-0.04263161418371475,-0.00488649100033689,-0.011423550087873546,0.10044444444444456,0.05721605465414181,0.032450896669513174,-0.1613854089904201,1.3831114919042815,34.23172773050935
2022-04-28,0.0029629601372613834,True,0.04182518090156884,True,-0.004811642532730365,True,-0.019853007135575917,True,-0.001198151869285069,True,-0.020513294091196843,True,0.004161112006546452,0.06233847499276568,-0.0036134906634452957,-0.01865485526629085,-0.004811642532730365,-0.0036134906634452957,-0.011308562197092087,-0.012254901960784381,0.006661115736885881,0.0,-0.07749627421758576,1.5791577178369924,78.35456784756629
2022-04-29,0.053914364694779504,True,0.0267639173670553,True,0.0570963802007558,True,0.0742326610188282,True,0.035515859479640755,True,0.007117019065411956,True,0.01839850521513875,0.019646898301643345,0.02158052072111505,0.03871680153918744,0.0570963802007558,0.02158052072111505,0.009098428453267138,0.06557377049180335,0.06907894736842102,0.061677631578947345,-0.08270106221547802,1.1202257859580917,56.406213362892565
2022-05-05,0.01751927063632186,True,0.003554501282410083,True,0.025613322705452468,True,0.027904231258629286,True,0.004847496303300058,True,0.008919289954004705,True,0.012671774333021801,-0.0053647886715946225,0.02076582640215241,0.023056734955329228,0.025613322705452468,0.02076582640215241,-0.002307692307692233,0.04009252120277562,0.03450920245398792,0.0076687116564417845,-0.03201787043931492,1.5110757905091892,84.19351417169909
2022-05-06,-0.00826452034781,True,0.0035418201136867555,True,-0.046947223921994574,True,-0.07327626885731964,True,-0.05036431343221226,True,0.007864928101130708,True,0.04209979308440226,-0.004323107987443953,0.0034170895102176857,-0.022911955425107378,-0.046947223921994574,0.0034170895102176857,-0.036323202372127494,0.013076923076922986,0.0007598784194529085,0.022796352583586588,0.018882175226585973,1.26485531036572,90.6273401294607
2022-05-09,0.008333391834189907,True,-0.037647020447257984,True,-0.010251883030836906,True,-0.008968376517736742,True,-0.011980970015358583,True,-0.017244721330146318,True,0.02031436184954849,-0.020402299117111666,0.0017290869845216772,0.0030125934976218405,-0.008968376517736742,0.0030125934976218405,-0.004555808656036442,0.034324942791762014,-0.005135730007336803,-0.008804108584005932,-0.008283132530120474,0.7744706300657815,59.17012071637002
2022-05-10,-0.0351239815980271,True,0.020782453961683878,True,-0.05062962133034077,True,-0.09236963153613931,True,-0.039126676015020956,True,-0.021896327079235056,True,0.004002694416993857,0.042678781040918934,-0.011502945315319812,-0.05324295552111835,-0.05062962133034077,-0.011502945315319812,-0.02286135693215341,0.05283018867924527,0.018248175182481674,0.02116788321167884,0.06103286384976525,0.8596560170699047,77.88279750162908
2022-05-11,0.006423993655785498,True,-0.017963973548509427,True,0.02585002835133321,True,0.038053282029616886,True,0.012148536483238548,True,0.0007963323077013751,True,-0.00572454282745305,-0.0187603058562108,0.013701491868094662,0.025904745546378338,0.02585002835133321,0.013701491868094662,-0.005734767025089571,0.017303532804614274,0.0007092198581559739,-0.0035460992907800915,0.13784665579119082,0.7182750697234275,88.46028980856562
2022-05-12,-0.013475214816824899,True,0.0024389919085312517,True,-0.030670869880543017,True,-0.05484536769229498,True,-0.02965817961721151,True,-0.0034523241399240234,True,0.016182964800386612,0.005891316048455275,-0.001012690263331506,-0.025187188075083466,-0.030670869880543017,-0.001012690263331506,-0.007795889440113335,-0.008571428571428563,-0.007862759113652529,-0.005003573981415266,0.1537203597710548,0.9061210147870584,91.71240766111497
2022-05-13,-0.027318484443521807,True,0.0,True,0.004734877214092492,True,-0.027360142527854014,True,-0.002364273261368788,True,-0.02433863725107377,True,-0.02495421118215302,0.02433863725107377,0.00709915047546128,-0.024995869266485227,-0.027318484443521807,-0.02495421118215302,0.016023306627822143,0.04659498207885315,0.02961918194640334,0.05853314527503528,0.2164767747589833,0.5660355768712245,50.66335345395194
2022-05-16,0.0354767557563902,True,0.04014587605058284,True,0.052426439463337804,True,0.09465225907660524,True,0.03705997880157019,True,0.01382242294021574,True,-0.0015832230451799933,0.0263234531103671,0.015366460661767611,0.057592280275035046,0.052426439463337804,0.015366460661767611,0.0034246575342467,-0.00887372013651877,-0.021563342318059342,-0.03234501347708896,0.3061516991847546,0.845346205281803,88.8456956648753
2022-05-17,0.002141308528271546,True,0.007017451368624528,True,-0.016145729537714093,True,-0.024963439855317016,True,-0.01159162012809678,True,0.0043265325608521366,True,0.013732928656368326,0.002690918807772391,-0.004554109409617313,-0.013371819727220235,-0.016145729537714093,-0.004554109409617313,-0.0006887052341597588,0.019986216402481105,0.01718213058419238,-0.003436426116838587,0.35536843493743775,0.6404535205877392,77.77601794979715
2022-05-18,0.05698007071997724,True,0.01161451970581484,True,0.04783169460299552,True,0.05288492045707183,True,0.025901211452170392,True,0.00975092222311269,True,0.031078859267806846,0.0018635974827021506,0.02193048315082513,0.026983709004901435,0.05288492045707183,0.026983709004901435,-0.0033783783783783994,-0.02033898305084747,-0.0006915629322269412,-0.008990318118948903,0.33229735768708046,0.6931908185313906,88.1292351699916
2022-05-19,-0.022911061259564658,True,-0.019517849132118625,True,-0.0477782165053493,True,-0.0681633173426952,True,-0.04908997426356432,True,0.014995587976621927,True,0.02617891300399966,-0.03451343710874055,0.0013117577582150153,-0.01907334307913089,-0.0477782165053493,0.0013117577582150153,-0.01799307958477503,0.025369978858351017,0.01890756302521024,0.0070028011204483764,0.25067425995368886,0.563454524844186,40.713025517928955
2022-05-20,-0.025517233486833213,True,-0.03278690754673763,True,0.00026318035483519076,True,0.010981301066911309,True,-0.005358715718095097,True,-0.016968915060745826,True,-0.020158517768738116,-0.015817992485991805,0.005621896072930288,0.016340016785006406,0.00026318035483519076,0.005621896072930288,-0.0013745704467355013,-0.0233998623537508,-0.004210526315789553,-0.004210526315789553,0.14466676414616164,0.36841586324043446,54.65435935047155
2022-05-23,-0.019815975279790066,True,-0.012106378607710688,True,0.0004823932301154521,True,-0.02511085538967961,True,-0.0031076479636631404,True,0.007773208927529085,True,-0.016708327316126925,-0.019879587535239773,0.0035900411937785925,-0.02200320742601647,-0.019815975279790066,-0.016708327316126925,-0.002114164904862492,0.019067796610169552,0.02123142250530785,0.04812455767869772,0.1710232401966889,1.0236661213901168,20.294367399357114
2022-05-24,0.0050541294509907075,True,0.0036762793657205695,True,0.008020333974911642,True,0.012220085438953365,True,0.01662741929771072,True,0.00071605169169775,True,-0.011573289846720014,0.0029602276740228195,-0.00860708532279908,-0.004407333858757356,0.008020333974911642,-0.00860708532279908,0.0,-0.01524601524601521,-0.03464673913043481,-0.029211956521739246,0.1679469050164344,0.5981561730491339,56.640183173577036
2022-05-25,0.0057471209243953325,True,-0.030524961707977805,True,-0.026391423542275527,True,-0.0440290549260689,True,-0.021262036241538884,True,-0.011932123013287388,True,0.027009157165934217,-0.018592838694690417,-0.005129387300736643,-0.022767018684530016,-0.026391423542275527,-0.005129387300736643,-0.011259676284306797,0.027046263345195554,0.0055749128919859725,-0.0034843205574912606,0.19610767735331058,0.8469664725161468,30.849754686449003
2022-05-26,-0.012142862592424697,True,0.005037717036098677,True,0.02081015166287359,True,0.05082376608182693,True,0.013995147248289319,True,0.008795016650703147,True,-0.026138009840714016,-0.00375729961460447,0.006815004414584269,0.03682861883353761,0.02081015166287359,0.006815004414584269,0.0006930006930006005,0.03601108033241007,0.050561797752809,0.057584269662921406,0.18791993840840915,0.5343258481583991,63.80849273203239
2022-05-27,0.013738288872434223,True,-0.04636584108408859,True,0.03342228442442119,True,0.05160504630412088,True,0.02770713586679352,True,-0.008395426052787758,True,-0.013968846994359296,-0.03797041503130083,0.0057151485576276695,0.023897910437327363,0.03342228442442119,0.0057151485576276695,-0.0013368983957220415,-0.02208835341365467,-0.024048096192384905,0.026720106880427474,0.3563629979960954,0.8533565238438234,89.02111945011671
2022-05-30,0.030670423499405075,True,0.01971090135226916,True,0.039664718164194035,True,0.053778600696596124,True,0.0326397841981112,True,0.01862313312763475,True,-0.001969360698706124,0.0010877682246344111,0.007024933966082836,0.021138816498484925,0.039664718164194035,0.007024933966082836,0.002053388090349051,0.0792349726775956,0.04290429042904287,0.035643564356435675,0.29785794877764804,1.1345946713164723,46.36282515746688
2022-05-31,0.0,False,0.04252586168350847,True,0.0,False,0.0,False,0.0,False,0.021172676863580042,True,0.0,0.021353184819928428,0.0,0.0,0.0,0.0,-0.006962025316455733,0.002549394518801762,0.008333333333333304,0.03525641025641013,0.29019587698035987,1.3942484034794504,87.40471491198029
2022-06-01,-0.011072653946301081,True,0.004944405948489772,True,-0.0041530029864298434,True,-0.007389119680098033,True,-0.002653152672310366,True,0.0118689369105347,True,-0.008419501273990715,-0.006924530962044928,-0.0014998503141194774,-0.004735967007787667,-0.007389119680098033,-0.004735967007787667,-0.005085823267641398,0.021086261980830745,-0.011750154607297558,-0.01546072974644419,0.3152903360548791,0.9236749816788332,80.18628685742985
2022-06-02,-0.002099351508136782,True,-0.0036901307578628417,True,-0.01643646163258672,True,-0.01885196810932488,True,-0.007395725329362168,True,-0.007893949714940729,True,0.005296373821225386,0.004203818957077887,-0.00904073630322455,-0.011456242779962711,-0.01643646163258672,-0.00904073630322455,0.005006257822277815,-0.00996264009962633,0.005056890012642201,0.022756005056890016,0.2426608900347096,0.9873864853086354,87.5377756693827
2022-06-06,0.01332395352971183,True,0.0012345038028089839,True,0.004822059903150544,True,0.021833778555468975,True,0.000653326198062798,True,-0.0073474585383371815,True,0.012670627331649031,0.008581962341146165,0.004168733705087746,0.021180452357406176,0.01332395352971183,0.012670627331649031,-0.012578616352201366,0.030573248407643305,-0.002466091245376001,0.03082614056720101,0.19152835582179017,0.6300609413481433,70.73991617282782
2022-06-07,0.022145373890825715,True,-0.017262603038152413,True,0.0008274311079150554,True,0.0035258101930832897,True,0.0033314885384563286,True,0.0032255186954064374,True,0.018813885352369386,-0.02048812173355885,-0.0025040574305412733,0.00019432165462696105,0.0035258101930832897,0.00019432165462696105,0.0,0.005562422744128437,-0.01810500905250456,0.0006035003017499374,0.24197241431202832,1.530077928447632,87.51302755124166
2022-06-08,-0.008801632390782022,True,0.007528228914909896,True,0.007977856680628115,True,0.00745257853181891,True,0.008625921848690599,True,-0.005605220828552193,True,-0.01742755423947262,0.013133449743462089,-0.0006480651680624838,-0.001173343316871689,0.00745257853181891,-0.001173343316871689,0.008604794099569713,-0.022547227300426576,-0.027289266221952713,-0.043662825955124274,0.21296165215387863,1.1144870536891087,90.87551629133654
2022-06-09,-0.0006830757272759946,True,-0.0062267127607440464,True,-0.02083243926269429,True,-0.01448079225618637,True,-0.007196836234271808,True,0.009545815027212967,True,0.006513760506995814,-0.015772527787957014,-0.013635603028422483,-0.007283956021914562,-0.01448079225618637,-0.007283956021914562,0.0012468827930174342,0.007471980074719831,0.023402909550917173,0.005060088551549713,0.1623833052518051,1.1141256553972188,38.24214179717018
2022-06-10,-0.009569401382612641,True,0.058897296378166875,True,-0.02659462816576974,True,-0.03217470127188171,True,-0.02678457915707344,True,-0.0029495151957734667,True,0.0172151777744608,0.06184681157394034,0.00018995099130370008,-0.005390122114808271,-0.02659462816576974,0.00018995099130370008,-0.019159456118665097,0.0655324511657216,0.041897720271102834,0.03758471965495991,0.15923293384049697,1.0105436263813385,63.78029292482393
2022-06-13,-0.04485849750155757,True,0.09940825972669476,True,-0.037001927161973036,True,-0.05950799142081864,True,-0.035270485449098055,True,-0.009699621368708278,True,-0.009588012052459516,0.10910788109540304,-0.0017314417128749815,-0.024237505971720585,-0.04485849750155757,-0.009588012052459516,-0.006505026611472453,0.008928571428571397,0.009529481834425368,0.0005955926146516966,0.23161040392858756,1.353705222413718,93.18208279886991
2022-06-14,-0.05202314010771003,True,0.008611463782939754,True,-0.05558045556510782,True,-0.07817853919401074,True,-0.04649632456538988,True,-0.023641303477237363,True,-0.0055268155423201515,0.03225276726017712,-0.009084130999717943,-0.031682214628620864,-0.05558045556510782,-0.009084130999717943,-0.008849557522123797,0.011904761904761862,0.007705986959098965,0.009484291641967957,0.1609589041095889,0.8525869438887943,93.7390577459642
2022-06-15,0.01448174814900316,True,-0.02881527760041036,True,0.007332749947735806,True,0.012078913036109196,True,0.0018152985021508972,True,-0.0014691295038539165,True,0.012666449646852262,-0.027346148096556444,0.005517451445584909,0.010263614533958298,0.012078913036109196,0.010263614533958298,0.0,-0.0405882352941177,-0.03376777251184837,-0.03495260663507105,0.1707988980716253,0.8481728079907304,94.80088398971914
2022-06-16,0.02404204994258241,True,-0.03736265195277366,True,0.01831589880315132,True,0.04363485419782198,True,0.02497207812101232,True,-0.002998629484837534,True,-0.0009300281784299091,-0.03436402246793613,-0.006656179317861,0.018662776076809662,0.02404204994258241,-0.0009300281784299091,0.0,-0.003065603923972815,-0.010948905109488982,-0.009124087591241059,0.10202702702702693,1.0123802346105102,16.6878588743821
2022-06-17,-0.07997066349493576,True,-0.051369933259208356,True,-0.05926299943974245,True,-0.056029588260626095,True,-0.04034651425640945,True,-0.01004044867337528,True,-0.03962414923852631,-0.041329484585833076,-0.018916485183333,-0.015683074004216646,-0.05926299943974245,-0.018916485183333,-0.010455104551045591,0.02237414543194527,0.007965686274509665,-0.01041666666666674,0.12525951557093418,0.6283425278312073,14.907649246811516
2022-06-20,0.011961692104192734,True,-0.04091458039714069,True,0.008187034226740275,True,0.01788342780836949,True,0.01215982655235237,True,-0.012460094765702201,True,-0.000198134448159637,-0.028454485631438486,-0.003972792325612096,0.005723601256017119,0.011961692104192734,-0.000198134448159637,0.003039513677811634,-0.06606060606060604,-0.03987538940809976,-0.016199376947040545,0.13058419243986252,0.6056611989261796,53.006986208010915
2022-06-21,0.0,False,-0.021329949533559822,True,0.0,False,0.0,False,0.0,False,-0.017497291880636756,True,0.0,-0.003832657652923066,0.0,0.0,0.0,0.0,-0.005840363400389403,0.020234986945169675,-0.009505703422053147,-0.012674271229404233,0.08597603946441157,1.9110813814678158,8.981820458972052
2022-06-22,-0.0078801758157655,True,0.03717954230038156,True,0.028349096903512727,True,0.04319900141836319,True,0.025229131267961558,True,0.023494887840308065,True,-0.03310930708372706,0.013684654460073498,0.0031199656355511696,0.017969870150401634,0.028349096903512727,0.0031199656355511696,0.004478566858605149,-0.037579617834394896,-0.033269353806781865,-0.008317338451695466,0.08316008316008316,1.3384921675970287,32.6483857444977
2022-06-23,-0.008737141304081097,True,-0.028430118800920057,True,-0.014091162025840265,True,-0.012435000672705754,True,-0.0014585261691067997,True,-0.024216312214600078,True,-0.007278615134974298,-0.004213806586319979,-0.012632635856733465,-0.010976474503598954,-0.012435000672705754,-0.010976474503598954,0.006618133686300487,0.0604865220249835,0.024777636594663255,0.04574332909783996,0.06333567909922588,1.20843936516756,14.64587515690583
2022-06-24,-0.035256377926473514,True,0.011450278630278587,True,-0.005179773188639936,True,-0.008251712157414937,True,0.014892874960502844,True,-0.011161868698180477,True,-0.05014925288697636,0.022612147328459065,-0.02007264814914278,-0.02314458711791778,-0.008251712157414937,-0.02314458711791778,0.0018598884066955979,-0.016707920792079167,-0.03755299818291946,-0.06420351302241079,0.11781011781011785,1.1895466800070045,73.01659025920577
2022-06-27,0.03322255978385491,True,0.04402520931285614,True,0.04213667637989693,True,0.05553132326481647,True,0.03426373596906518,True,0.008360318969414138,True,-0.0010411761852102686,0.035664890343442,0.007872940410831752,0.02126758729575129,0.04213667637989693,0.007872940410831752,0.0037759597230961894,-0.04514106583072097,-0.026837060702875393,-0.07731629392971251,0.0621657754010696,0.9875339644521943,55.239480577271905
2022-06-28,0.026527402613481632,True,0.05816816335122965,True,-0.003330860829386384,True,-0.015006447274842682,True,-0.007331952274411968,True,0.015989304812834115,True,0.0338593548878936,0.042178858538395536,0.004001091445025584,-0.007674495000430714,-0.003330860829386384,0.004001091445025584,-0.005252790544977071,0.0026402640264024946,0.05927475592747555,0.04532775453277549,0.042436687200547496,1.9059762122551973,23.616032212022063
2022-06-29,-0.020360236457451775,True,-0.011695796590793117,True,-0.025204278459105334,True,-0.05258147963590831,True,-0.030466272481212586,True,-0.006952005136308559,True,0.010106036023760812,-0.004743791454484558,0.0052619940221072525,-0.022115207154695726,-0.025204278459105334,0.0052619940221072525,-0.012508229098090795,-0.01666666666666672,-0.009402283411685697,0.009402283411685586,-0.038607594936708955,1.9368288527773063,22.083618838300524
2022-06-30,-0.00959231681563344,True,0.0,True,-0.01761819845274959,True,-0.0275311580692289,True,0.0009165870458494041,True,-0.01293983648059216,True,-0.010508903861482843,0.01293983648059216,-0.018534785498598993,-0.028447745115078305,-0.01761819845274959,-0.018534785498598993,0.0006779661016949046,0.0,-0.00939597315436247,-0.012751677852348986,-0.062301335028607796,1.0267675459329308,9.09707658714592
2022-07-01,0.008878099566520747,True,-0.09940837441175165,True,-0.012505383290266958,True,-0.02464283674875256,True,-0.012402854856087941,True,-0.027191330864565044,True,0.02128095442260869,-0.07221704354718661,-0.00010252843417901669,-0.01223998189266462,-0.012505383290266958,-0.00010252843417901669,0.0,-0.0060975609756097615,-0.004748982360922693,-0.026458616010854863,-0.07634543178973718,0.8183201271684964,11.463661899109084
2022-07-04,-0.026399993896484397,True,-0.09986858627404238,True,-0.03799147529408531,True,-0.041955295305141194,True,0.00660019340195106,True,-0.03255491468985905,True,-0.03300018729843546,-0.06731367158418333,-0.04459166869603637,-0.048555488707092254,-0.03799147529408531,-0.04459166869603637,0.0013633265167007913,-0.025867937372362038,0.0,-0.016771488469601636,-0.07735849056603772,0.5540266251967926,7.805760230871428
2022-07-05,0.0,False,-0.010219025021603545,True,0.0,False,0.0,False,0.0,False,-0.008786153819547948,True,0.0,-0.0014328712020555967,0.0,0.0,0.0,0.0,-0.002096436058700246,-0.07282913165266103,-0.03779069767441856,-0.013081395348837233,-0.11557478368356,0.9964696678086885,2.197138759453054
2022-07-06,-0.022185740022270695,True,-0.016224025756672256,True,0.005255392891419852,True,0.030365604712771166,True,0.01711961695730846,True,0.009294511593376908,True,-0.039305356979579154,-0.025518537350049164,-0.011864224065888607,0.013245987755462707,0.005255392891419852,-0.011864224065888607,0.0015105740181269312,0.018853695324283493,-0.009530791788856408,-0.02052785923753675,-0.18623232944068835,2.6362765845721485,0.41681768478474623
2022-07-07,-0.012605010364596936,True,0.01649158566730713,True,0.006801390798035101,True,0.011093374519192567,True,0.006412299746540784,True,-0.02534569346982196,True,-0.01901731011113772,0.04183727913712909,0.0003890910514943169,0.004681074772651783,0.006801390798035101,0.0003890910514943169,0.0007401924500369805,-0.013313609467455634,-0.0037341299477222645,0.0037341299477220424,-0.1577306733167082,1.2800502103037228,29.320080679372694
2022-07-08,0.017021260362990454,True,0.026548779834141056,True,0.04617855353021727,True,0.04811619359921737,True,0.021398968818945763,True,0.025080227428472712,True,-0.004377708455955309,0.001468552405668344,0.024779584711271507,0.02671722478027161,0.04617855353021727,0.024779584711271507,0.0037481259370315545,-0.011949215832711024,-0.009730538922155585,-0.011227544910179521,-0.1755253399258344,0.7028186609067694,21.472197628231257
2022-07-11,0.0050209556966001045,True,0.0344827137952195,True,0.005397128802855811,True,-0.0012611277666295662,True,0.0012543835771263723,True,0.008946591155245764,True,0.0037665721194737323,0.025536122639973735,0.004142745225729438,-0.0025155113437559384,0.0050209556966001045,0.0037665721194737323,-0.009070294784580546,-0.015255530129671957,-0.01072796934865905,-0.019157088122605415,-0.21762270845653453,0.7009734264488207,15.948017563440999
2022-07-12,-0.018318090161209888,True,0.013889072144134484,True,-0.02396476870107045,True,-0.04331343733431292,True,-0.02136447345061221,True,-0.008572694560825989,True,0.0030463832894023213,0.022461766704960473,-0.00260029525045824,-0.02194896388370071,-0.02396476870107045,-0.00260029525045824,-0.005422153369481042,-0.010124610591900285,-0.0007861635220125507,-0.007861635220125951,-0.23834808259587015,0.768892294169451,6.387251988993569
2022-07-13,0.005089094131538019,True,-0.05068499206168542,True,-0.0003928324440576336,True,-0.0046198963764749745,True,-0.00968720940483725,True,-0.02718938203925536,True,0.014776303536375268,-0.023495610022430058,0.009294376960779616,0.005067313028362275,-0.0003928324440576336,0.009294376960779616,0.0031471282454760274,-0.018039215686274535,-0.005559968228753043,-0.000794281175536149,-0.25235294117647045,0.5515294302324527,3.6511738733472328
2022-07-14,0.0016877218097501867,True,0.050504949400614674,True,0.00790914796322717,True,0.005436795655590965,True,-0.0020614053602882043,True,0.026813114196382548,True,0.003749127170038391,0.023691835204232126,0.009970553323515374,0.007498201015879169,0.005436795655590965,0.007498201015879169,-0.005591054313099031,0.01686746987951815,-0.001577287066246047,-0.003154574132492094,-0.232372777437155,0.7305827807164975,2.0128922268626894
2022-07-15,-0.004212316025014706,True,0.07142860101901194,True,0.021104549361615765,True,0.013716833155921648,True,0.003570664180579053,True,0.007947112691764957,True,-0.007782980205593759,0.06348148832724698,0.017533885181036712,0.010146168975342595,0.013716833155921648,0.010146168975342595,0.0007898894154818592,0.0047355958958168465,0.0,-0.02435192458758839,-0.2214022140221401,0.8713725168424812,41.0157561376663
2022-07-18,0.06429782136243434,True,0.0012820294711153313,True,0.025250560166584002,True,0.025370763632232674,True,0.018139676843940356,True,0.007763994479827119,True,0.04615814451849398,-0.0064819650087117875,0.007110883322643646,0.007231086788292318,0.025370763632232674,0.007231086788292318,0.0015710919088767206,0.01098039215686275,0.027091633466135523,0.031075697211155218,-0.22613981762917923,0.9047539190699553,57.80935356647681
2022-07-19,-0.015103305368489028,True,0.0064021329566537055,True,-0.007402628302282999,True,0.021507306325061926,True,-0.008462710094342185,True,0.011615967559372331,True,-0.006640595274146843,-0.0052138346027186255,0.0010600817920591865,0.02997001641940411,-0.007402628302282999,0.0010600817920591865,0.005430566330488773,0.040895061728394966,0.030557677616501078,0.04660045836516424,-0.16353017521090207,1.119020024355515,81.66856589544892
2022-07-20,0.04196928891689611,True,0.008905796278447342,True,0.045684912706869474,True,0.05533846764929029,True,0.030753168353866434,True,-0.0017364263611719943,True,0.011216120563029675,0.010642222639619336,0.01493174435300304,0.024585299295423857,0.045684912706869474,0.01493174435300304,0.007412898443291294,-0.011037527593819041,-0.006651884700665134,0.006651884700665134,-0.13691618682021756,1.7745785999793053,96.50251670647081
2022-07-21,0.02168859305039561,True,0.03404800537910346,True,0.023548840092275647,True,0.04796357583617694,True,0.01585652654368075,True,0.0026636338055463504,True,0.005832066506714861,0.03138437157355711,0.007692313548594898,0.03210704929249619,0.023548840092275647,0.007692313548594898,0.0022321428571430157,-0.0044543429844098315,-0.00666666666666671,-0.013333333333333308,-0.11052283256121764,1.1770054732913626,85.03412799309537
2022-07-22,-0.0015162626782111444,True,0.00853643937216475,True,0.01678434341474766,True,0.01364639861553174,True,0.014355006613046672,True,0.013878871865417253,True,-0.015871269291257817,-0.0053424324932525025,0.0024293368017009875,-0.0007086079975149318,0.01364639861553174,-0.0007086079975149318,0.0037285607755406236,-0.0208023774145617,-0.0075301204819276935,-0.036144578313252906,-0.16862988220706765,0.8117928290614241,74.42106179441907
2022-07-25,-0.02885346334393113,True,0.00604602902790452,True,-0.022627469173028714,True,-0.04049879432260728,True,-0.017535376331656805,True,0.0007805857727456456,True,-0.011318087012274325,0.005265443255158875,-0.005092092841371909,-0.022963417990950474,-0.02885346334393113,-0.011318087012274325,-0.009863429438543125,-0.0812260536398468,-0.04992076069730578,-0.04120443740095081,-0.17054751415984903,0.6497045851918883,25.54137319740805
2022-07-26,-0.005473001957231993,True,-0.014423012442949745,True,-0.006173585513726931,True,-0.017033277268484248,True,-0.0056954141876278674,True,-0.0008716274898101783,True,0.0002224122303958742,-0.013551384953139567,-0.0004781713260990639,-0.01133786308085638,-0.006173585513726931,-0.0004781713260990639,0.0016680567139282232,-0.009159034138218058,-0.007506255212677226,-0.01834862385321101,-0.21273801707156925,2.4752522517471878,3.2760289090686996
2022-07-27,-0.0007861814993633809,True,-0.017073246531810082,True,-0.015086317292207552,True,-0.028841549917954734,True,-0.019648890667696928,True,-0.00867346958790316,True,0.018862709168333547,-0.008399776943906923,0.004562573375489376,-0.009192659250257806,-0.015086317292207552,0.004562573375489376,-0.008403361344537785,-0.01016949152542379,-0.012679628064243498,0.024513947590870666,-0.21658986175115202,1.414709325449172,2.8943782614929887
2022-07-28,0.030684527313314947,True,0.017369805503378855,True,0.04680815198176247,True,0.07602977116865417,True,0.04225971901861758,True,0.007753851154154168,True,-0.011575191705302634,0.009615954349224687,0.004548432963144888,0.03377005215003659,0.04680815198176247,0.004548432963144888,0.009417808219178037,0.0797285835453776,0.047736625514403386,0.031275720164609,-0.20813559322033892,1.3383974351842056,1.844086847006949
2022-07-29,0.02595413656586687,True,-0.008536715212775214,True,0.012222334273713109,True,0.010905012611850395,True,0.00977781741149597,True,-0.0019896977088829093,True,0.0161763191543709,-0.006547017503892305,0.0024445168622171387,0.001127195200354425,0.012222334273713109,0.0024445168622171387,-0.011783189316575071,-0.038155802861685295,-0.02733118971061088,-0.022508038585209,-0.1375338753387534,2.510929234189704,78.01061754840299
2022-08-01,0.006696440133767023,True,0.0,True,0.008333424227292774,True,0.009953171691093665,True,0.018237210444826513,True,0.007263674819037558,True,-0.01154077031105949,-0.007263674819037558,-0.009903786217533739,-0.008284038753732847,0.008333424227292774,-0.009903786217533739,-0.0016528925619834212,0.07201986754966883,0.031872509960159334,0.0,-0.17518745739604635,1.8725114122720399,40.395521641035785
2022-08-02,0.012564676988106038,True,-0.002459982850786857,True,0.0020239248562905487,True,0.01530583415141007,True,-0.0006022519997416209,True,-0.0012253197771469049,True,0.01316692898784766,-0.0012346630736399522,0.0026261768560321697,0.01590808615115169,0.012564676988106038,0.01316692898784766,-0.02316602316602312,0.02450592885375502,0.007776049766718529,0.015552099533437058,-0.0950384346610762,1.838197886471938,74.0976050999096
2022-08-03,-0.011678821141581586,True,-0.008631265481371386,True,-0.0020619647901327642,True,0.004609561980510657,True,-0.0029817970376249114,True,-0.01564976676282792,True,-0.008697024103956674,0.007018501281456535,0.0009198322474921472,0.007591359018135568,-0.0020619647901327642,0.0009198322474921472,0.005401234567901092,-0.02609363008442056,-0.010140405616224757,-0.012480499219968855,-0.02114803625377648,2.0034391241732648,74.43769129520291
2022-08-04,-0.0022156375964336172,True,-0.006218986885708988,True,0.023908914325758257,True,0.01980962960727406,True,0.02723263378692997,True,0.0020199767382169664,True,-0.02944827138336359,-0.008238963623925954,-0.0033237194611717147,-0.007423004179655912,0.01980962960727406,-0.007423004179655912,0.004728132387706863,-0.0039215686274510775,0.0151878497202238,0.039168665067945696,-0.060695780903034735,1.7206035461813713,43.55642626993915
2022-08-05,0.22353815000739075,True,-0.09887361112251336,True,0.010172153300332276,True,0.01704353755437249,True,0.004676222060874702,True,-0.005063222375748633,True,0.21886192794651604,-0.09381038874676473,0.005495931239457574,0.012367315493497788,0.01704353755437249,0.012367315493497788,0.0,0.052755905511810974,0.015957446808510634,0.0075987841945288626,-0.04797601199400292,1.0527482785137763,45.239246914315274
2022-08-08,0.015124016310657185,True,0.0,True,-0.006808232375386858,True,-0.011761547548129636,True,-0.008168579864275438,True,0.022706794854856938,True,0.023292596174932623,-0.022706794854856938,0.0013603474888885803,-0.003592967683854198,-0.006808232375386858,0.0013603474888885803,0.0037397157816005944,0.0022354694485842153,0.025934401220442327,0.006102212051868783,0.010582010582010692,1.5649582043204084,89.03711527053706
2022-08-09,-0.028009606762243955,True,0.02638886009163599,True,-0.01728105169412575,True,-0.06298387644869252,True,-0.0032325018605079414,True,-0.0010394946257056281,True,-0.024777104901736013,0.02742835471734162,-0.014048549833617807,-0.05975137458818458,-0.028009606762243955,-0.024777104901736013,-0.011152416356877248,0.0,0.01371951219512213,0.007621951219512368,0.041828040278853784,1.0970416948744102,90.7952112055911
2022-08-10,-0.03678721320919076,True,0.04871457221495068,True,-0.04185286703870694,True,-0.039734700237784915,True,-0.011318723698455102,True,0.0019886352554141506,True,-0.02546848951073566,0.04672593695953653,-0.03053414334025184,-0.028415976539329812,-0.039734700237784915,-0.028415976539329812,-0.012781954887218006,-0.012185833968012205,-0.009923664122137299,0.006106870229007688,0.046420141620771016,0.8962830705976931,56.69810444283314
2022-08-11,0.03373645650440782,True,0.02322580017511422,True,0.04049871471185762,True,0.05917114936345702,True,0.02791125691139551,True,-0.00739260267357722,True,0.005825199593012309,0.03061840284869144,0.01258745780046211,0.03125989245206151,0.04049871471185762,0.01258745780046211,0.0023130300693907646,0.026153846153846194,0.007552870090634434,0.0,0.03594249201277955,0.714118161047365,21.376394542924146
2022-08-12,-0.013546755939353394,True,-0.0037832279145952885,True,-0.0002095252251462787,True,-0.008564841952277802,True,-0.005676341900191506,True,0.017325774130194427,True,-0.007870414039161888,-0.021109002044789715,0.005466816675045227,-0.002888500052086296,-0.008564841952277802,-0.002888500052086296,0.011994002998500841,-0.028148148148148255,-0.016491754122938573,-0.021739130434782594,0.05371248025276465,1.0523023145195955,67.19892360135722
2022-08-15,0.03495627028343762,True,-0.0050631101684327495,True,0.028244570392777835,True,0.04274870846534684,True,0.019470496839662843,True,0.005995592766709024,True,0.015485773443774775,-0.011058702935141773,0.008774073553114992,0.023278211625683998,0.03495627028343762,0.015485773443774775,-0.009146341463414531,0.012307692307692353,0.0022848438690021844,0.0007616146230007281,0.03063629222309494,0.7826961184270851,39.6905778608119
2022-08-16,-0.004825085891084435,True,0.02417290301984787,True,0.004523784068872105,True,0.017264375312026292,True,0.008081406057776297,True,0.00839689561223067,True,-0.012906491948860732,0.0157760074076172,-0.0035576219889041916,0.009182969254249995,0.004523784068872105,-0.0035576219889041916,0.0,-0.006838905775075954,-0.003810975609755962,-0.01753048780487798,0.02094647013188511,0.5907414299557815,47.50485176904425
2022-08-17,-0.005454554702296388,True,0.022360244025979137,True,-0.011278837525781515,True,-0.008038733534007414,True,-0.002341768273311784,True,0.0002089012188606354,True,-0.003112786428984604,0.0221513428071185,-0.008937069252469731,-0.00569696526069563,-0.008038733534007414,-0.00569696526069563,-0.004590665646518777,0.01460415065334364,0.024844720496894235,0.01940993788819867,-0.031134173461823678,0.45938297669003997,30.008175210366403
2022-08-18,-0.007921947713308675,True,0.004860276553794396,True,-0.021460698007853107,True,-0.028815469187390974,True,-0.011405927430648721,True,0.002910390595354251,True,0.0034839797173400466,0.0019498859584401451,-0.010054770577204386,-0.017409541756742253,-0.021460698007853107,-0.010054770577204386,-0.004545454545454408,-0.004566210045662156,-0.0022883295194507935,0.045003813882532384,-0.017857142857142905,0.6533927292016113,66.08950616421765
2022-08-19,0.035012264790123204,True,0.0036275080144050342,True,0.013963965086774666,True,0.023888696673622256,True,0.002404841970863103,True,-0.004441540906990227,True,0.0326074228192601,0.008069048921395261,0.011559123115911563,0.021483854702759153,0.023888696673622256,0.021483854702759153,0.000764525993883769,0.016042780748663166,-0.020618556701030855,-0.02577319587628868,-0.02460850111856827,0.4290332325940189,33.86241718313529
2022-08-22,-0.019584564761729095,True,0.0012048897594907348,True,-0.028163716595178356,True,-0.04921933241719878,True,-0.019497467735397178,True,0.0007807167219260336,True,-8.709702633191707e-05,0.00042417303756470126,-0.008666248859781178,-0.029721864681801602,-0.028163716595178356,-0.008666248859781178,-0.007518796992481258,0.011363636363636465,-0.0074349442379182396,-0.008178438661709975,0.009104704097116834,1.191202154787302,76.27750483033624
2022-08-23,-0.008474654547075189,True,0.0024067887647503117,True,-0.0348525233595961,True,-0.0456610874500184,True,-0.026326891361771132,True,-0.010619959665600032,True,0.017852236814695943,0.013026748430350343,-0.008525631997824967,-0.01933419608824727,-0.0348525233595961,-0.008525631997824967,-0.004494382022471988,-0.021820917983446098,-0.034175334323922835,-0.029717682020802383,0.11342785654712273,0.7980976075855758,81.63193039990986
2022-08-24,0.0,True,-0.012004869179935596,True,0.006481413276810288,True,0.008629906269541632,True,-0.0008270234415587163,True,-0.009790005433980897,True,0.0008270234415587163,-0.0022148637459546983,0.007308436718369005,0.009456929711100348,0.006481413276810288,0.007308436718369005,0.007692307692307665,-0.05801526717557248,-0.029110936270653087,-0.04012588512981918,0.09243697478991586,0.975133164295145,19.62328424501102
2022-08-25,0.024420118826195658,True,-0.024301382768971536,True,-0.0006571726350025342,True,0.002386542548028059,True,0.002897326737449246,True,-0.0017686416217783663,True,0.021522792088746412,-0.02253274114719317,-0.0035544993724517804,-0.0005107841894211873,0.002386542548028059,-0.0005107841894211873,0.0008103727714747766,-0.004048582995951344,0.004081632653061273,0.012244897959183598,0.05650684931506844,0.900223503332208,5.077405883037017
2022-08-26,0.03873656686126248,True,0.043586658828440594,True,0.03357891912400457,True,0.040123070053713406,True,0.017681753284845225,True,0.008683254086245817,True,0.021054813576417253,0.03490340474219478,0.015897165839159344,0.02244131676886818,0.03873656686126248,0.021054813576417253,0.00406504065040636,0.006477732793522373,-0.022798742138364858,-0.036163522012578664,-0.03377847604084849,0.5479905749176898,4.658814992692925
2022-08-29,-0.0487665155816045,True,-0.004773278493669042,True,-0.055602777856653574,True,-0.09227936881079768,True,-0.040988382567611614,True,0.005157906849160954,True,-0.007778133013992883,-0.009931185342829996,-0.01461439528904196,-0.051290986243186065,-0.055602777856653574,-0.01461439528904196,-0.02011263073209979,0.00738916256157629,0.004091653027823217,0.01227495908346965,0.027272727272727337,0.6392013795843672,37.923752079153054
2022-08-30,-0.003618785658532797,True,-0.03477222409558167,True,-0.01854761774297109,True,-0.028228930900560778,True,-0.009855228296972385,True,-0.023055363642714766,True,0.006236442638439588,-0.011716860452866906,-0.008692389445998705,-0.018373702603588393,-0.01854761774297109,-0.008692389445998705,-0.004074979625101838,-0.011456628477905073,-0.014681892332789492,-0.022022838499184294,-0.05250965250965245,0.4519196878373216,20.40182638244258
2022-08-31,-0.044188890779816914,True,0.019875814094283628,True,-0.011439575606203789,True,-0.02107462277806693,True,-0.011136246589948051,True,0.0018383426939552194,True,-0.03305264418986886,0.01803747140032841,-0.0003033290162557378,-0.00993837618811888,-0.02107462277806693,-0.00993837618811888,-0.0066225165562914245,-0.0033333333333332993,0.0025146689019279744,0.0025146689019279744,-0.0679012345679012,0.6346332492040436,9.727559635774881
2022-09-01,-0.0037998999215740348,True,0.018270458884235508,True,-0.006804152464800151,True,-0.02417885431089495,True,-0.005813599786437029,True,0.009483352736849193,True,0.0020136998648629945,0.008787106147386314,-0.0009905526783631213,-0.01836525452445792,-0.006804152464800151,-0.0009905526783631213,-0.0025083612040134318,-0.011735121542330362,-0.015859766277128706,-0.010016694490818101,-0.05752561071710016,0.523939613254593,5.85684918092781
2022-09-02,-0.028607744587458517,True,-0.03110048947259203,True,-0.021857612368180068,True,-0.07665307581048963,True,0.00043410050922609855,True,-0.019448261843863168,True,-0.029041845096684615,-0.011652227628728862,-0.022291712877406167,-0.07708717631971573,-0.028607744587458517,-0.029041845096684615,-0.0016963528413910245,0.016992353440951735,0.0016736401673640433,-0.009205020920502016,-0.07165354330708673,0.4570184992191239,2.75303340690931
2022-09-05,-0.01047119438535471,True,-0.011111201090400091,True,-0.009815322662689696,True,-0.020807701782218024,True,-0.01412797041618341,True,-0.00870298120914248,True,0.003656776030828701,-0.0024082198812576117,0.004312647753493715,-0.006679731366034614,-0.01047119438535471,0.003656776030828701,-0.0025062656641604564,-0.002512562814070307,-0.002512562814070307,-0.00335008375209378,-0.10471204188481675,0.4224253784306188,54.177190839484126
2022-09-06,0.0,False,-0.0187264627310475,True,0.0,False,0.0,False,0.0,False,-0.0008137665852279152,True,0.0,-0.017912696145819584,0.0,0.0,0.0,0.0,0.004198152812762368,0.028428093645485042,0.03015075376884435,0.0259631490787271,-0.11449814126394053,0.37026207686105334,40.05609331534192
2022-09-07,-0.012566109908821343,True,-0.01145047394237797,True,-0.011163456435294705,True,-0.013336419174748815,True,-0.007182502201181773,True,0.001098184063029306,True,-0.0053836077076395705,-0.012548658005407276,-0.003980954234112932,-0.006153916973567042,-0.012566109908821343,-0.0053836077076395705,-0.0008130081300814496,0.0024410089503661414,0.006535947712418277,-0.002450980392156854,-0.07518796992481203,0.8183287747948839,86.34038886443054
2022-09-08,0.008707308223955712,True,0.011718664336007656,True,0.015961036992797384,True,0.018795031288197483,True,0.020201249783416975,True,-0.018201726969038767,True,-0.011493941559461263,0.029920391305046423,-0.004240212790619591,-0.0014062184952194912,0.015961036992797384,-0.004240212790619591,0.0024350649350648457,-0.025101214574898778,-0.009053497942386968,-0.016460905349794275,-0.05011565150346953,0.6605182060308433,87.34274815562445
2022-09-09,0.005312079779350443,True,0.0,True,0.013554946473560703,True,0.020125431767975543,True,0.005184697791048132,True,0.012031194863122874,True,0.00012738198830231084,-0.012031194863122874,0.008370248682512571,0.014940733976927412,0.013554946473560703,0.008370248682512571,-0.0016611295681062677,-0.0008319467554076532,0.008396305625524736,0.01931150293870698,-0.09745127436281864,0.6627389453731366,28.593140348885314
2022-09-13,0.04293260262817267,True,0.0,True,0.02736169975586522,True,0.03681197371053169,True,0.034007650890715,True,0.015360578439422623,True,0.008924951737457665,-0.015360578439422623,-0.006645951134849781,0.0028043228198166847,0.03681197371053169,0.0028043228198166847,0.0016652789342215257,0.0008312551953448821,-0.0024855012427507095,-0.01822700911350461,-0.08460365853658536,0.47857079691528986,24.99104101097946
2022-09-14,-0.03546551114436991,True,0.0,True,-0.05952156441240386,True,-0.09472601020057025,True,-0.05483690510526529,True,0.005874109861445209,True,0.019371393960895378,-0.005874109861445209,-0.004684659307138572,-0.039889105095304966,-0.05952156441240386,-0.004684659307138572,-0.019933554817275656,0.007627118644067732,0.0016849199663018233,-0.0033698399326030914,-0.08510638297872342,0.45993328133939154,40.08656089445186
2022-09-15,0.00853579240632274,True,0.0,True,0.01085772409194763,True,-0.0002285804418381554,True,0.007933327265018164,True,-0.01585162376090654,True,0.0006024651413045756,0.01585162376090654,0.002924396826929465,-0.00816190770685632,0.00853579240632274,0.0006024651413045756,0.003364171572750152,-0.05280804694048613,-0.038297872340425476,-0.04851063829787239,-0.09028309104820198,0.4973607074638817,13.306761705492278
2022-09-16,-0.044270792102905965,True,0.0,True,-0.0178052592624941,True,-0.015158216965290183,True,-0.016653629774323386,True,0.0008002606776540411,True,-0.02761716232858258,-0.0008002606776540411,-0.0011516294881707134,0.001495412809033203,-0.0178052592624941,-0.0011516294881707134,-0.0035398230088495852,-0.027531083481349916,-0.024933214603740095,-0.026714158504007157,-0.14393939393939392,1.247718587956436,2.1272707289143398
2022-09-19,-0.016348822874878488,True,0.0,True,0.00448280732620554,True,0.020805782591109212,True,-0.006115058244897442,True,-0.007381048255436062,True,-0.010233764629981046,0.007381048255436062,0.010597865571102982,0.026920840836006654,0.00448280732620554,0.010597865571102982,-0.0009132420091324533,-0.02102376599634359,-0.011080332409972193,-0.007386888273314907,-0.16284403669724767,0.7114558106446054,1.0653550326268828
2022-09-20,0.00900277826998841,True,0.020463361234908772,True,0.006571499103910972,True,0.013941589160011425,True,0.007787475379100073,True,-0.009345029743330624,True,0.0012153028908883368,0.029808390978239396,-0.0012159762751891012,0.006154113780911352,0.00900277826998841,0.0012153028908883368,0.0056022408963585235,-0.006499535747446661,-0.009259259259259411,-0.02129629629629637,-0.1947368421052632,0.7478654261623864,0.6324061911240051
2022-09-21,-0.012354108117476947,True,0.034052341947338416,True,-0.013836771142144988,True,-0.01539375589877856,True,-0.007971122556814536,True,0.008569448363297427,True,-0.004382985560662411,0.02548289358404099,-0.005865648585330452,-0.0074226333419640245,-0.013836771142144988,-0.005865648585330452,-0.008411214953271018,0.019792648444863392,0.02171860245514634,0.026440037771482405,-0.19850187265917607,0.782530537218783,0.6116908099130711
2022-09-22,-0.0020848287650965247,True,0.028540018569426895,True,-0.008349458199848225,True,0.006451105827584014,True,-0.017905974289484594,True,-0.008576376534443098,True,0.01582114552438807,0.03711639510386999,0.009556516089636369,0.024357080117068608,-0.0020848287650965247,0.01582114552438807,-0.006469500924214389,0.0018604651162790198,-0.007373271889400956,-0.015668202764976935,-0.1676923076923077,0.7569447703184482,44.3562728212313
2022-09-23,-0.025069614574109722,True,0.01387395544572434,True,-0.027700280315717363,True,-0.05278642389626598,True,-0.012307552608274541,True,-0.00969804561839549,True,-0.01276206196583518,0.02357200106411983,-0.015392727707442821,-0.040478871287991436,-0.027700280315717363,-0.015392727707442821,0.0,-0.02228412256267409,-0.016806722689075793,-0.02147525676937445,-0.12722852512155602,0.7563414764013998,32.453076506846045
2022-09-26,-0.03785712378365658,True,0.07368428759548107,True,-0.01429590056687291,True,-0.0035824675792246463,True,-0.016281844042404847,True,-0.01163838344877488,True,-0.02157527974125173,0.08532267104425595,0.001985943475531937,0.0126993764631802,-0.01429590056687291,0.001985943475531937,-0.010446343779677014,-0.01247600767754331,-0.014367816091954033,-0.009578544061302652,-0.14390243902439015,0.8062768605487072,9.074734450331562
2022-09-27,-0.01930216954176689,True,-0.04901957441613003,True,-0.011644190841846092,True,-0.023010577660651843,True,-0.004137662425452104,True,-0.024095502171544547,True,-0.015164507116314785,-0.024924072244585482,-0.007506528416393987,-0.01887291523519974,-0.01930216954176689,-0.015164507116314785,0.0009718172983481654,0.013592233009708687,0.004812319538017196,-0.0038498556304139564,-0.17216411906677387,0.6757250958363579,3.7180146624761363
2022-09-28,0.007570051565552793,True,-0.030927864093043822,True,0.0075737530984134604,True,0.015129236148551106,True,0.0004007820660105743,True,0.0035127554891545287,True,0.007169269499542219,-0.03444061958219835,0.007172971032402886,0.014728454082540532,0.0075737530984134604,0.007172971032402886,-0.003831417624520994,-0.03076923076923077,-0.025145067698259194,-0.0067698259187620735,-0.14914425427872857,0.8718804635708134,44.5974436391767
2022-09-29,0.025544642238513493,True,-0.05106384403138042,True,0.01273677468410983,True,0.026021407659930107,True,0.019892297821047178,True,-0.026074363622854202,True,0.005652344417466315,-0.02498948040852622,-0.007155523136937347,0.006129109838882929,0.025544642238513493,0.005652344417466315,0.011904761904761862,-0.010784313725490158,-0.018482490272373475,-0.017509727626459082,-0.16556291390728473,1.1162382134664486,14.679941150701225
2022-09-30,-0.023443201741178754,True,-0.035874419064478524,True,-0.03149319657327987,True,-0.04051526584754428,True,-0.0288278849456437,True,0.005063797495673539,True,0.005384683204464946,-0.04093821656015206,-0.002665311627636169,-0.01168738090190058,-0.03149319657327987,-0.002665311627636169,-0.0069375619425173785,-0.0059880239520956335,-0.006979062811565129,-0.015952143569292088,-0.15635451505016718,0.7196872737133413,17.745451510724777
2022-10-10,0.034508630216036895,True,0.06395364623160438,True,0.003725426338622606,True,-0.011783936492545388,True,-0.010188583738126589,True,0.01241445861998658,True,0.044697213954163484,0.0515391876116178,0.013914010076749195,-0.0015953527544187995,0.003725426338622606,0.013914010076749195,-0.0010040160642571516,-0.038190954773869246,-0.025458248472505107,-0.031568228105906315,-0.15521628498727735,0.7151428637598074,9.174720832660341
2022-10-11,-0.015228429204343086,True,0.0,False,-0.033404059684835063,True,-0.0336204233243208,True,-0.009996188897825053,True,0.0,False,-0.005232240306518032,0.0,-0.02340787078701001,-0.02362423442649575,-0.033404059684835063,-0.02340787078701001,0.0031347962382444194,-0.005208333333333259,0.0,0.013612565445026092,-0.20050125313283207,0.9912492805484975,2.353765370371619
2022-10-12,-0.02798233553577323,True,-0.06994548455543548,True,-0.031541390067591935,True,-0.007198072137696854,True,-0.013738156549253255,True,-0.04351465508670538,True,-0.014244178986519973,-0.0264308294687301,-0.01780323351833868,0.006540084411556402,-0.02798233553577323,-0.014244178986519973,0.0020942408376962707,0.05433646812957149,0.04127966976264186,0.047471620227038214,-0.1981528127623846,0.6782387745235722,2.18700333579244
2022-10-13,-0.04166668171834487,True,0.06345470285278876,True,-0.00600391601729755,True,-0.007422664980672344,True,-0.00034251169534726955,True,-0.0018914986876493733,True,-0.0413241700229976,0.06534620154043813,-0.005661404321950281,-0.007080153285325075,-0.007422664980672344,-0.007080153285325075,-0.0009910802775024985,0.00694444444444442,0.001974333662388972,0.01875616979269501,-0.1796747967479675,1.3414379063065955,79.73144094275622
2022-10-14,0.018972389883784357,True,-0.018784402899567287,True,0.03059996947954069,True,0.03999994007674168,True,0.023452125680142544,True,-0.02067921395665162,True,-0.004479735796358186,0.0018948110570843335,0.007147843799398146,0.016547814396599136,0.03059996947954069,0.007147843799398146,0.007881773399014858,0.013685239491691092,0.004844961240309864,0.006782945736434121,-0.17613636363636365,0.9655539316189377,82.76737901572771
2022-10-17,-0.015515962576607478,True,-0.009009072853900624,True,-0.0426295771076205,True,-0.061287540266943386,True,-0.03005729233808696,True,0.024775296710185968,True,0.014541329761479482,-0.03378436956408659,-0.012572284769533537,-0.031230247928856425,-0.0426295771076205,-0.012572284769533537,-0.0038572806171648377,0.03484995159728932,0.022966507177033524,0.016267942583731987,-0.13870431893687696,0.9096061921287909,91.78784128504871
2022-10-18,0.05516160646857249,True,-0.038636381172222345,True,0.023678862073230222,True,0.058875968509822574,True,0.033021412076118306,True,-0.012345279526184028,True,0.022140194392454182,-0.026291101646038317,-0.009342550002888084,0.025854556433704268,0.05516160646857249,0.022140194392454182,0.0,-0.0018709073900841089,0.007554296506137925,0.014164305949008638,-0.10990840965861781,1.136425776734835,96.74478699841964
2022-10-19,0.03136669645444701,True,-0.01891256726680912,True,0.0002255715339314346,True,0.006645086124782873,True,0.007907832330705578,True,0.012234249073696413,True,0.02345886412374143,-0.031146816340505534,-0.007682260796774143,-0.0012627462059227046,0.006645086124782873,-0.0012627462059227046,0.0009372071227740086,-0.005617977528089901,-0.004686035613870709,-0.012183692596063778,-0.11378737541528239,0.7614144051645237,89.95738366708288
2022-10-20,0.0014481899697083023,True,0.0,True,0.008065892973152078,True,0.007019510218667202,True,-0.003646358792082527,True,-0.011270364336272487,True,0.005094548761790829,0.011270364336272487,0.011712251765234605,0.010665869010749729,0.007019510218667202,0.010665869010749729,-0.0028248587570620654,0.013220018885741425,0.02385496183206115,0.021946564885496178,-0.1068124474348191,0.7195970418966503,66.59617236976558
2022-10-21,0.018799727427052826,True,-0.008433583732369576,True,0.007945425852874166,True,0.011866116763313173,True,-0.005102027849281043,True,-0.0023626973762138626,True,0.02390175527633387,-0.006070886356155714,0.01304745370215521,0.016968144612594216,0.011866116763313173,0.016968144612594216,0.0009319664492077884,-0.009310986964618184,0.0,0.012218045112781795,-0.05044247787610623,1.241513176524306,84.41000167804953
2022-10-24,0.03903478955135742,True,-0.02916170902320292,True,0.034473263558912226,True,0.022306087971022626,True,0.02344762576692383,True,-0.00980213484303838,True,0.015587163784433589,-0.01935957418016454,0.011025637791988396,-0.001141537795901204,0.034473263558912226,0.011025637791988396,0.006578947368421018,-0.02147525676937445,-0.02420856610800748,0.02141527001862209,-0.028310502283105055,0.7126359815493023,45.075124061343196
2022-10-25,0.017759512917368436,True,0.0012515863756268342,True,0.0031660474671242333,True,0.01066899414940492,True,0.011001445098345997,True,0.002947163072725356,True,0.00675806781902244,-0.001695576697098522,-0.007835397631221763,-0.0003324509489410765,0.01066899414940492,-0.0003324509489410765,0.02767175572519065,0.01578458681522754,0.0055147058823528106,0.007352941176470562,-0.02147525676937423,1.07712764101757,16.96542717475768
2022-10-26,0.02550336403823361,True,-0.020000039331647623,True,0.01583391335621287,True,0.0525439130792158,True,0.020686016079858982,True,-0.014844881504362806,True,0.004817347958374629,-0.0051551578272848175,-0.004852102723646112,0.031857896999356816,0.02550336403823361,0.004817347958374629,-0.00822669104204754,0.03594470046082954,0.016274864376130127,0.0036166365280287938,0.02242990654205612,2.5274537988071986,81.89314377274239
2022-10-27,-0.005235597192677299,True,-0.01913256603524094,True,-0.00979464088019144,True,-0.02752436867777397,True,-0.022096417572727733,True,0.0049683476011415095,True,0.016860820380050434,-0.02410091363638245,0.012301776692536293,-0.005427951105046236,-0.00979464088019144,0.012301776692536293,-0.005338078291814985,-0.015205724508050134,-0.006317689530685899,-0.009927797833934937,0.038817005545286554,1.9284425787955188,91.03583897850149
2022-10-28,-0.017105278430553206,True,0.05981791205841347,True,-0.012497381664983265,True,0.021712228238120357,True,-0.018206015611420323,True,0.015501574393034234,True,0.0011007371808671174,0.044316337665379235,0.005708633946437058,0.03991824384954068,-0.012497381664983265,0.005708633946437058,-0.0072661217075385975,-0.029277218664226945,-0.025711662075298514,-0.018365472910927605,0.022284122562674202,1.4059875519391059,51.31017002027366
2022-10-31,0.0274431601473919,True,0.007361990241789185,True,0.03818194729961433,True,0.049939211026902575,True,0.030600541963089034,True,-0.010671997943883293,True,-0.0031573818156971356,0.018033988185672478,0.007581405336525293,0.01933866906381354,0.03818194729961433,0.007581405336525293,-0.008482563619227168,0.035171102661597065,0.004612546125461359,-0.004612546125461359,0.007597340930674212,0.9373734937280748,20.378788062579446
2022-11-01,-0.0026058606422781905,True,0.04263077400362514,True,-0.01846654532094083,True,-0.02436023778667218,True,-0.011627701539955959,True,0.012615325357673068,True,0.009021840897677769,0.03001544864595207,-0.006838843780984871,-0.01273253624671622,-0.01846654532094083,-0.006838843780984871,0.0009182736455464191,0.014678899082568808,0.024074074074074137,0.031481481481481444,0.058309037900874605,0.8911723738172279,56.82062487356194
2022-11-02,0.003265789398443353,True,0.010514107062188804,True,0.006923114696446797,True,0.0034081314935574536,True,-0.010217541537009045,True,0.006753795319407674,True,0.013483330935452398,0.0037603117427811306,0.017140656233455842,0.013625673030566499,0.0034081314935574536,0.013625673030566499,-0.003616636528029016,0.006352087114337657,-0.003593890386343279,0.04582210242587603,0.05938697318007646,0.9177805843191043,72.24559387246157
2022-11-03,-0.023437478172126713,True,0.0196531405681295,True,-0.02865696801336004,True,-0.023923734425975285,True,-0.03427754268932981,True,0.004829251130122447,True,0.010840064517203096,0.014823889438007054,0.0056205746759697695,0.010353808263354525,-0.023923734425975285,0.010353808263354525,-0.008115419296663595,0.10909090909090913,0.05902777777777768,0.12065972222222232,0.10019841269841279,0.9370524824381192,75.35310371777064
2022-11-04,-0.15133336385091145,True,-0.004535039247626216,True,-0.011725336172396683,True,0.015281067732143772,True,-0.019534687055815292,True,-0.008669377052152427,True,-0.13179867679509616,0.004134337804526211,0.007809350883418609,0.03481575478795906,-0.011725336172396683,0.007809350883418609,0.04508196721311486,0.006274509803921635,-0.007733952049497228,0.0046403712296985145,0.20911793855302285,3.1402796510277913,97.34562255361581
2022-11-07,0.09426557785473766,True,0.0034167274882324072,True,0.04647348946427465,True,0.05476486752642562,True,0.01608530992107693,True,0.003088595380544845,True,0.07818026793366073,0.00032813210768756207,0.030388179543197724,0.03867955760534869,0.05476486752642562,0.03867955760534869,0.014029618082618933,-0.012298232129131503,-0.010777521170130866,-0.02848344880677456,0.2881526104417671,4.482885314466594,98.68130720393373
2022-11-08,-0.007178778124834029,True,-0.005675280671826655,True,0.01974918670997683,True,0.010242998919230972,True,0.010994026612717755,True,0.015124349003186044,True,-0.018172804737551784,-0.0207996296750127,0.008755160097259074,-0.0007510276934867832,0.010242998919230972,-0.0007510276934867832,-0.005447470817120603,-0.01173708920187777,-0.0023696682464454666,-0.017377567140600347,0.3427377220480672,1.7270845919980353,98.72213406504203
2022-11-09,0.027476508787939835,True,0.018264781482497883,True,0.02156996602348471,True,0.02104760086288926,True,0.007287795278440923,True,0.00937929710289409,True,0.020188713509498912,0.008885484379603792,0.014282170745043787,0.013759805584448337,0.02156996602348471,0.014282170745043787,-0.0071258907363421775,-0.0023923444976076125,0.00562700964630225,0.0,0.3225130890052357,1.3455792512333733,58.72394868009444
2022-11-10,-0.03800140467300417,True,0.031390128285044394,True,-0.027182977708530398,True,-0.056567663739979235,True,-0.02307644329790537,True,0.021805142570594738,True,-0.0149249613750988,0.009584985714449656,-0.004106534410625029,-0.033491220442073866,-0.03800140467300417,-0.0149249613750988,-0.012789768185451633,-0.012955465587044523,-0.010551948051948146,0.02029220779220786,0.23984142715559953,0.7389273328524627,40.72418749019355
2022-11-11,0.08412579459487812,True,0.021739151957424596,True,0.10218079062329388,True,0.14329261133219284,True,0.07378843046055672,True,-0.00990187625916139,True,0.010337364134321403,0.03164102821658599,0.028392360162737162,0.06950418087163612,0.10218079062329388,0.028392360162737162,0.025430680885972112,-0.005600000000000049,0.0016116035455278066,0.00725221595487513,0.20098522167487687,0.8925003167365677,15.456590934762502
2022-11-14,0.02631581318176135,True,0.0,True,0.032789227827531686,True,0.03663498204800253,True,0.01842591065842014,True,0.0373081136980804,True,0.007889902523341208,-0.0373081136980804,0.014363317169111545,0.018209071389582387,0.032789227827531686,0.014363317169111545,-0.01045856798069178,0.0024390243902439046,-0.02065131056393965,-0.008737092930897528,0.19864995178399214,1.0857162807588754,56.21066909655418
2022-11-15,-0.011176862318710179,True,0.03510638176047398,True,-0.009465560574231757,True,-0.001959822467003325,True,-0.008751268958415048,True,0.011946465012161012,True,-0.0024255933602951307,0.02315991674831297,-0.000714291615816709,0.006791446491411723,-0.009465560574231757,-0.000714291615816709,-0.0008110300081103361,0.06331168831168821,0.03803486529318545,0.022979397781299538,0.1534144059869038,0.766065835521145,40.10156484776468
2022-11-16,0.012632950855399505,True,-0.01747170278574539,True,0.03150289589932309,True,0.02276758716579641,True,0.013838278455847508,True,0.0262018899217904,True,-0.001205327600448003,-0.04367359270753579,0.017664617443475583,0.008929308709948902,0.02276758716579641,0.008929308709948902,-0.011450381679389388,-0.007722007722007707,-0.008487654320987748,-0.017746913580246937,0.2277413308341143,1.9005675750232365,88.93515580127965
2022-11-17,-0.006565950807686405,True,0.012552347642916128,True,-0.03599288038590698,True,-0.04536193897850327,True,-0.01364939433626855,True,-0.000615961106436691,True,0.007083443528582145,0.01316830874935282,-0.022343486049638428,-0.03171254464223472,-0.03599288038590698,-0.022343486049638428,0.0,0.009338521400778177,0.024486571879936747,0.03949447077409163,0.20998116760828633,1.000592307558841,58.15042515742693
2022-11-18,0.0033047052449881598,True,0.01962801398625813,True,0.007540870929198418,True,-0.014644771057543249,True,-0.002206886132820385,True,-0.0001457721443002269,True,0.005511591377808545,0.019773786130558357,0.009747757062018803,-0.012437884924722864,0.0033047052449881598,0.005511591377808545,-0.005397070161912154,0.032558139534883734,0.006802721088435382,-0.0045351473922903285,0.2087604846225537,0.7620137866906312,68.58852507893182
2022-11-21,0.015151484691203088,True,-0.01621077216964395,True,0.0018254729107058942,True,-0.017095088890677013,True,3.510915821292038e-05,True,-0.0020804784925849695,True,0.015116375532990167,-0.01413029367705898,0.0017903637524929739,-0.017130198048889933,0.0018254729107058942,0.0017903637524929739,-0.005255255255255276,-0.012075471698113183,0.0030651340996168397,-0.011494252873563204,0.2518796992481205,1.4803093511440149,87.20482598904645
2022-11-22,-0.012978573085367318,True,0.014418208373281782,True,-0.017492707423008236,True,-0.0059706024044898776,True,-0.010287061050817559,True,-0.0038332039552659847,True,-0.002691512034549759,0.018251412328547767,-0.007205646372190677,0.004316458646327681,-0.012978573085367318,-0.002691512034549759,-0.005347593582887722,-0.013824884792626668,-0.02505694760820043,-0.029612756264236983,0.2490458015267174,0.7259402380459721,49.02111997307148
2022-11-23,0.01972387836834044,True,-0.014213278364159865,True,0.02907085998550185,True,0.04707173914782237,True,0.014402747725941634,True,0.006423146522665402,True,0.005321130642398808,-0.020636424886825266,0.014668112259560218,0.03266899142188073,0.02907085998550185,0.014668112259560218,-0.004672897196261738,0.0046948356807512415,0.00943396226415083,0.004716981132075304,0.17367458866544805,0.6783238061628248,25.114892440040833
2022-11-24,0.010315915219276883,True,0.016477891514826926,True,0.008695736134849419,True,0.029991466713708448,True,0.010036702344705661,True,0.004561884918307113,True,0.0002792128745712219,0.011916006596519813,-0.0013409662098562425,0.019954764369002786,0.010315915219276883,0.0002792128745712219,0.002336448598130758,-0.013209013209013243,0.004746835443037778,0.019778481012658222,0.14234875444839856,0.5379295873163956,25.114892440040833
2022-11-25,0.0,False,0.01823715015113514,True,0.0,False,0.0,False,0.0,False,0.012010780027869261,True,0.0,0.006226370123265879,0.0,0.0,0.0,0.0,-0.007086614173228312,-0.0015860428231562196,-0.015637216575449475,-0.030492572322126543,0.1534968210717531,0.392984895729163,12.00299616305415
2022-11-28,0.001276292532991885,True,-0.004975128887097502,True,-0.011747480728820037,True,-0.015073503594469573,True,-0.006578771555116769,True,-0.00037136325588471575,True,0.007855064088108654,-0.004603765631212786,-0.0051687091737032675,-0.008494732039352804,-0.011747480728820037,-0.0051687091737032675,-0.022239872915011838,0.022745735174654724,0.0015910898965791898,0.007955449482895727,0.18661639962299703,0.49973536114347605,6.593581962583173
2022-11-29,-0.02421919508791459,True,0.02500002277095348,True,-0.023593183363483816,True,-0.027228151739965067,True,-0.014673239995891985,True,-0.014997428830952675,True,-0.009545955092022607,0.03999745160190615,-0.008919943367591832,-0.012554911744073083,-0.02421919508791459,-0.009545955092022607,-0.003177124702144485,0.014342629482071656,0.011119936457506086,0.005559968228753043,0.15610651974288348,0.36061828131523876,6.593581962583173
2022-11-30,-0.011103858369339026,True,-0.04878061193618821,True,-0.0027311420283642196,True,-0.011878367557780045,True,-0.007569062068099597,True,0.010494668841595445,True,-0.003534796301239429,-0.05927528077778366,0.004837920039735377,-0.004309305489680448,-0.011103858369339026,-0.003534796301239429,-0.00628436763550666,0.002371541501976271,0.004754358161648264,0.02456418383518222,0.15099457504520797,0.38247135490858764,71.64630928889028
2022-12-01,0.061426640053652726,True,0.0,True,0.05704607299902653,True,0.08237924999946444,True,0.04558543538100257,True,0.011550939405102767,True,0.015841204672650155,-0.011550939405102767,0.011460637618023961,0.03679381461846187,0.061426640053652726,0.015841204672650155,0.015772870662460692,-0.010869565217391353,-0.010869565217391353,-0.010093167701863415,0.1433724075743914,0.3690922607249957,47.84512932406123
2022-12-02,-0.001244583580802039,True,0.030769347053402285,True,-0.003205594940506762,True,0.012527479486506676,True,0.0012275186154306894,True,0.0089552440597378,True,-0.0024721021962327283,0.021814102993664486,-0.004433113555937451,0.011299960871075987,-0.001244583580802039,-0.0024721021962327283,-0.0007849293563578774,-0.01963864886095834,-0.02423768569194673,-0.01798279906176692,0.04426229508196733,0.4846037470088597,70.98137053320364
2022-12-05,-0.0018690829110823426,True,-0.013930426797080342,True,-0.013744357283690056,True,-0.015115359615088253,True,-0.003983586907016723,True,-0.002805613725319178,True,0.0021145039959343803,-0.011124813071761164,-0.009760770376673333,-0.01113177270807153,-0.013744357283690056,-0.009760770376673333,0.0,-0.008012820512820484,0.0016181229773464256,0.0024271844660195274,-0.02727981293842563,0.5829889190129598,14.651677766967907
2022-12-06,-0.03682897226772319,True,-0.008072544866573161,True,-0.011926139807541536,True,-0.015762041213594147,True,-0.01678347597367047,True,0.0006720167076581518,True,-0.020045496294052723,-0.008744561574231313,0.004857336166128934,0.001021434760076323,-0.015762041213594147,0.001021434760076323,-0.008077544426494443,0.02198697068403921,0.01455133387227181,0.0056588520614389015,-0.036575875486381415,0.8936009575613202,9.097881649257118
2022-12-07,-0.00194430888218744,True,-0.004069162709565255,True,-0.021924923590066814,True,-0.037507582605028844,True,-0.020720378368442538,True,-0.01681227680489228,True,0.018776069486255098,0.012743114095327024,-0.0012045452216242758,-0.016787204236586306,-0.021924923590066814,-0.0012045452216242758,-0.0015936254980081221,-0.009577015163607316,-0.004811547714514863,-0.01443464314354459,-0.006334125098970689,0.7010146250513427,60.283732045597795
2022-12-08,0.016233766635888935,True,-0.024514899844601867,True,-0.00023099555469119348,True,0.00831932633788579,True,-0.004082640126510606,True,-0.006712670479638749,True,0.02031640676239954,-0.017802229364963118,0.0038516445718194126,0.012401966464396397,0.00831932633788579,0.012401966464396397,-0.0008058017727639033,-0.01774193548387104,0.004122011541632276,0.014014839241549781,-0.007993605115907298,0.5841743050516197,31.27660786816547
2022-12-09,0.024281219001775378,True,-0.0031414162757634756,True,0.025472583640434365,True,0.06507450708505869,True,0.01183474663164863,True,-0.005261085111737285,True,0.012446472370126749,0.002119668835973809,0.013637837008785736,0.05323976045341006,0.025472583640434365,0.013637837008785736,0.0016420361247946325,0.004098360655737654,-0.002442996742671011,0.0008143322475568926,-0.0008203445447088065,0.6701341310315803,12.11797711394101
2022-12-12,0.0037429484324580375,True,0.0031513158707299205,True,-0.008024480974940129,True,-0.009785313636305859,True,-0.006376690402565721,True,0.010471327504663286,True,0.010119638835023759,-0.007320011633933365,-0.001647790572374408,-0.003408623233740138,-0.008024480974940129,-0.001647790572374408,-0.004081632653061273,0.057377049180328044,0.043689320388349495,0.03317152103559873,-0.014481094127111849,0.4932310962466704,35.98614178285709
2022-12-13,0.00994405505871776,True,0.0,True,0.01781492305581489,True,0.031410163110779044,True,0.012551484441519545,True,-0.006313303706379725,True,-0.0026074293828017847,0.006313303706379725,0.005263438614295346,0.0188586786692595,0.01781492305581489,0.005263438614295346,0.0,-0.015503875968992276,0.004746835443037778,0.011075949367088445,0.04622871046228694,1.539688969227777,89.40847370642251
2022-12-14,-0.001846196101262021,True,-0.005235693792939089,True,0.016654831323839492,True,0.030624301247353936,True,0.010750325634812707,True,-0.006133743831237104,True,-0.012596521736074728,0.000898050038298015,0.005904505689026784,0.019873975612541228,0.016654831323839492,0.005904505689026784,0.014960629921259905,-0.052754072924747875,-0.030182684670373217,-0.003177124702144485,-0.030534351145038108,0.7454414657097314,59.07144386507346
2022-12-15,-0.02466088997925786,True,0.021052740760264976,True,-0.017216370807418335,True,-0.022022884018282007,True,-0.007413946902348312,True,0.014900570627961018,True,-0.01724694307690955,0.006152170132303958,-0.009802423905070023,-0.014608937115933696,-0.022022884018282007,-0.014608937115933696,-0.01064701064701068,0.04387417218543033,-0.003949447077409185,-0.024486571879936858,-0.049805447470817166,1.4108336301917999,22.185538990289714
2022-12-16,-0.05246523007061776,True,-0.004123698139525511,True,-0.03807491040634203,True,-0.040851121701533044,True,-0.033576566706675415,True,-0.0003548640256594293,True,-0.01888866336394235,-0.003768834113866082,-0.004498343699666618,-0.007274554994857629,-0.040851121701533044,-0.007274554994857629,-0.008723235527359208,-0.02079999999999993,-0.004068348250610199,-0.013832384052074875,-0.02775636083269073,1.146928150944338,61.46798325177553
2022-12-19,0.042028026955328146,True,-0.00931676166778872,True,-0.007758307761905003,True,-0.022475215658233294,True,-0.009534388815138573,True,-0.013952644625782162,True,0.05156241577046672,0.004635882957993442,0.0017760810532335691,-0.012940826843094722,-0.007758307761905003,0.0017760810532335691,0.0016339869281045694,-0.030995106035888953,-0.0157415078707539,-0.006628003314001707,-0.08108108108108103,0.8587279141222318,31.784131053229515
2022-12-20,-0.0416132921442085,True,-0.006269702055472837,True,-0.011833627429073013,True,-0.01912998287913481,True,-0.014053905130443356,True,-0.006554645402858772,True,-0.027559387013765146,0.0002849433473859353,0.0022202777013703434,-0.005076077748691454,-0.01912998287913481,-0.005076077748691454,-0.004208754208754217,0.0076077768385460764,-0.0033444816053512794,-0.010033444816053616,-0.09243697478991597,0.7767373608638667,16.385871911187763
2022-12-21,0.010688032368610267,True,-0.03470022921151672,True,-0.004887807304754577,True,-0.010397158821849217,True,-0.0007783293688806703,True,-0.01824182054869783,True,0.011466361737490938,-0.01645840866281889,-0.004109477935873906,-0.009618829452968547,-0.004887807304754577,-0.004109477935873906,-0.005872483221476488,0.0,-0.004201680672269004,-0.007563025210084007,-0.07165109034267925,0.5214418520995011,24.512726805649677
2022-12-22,0.017845307471719973,True,-0.017429228289706056,True,0.022344227483031887,True,0.02586236332804326,True,0.014506245016720154,True,0.00454269440116617,True,0.0033390624549998194,-0.021971922690872225,0.007837982466311733,0.011356118311323105,0.022344227483031887,0.007837982466311733,0.0042194092827005925,-0.010084033613445453,-0.004226542688081203,-0.023668639053254337,-0.0771028037383179,0.5674261902072356,18.290600225313142
2022-12-23,-0.0279220365034335,True,-0.008869151511351592,True,-0.04145081721482169,True,-0.07041969297343231,True,-0.024465331735949114,True,0.014650426666362959,True,-0.0034567047674843865,-0.02351957817771455,-0.016985485478872575,-0.0459543612374832,-0.04145081721482169,-0.016985485478872575,-0.005093378607809784,-0.010238907849829393,-0.005145797598627877,0.006003430531732468,-0.0724409448818899,0.6161639384424038,12.131740386877368
2022-12-26,-0.0006680179494626959,True,-0.011185600272825447,True,-9.827294234276973e-05,True,-0.00867071494659688,True,0.0022494415544274116,True,-0.011861195973838612,True,-0.0029174595038901074,0.0006755957010131652,-0.0023477144967701813,-0.010920156501024292,-0.0006680179494626959,-0.0029174595038901074,-0.004310344827586077,0.033766233766233666,0.008445945945945832,0.0008445945945945166,-0.07863383637807786,0.5200548681086282,4.441068418086189
2022-12-27,0.0,False,0.006787261230500663,True,0.0,False,0.0,False,0.0,False,0.0009459326027125847,True,0.0,0.005841328627788078,0.0,0.0,0.0,0.0,0.0041876046901172526,-0.010842368640533895,0.0008438818565401629,0.005063291139240533,-0.05162827640984913,0.5611357993813062,71.85176228067581
2022-12-28,0.0013368652432057537,True,0.007865120034327155,True,-0.01788880156035977,True,-0.07135348194596414,True,-0.0141379614303484,True,0.003031110325401931,True,0.015474826673554154,0.004834009708925224,-0.003750840130011368,-0.057215520515615736,-0.01788880156035977,-0.003750840130011368,-0.005059021922428242,0.0016949152542371504,-0.013355592654424098,-0.016694490818030094,-0.06834249803613524,0.5493665924004076,53.943987504227145
2022-12-29,-0.03137512201047288,True,-0.043478284950842716,True,-0.012710172193295066,True,-0.006019271018372185,True,-0.013203070762120017,True,-0.010840690955863042,True,-0.01817205124835286,-0.032637593994979675,0.000492898568824951,0.007183799743747832,-0.012710172193295066,0.000492898568824951,-0.0016920473773265332,-0.00423728813559332,0.0025597269624573205,0.015358361774743923,-0.06782334384858058,0.7488742271122937,43.18171298230673
2022-12-30,0.0489317730494403,True,0.013986163134040108,True,0.03264070437576572,True,0.040396022270713816,True,0.024375224348736957,True,-0.006214595293378089,True,0.02455654870070334,0.020200758427418197,0.00826548002702876,0.01602079792197686,0.040396022270713816,0.01602079792197686,0.009361702127659521,0.00337268128161905,-0.007506255212677226,-0.002502085070892335,-0.07770800627943497,0.5505929403296748,25.426746488500953
2023-01-03,-0.009198445523423415,True,-0.002298795438043122,True,-0.003926590878897684,True,0.0007532763688828936,True,-0.000600680568510148,True,0.003739497721010565,True,-0.008597764954913267,-0.006038293159053687,-0.0033259103103875365,0.0013539569373930416,-0.003926590878897684,-0.0033259103103875365,-0.001680672268907557,0.06144781144781142,0.05170975813177647,0.05504587155963314,-0.04647435897435903,0.8502107673569006,73.00174963694917
2023-01-04,0.00265251737767902,True,0.02764958187115596,True,-0.007686975088685877,True,-0.020459800926180827,True,-0.00675990343061994,True,0.006113423400367246,True,0.00941242080829896,0.021536158470788713,-0.0009270716580659366,-0.013699897495560887,-0.007686975088685877,-0.0009270716580659366,0.0007930214115781098,-0.025356576862123448,-0.01757188498402551,-0.01118210862619795,0.018578352180937063,2.0429951927458827,96.16468699777172
2023-01-05,-0.006613718819595937,True,-0.024663552872384753,True,0.025424562591948696,True,0.03031774394552844,True,0.004763972496303781,True,-0.0017568914048190498,True,-0.011377691315899718,-0.022906661467565703,0.020660590095644915,0.02555377144922466,0.025424562591948696,0.020660590095644915,0.0008130081300812275,0.01380991064175463,0.004830917874396157,0.004830917874396157,-0.019920318725099584,1.2368721966921756,54.976729617832355
2023-01-06,0.003328843910567425,True,-0.020689825177144683,True,-0.01791764438799004,True,-0.03281580951026575,True,-0.015654382173576065,True,0.007177899118900877,True,0.01898322608414349,-0.02786772429604556,-0.0022632622144139747,-0.017161427336689683,-0.01791764438799004,-0.0022632622144139747,-0.0008012820512820484,-0.003207698476343279,-0.00877192982456132,0.0007974481658692412,0.005640612409347323,0.9739865070171909,69.93213135159738
2023-01-09,0.05242202905447657,True,0.02347429977366078,True,0.04373765203182578,True,0.04164047283850936,True,0.027601492444108366,True,0.005054876393675967,True,0.024820536610368205,0.01841942337998481,0.016136159587717414,0.01403898039440099,0.04373765203182578,0.016136159587717414,-0.002413515687851975,0.0008064516129031585,-0.003212851405622441,0.006425702811244882,0.02052545155993446,0.7443615649958385,59.037416139771565
2023-01-10,0.013871391664008303,True,0.04357798339372665,True,0.021779169749621907,True,0.051753018506431214,True,0.006473513900676187,True,0.026359226269338176,True,0.007397877763332117,0.017218757124388473,0.01530565584894572,0.04527950460575503,0.021779169749621907,0.01530565584894572,0.0008058017727639033,0.008856682769726287,-0.004765687053216894,-0.005559968228753043,0.013061224489795853,0.6520551703747994,52.4948810496898
2023-01-11,0.010572144098291991,True,0.008791180393449283,True,0.01299229378582778,True,0.017980671466982123,True,0.00846471847128294,True,0.0034401625339106623,True,0.002107425627009052,0.00535101785953862,0.0045275753145448405,0.009515952995699184,0.01299229378582778,0.0045275753145448405,-0.003990422984836317,-0.008814102564102644,-0.011191047162270262,-0.013589128697042319,-0.028682170542635554,0.7880390347117607,79.6101521266547
2023-01-12,0.01353841928335342,True,-0.009803912725504182,True,0.01173051022654259,True,0.005782858003460456,True,0.017299793851750067,True,-0.0034803533473002357,True,-0.003761374568396647,-0.006323559378203947,-0.005569283625207477,-0.011516935848289611,0.01173051022654259,-0.005569283625207477,0.0016168148746968924,0.008071025020177425,0.009700889248181133,0.008892481810832686,-0.025984251968503957,0.9216339989065531,31.565066069707754
2023-01-13,0.024893737978462838,True,-0.02530251732564659,True,0.014977779852481499,True,0.03187284326878603,True,0.005404363588087602,True,-0.0013422947639846194,True,0.019489374390375236,-0.02396022256166197,0.009573416264393897,0.02646847968069843,0.024893737978462838,0.019489374390375236,-0.0008006405124099114,-0.016826923076923128,-0.011281224818694646,-0.00483481063658342,0.0229320229320229,0.8408981879077808,64.08099157680451
2023-01-16,0.024881522344511353,True,0.007900721820068846,True,0.003600298775987776,True,0.02349961843704773,True,0.006880651441024677,True,0.006278339450477288,True,0.018000870903486677,0.0016223823695915573,-0.003280352665036901,0.016618966996023055,0.02349961843704773,0.016618966996023055,-0.0008149959250203231,0.011419249592169667,0.006493506493506551,0.021915584415584277,-0.026962727993655844,1.2305670744577684,23.368744335952258
2023-01-17,0.0,False,-0.00671904209837515,True,0.0,False,0.0,False,0.0,False,0.006940028428365386,True,0.0,-0.013659070526740535,0.0,0.0,0.0,0.0,0.004032258064516014,0.016064257028112428,0.004765687053216894,-0.005559968228753043,0.013071895424836555,1.1142289752750278,56.2316817086994
2023-01-18,-0.01560685331341749,True,-0.007891721809081376,True,0.005934834572454362,True,0.047517677247251866,True,0.0020286095636670165,True,0.0003965912776873193,True,-0.017635462877084507,-0.008288313086768695,0.003906225008787345,0.04548906768358485,0.005934834572454362,0.003906225008787345,-0.007114624505928813,-0.0023885350318472165,0.0,-0.0015961691939345712,0.06481481481481488,1.4144764713151852,83.47993910619488
2023-01-19,-0.01115681305912164,True,0.0,False,-0.006251947562360138,True,-0.018359527871291137,True,-0.013000044068696703,True,0.0,False,0.0018432310095750637,0.0,0.006748096506336565,-0.005359483802594434,-0.01115681305912164,0.0018432310095750637,0.0,0.009577015163607427,0.00556438791732905,0.010333863275039823,0.0511744966442953,0.7431405776154636,52.25156340918238
2023-01-20,-0.008313502872915546,True,0.0,False,-0.02445616161045816,True,-0.03521885105097977,True,-0.00982404425604555,True,0.0,False,0.001510541383130004,0.0,-0.01463211735441261,-0.02539480679493422,-0.02445616161045816,-0.01463211735441261,-0.0007905138339920903,0.007120253164556889,-0.004691164972634776,0.00390930414386248,0.06751054852320681,0.7856595233495426,72.68653574810608
2023-01-30,-0.07844313531552916,True,0.0,False,0.08669782640457657,True,0.21473277475914343,True,0.07672175723329233,True,0.0,False,-0.1551648925488215,0.0,0.00997606917128424,0.1380110175258511,0.08669782640457657,0.00997606917128424,0.01256873527101332,-0.013188518231186941,-0.009345794392523255,-0.007009345794392496,0.08064516129032273,0.7963621759139783,82.60985316863953
2023-01-31,-0.00779726334516595,True,0.0,True,-0.023946810519943074,True,-0.05907206143468824,True,-0.020218970805646275,True,0.03756065532602815,True,0.012421707460480325,-0.03756065532602815,-0.003727839714296799,-0.038853090629041964,-0.023946810519943074,-0.003727839714296799,-0.0015723270440252124,0.0015748031496063408,0.0007867820613689513,0.10070810385523199,0.096551724137931,1.0303758483527607,75.73132295520026
2023-02-01,0.02946953475933567,True,-0.007954590577303855,True,0.015200157190939034,True,0.019570401342184907,True,0.014986041838185749,True,-0.014755567870053055,True,0.01448349292114992,0.0068009772927492,0.00021411535275328575,0.004584359503999158,0.019570401342184907,0.004584359503999158,0.06839622641509435,0.029433406916850702,0.0,0.0071479628305932685,0.06532663316582932,0.808372388854781,75.73132295520026
2023-02-02,0.025445328588419525,True,0.020618539100122568,True,0.04715305932673797,True,0.07196584856875643,True,0.021383801122830226,True,0.010149207708888941,True,0.0040615274655892986,0.010469331391233627,0.02576925820390774,0.050582047445926204,0.04715305932673797,0.02576925820390774,0.00786275911365264,-0.0014184397163120588,-0.014695591322603119,-0.01259622113365988,0.1795952782462058,2.6746697736719383,99.43950626162497
2023-02-03,0.01861037353859185,True,0.04938283996030646,True,0.02138711363422585,True,0.036575433530633195,True,0.035889848540914926,True,0.011350765186004752,True,-0.017279475002323075,0.038032074774301705,-0.014502734906689074,0.0006855849897182686,0.02138711363422585,-0.014502734906689074,-0.005681818181818232,0.0071428571428571175,0.00786275911365264,-0.010007147962830643,0.1912013536379018,4.51854148239216,99.50767328919811
2023-02-06,-0.0018270820040263702,True,-0.0010695373757129145,True,-0.018376124206549216,True,-0.028052667522402652,True,-0.017772420611387618,True,0.0004809184339793493,True,0.015945338607361248,-0.0015504558096922638,-0.0006037035951615977,-0.010280246911015034,-0.018376124206549216,-0.0006037035951615977,-0.007092198581560294,-0.017142857142857126,-0.010783608914450071,-0.0035945363048167644,0.19999999999999996,1.8448028547530853,99.53292041584311
2023-02-07,-0.026235470867255972,True,-0.04175599733362201,True,-0.01663115245305924,True,-0.0005216035095000349,True,-0.008459170330552546,True,-0.013448978677263801,True,-0.017776300536703427,-0.028307018656358207,-0.008171982122506694,0.00793756682105251,-0.01663115245305924,-0.008171982122506694,0.0,0.006540697674418672,-0.0064562410329985775,-0.001434720229555153,0.15630252100840347,1.383028148687446,36.278716691386364
2023-02-08,0.004386005534537718,True,-0.01675970107482616,True,0.030025731629685692,True,0.051401264897528165,True,0.020718715251333286,True,0.0005255595521653778,True,-0.016332709716795568,-0.01728526062699154,0.009307016378352406,0.03068254964619488,0.030025731629685692,0.009307016378352406,0.0,-0.002888086642599208,-0.008614501076812608,-0.009332376166546918,0.09833465503568606,1.0719410641445164,52.32036957103419
2023-02-09,-0.014348127639336683,True,-0.0022726729543355306,True,-0.01959227549293374,True,0.0014430836418874993,True,-0.017780874438758087,True,0.014106943253404447,True,0.0034327467994214045,-0.016379616207739978,-0.0018114010541756542,0.019223958080645587,-0.014348127639336683,0.0034327467994214045,0.011585807385952274,0.07229778095919825,0.08080808080808088,0.12337662337662336,0.12276422764227646,1.1194259393571897,42.753249803205634
2023-02-10,-0.13987341844735668,True,-0.010250654010625415,True,0.003964425658509629,True,0.005944745419727004,True,-0.008837832683614155,True,-0.0012459821499473112,True,-0.13103558576374252,-0.009004671860678104,0.012802258342123785,0.01478257810334116,0.003964425658509629,0.012802258342123785,-0.006008010680907838,0.04096709200805915,-0.03064415259537212,-0.04315196998123827,0.20032051282051277,3.152617047205314,95.10590454861935
2023-02-13,0.031640934536258936,True,-0.020713445768823613,True,-0.016802375419925353,True,-0.04799221589930158,True,-0.006563115608546721,True,-0.0007731133114661226,True,0.03820405014480566,-0.01994033245735749,-0.010239259811378632,-0.04142910029075486,-0.016802375419925353,-0.010239259811378632,-0.003225806451612967,0.011650485436893288,0.023575638506876384,0.034708578912901134,0.24698310539018498,3.8229200915148063,97.30040023316622
2023-02-14,-0.0014265661277205188,True,0.016451230069394418,True,0.015040319099535626,True,0.024594594302721706,True,0.016015765502914503,True,-0.002718359373286794,True,-0.017442331630635022,0.019169589442681212,-0.0009754464033788768,0.008578828799807203,0.015040319099535626,-0.0009754464033788768,-0.007037747920665471,0.0019329896907216426,0.0006435006435008273,0.002574002574002643,0.25946817082997575,1.773513542250242,97.7948018846786
2023-02-15,-0.0035714421953473297,True,0.0,True,0.02151979345654298,True,0.054295768258278754,True,0.007389119190292837,True,0.007089436974500041,True,-0.010960561385640166,-0.007089436974500041,0.014130674266250143,0.04690664906798592,0.02151979345654298,0.014130674266250143,0.0,0.05980707395498386,0.04968152866242037,0.023566878980891826,0.24102154828411804,1.0263754385130288,79.80632225494514
2023-02-16,0.01935487178891182,True,0.006936441970274654,True,-3.949068750286333e-05,True,-0.0090114482807917,True,0.007661036750618688,True,-0.014155105354971553,True,0.011693835038293132,0.021091547325246207,-0.007700527438121552,-0.01667248503141039,-3.949068750286333e-05,-0.007700527438121552,-0.010315533980582603,-0.031269160024524734,-0.016189290161892744,-0.03300124533001236,0.33225545675020207,1.846352758785325,96.17299696873681
2023-02-17,0.0,True,0.011480971886463687,True,-0.027154221076254204,True,-0.03347372704100504,True,-0.018764478055783074,True,0.007620760223242318,True,0.018764478055783074,0.003860211663221369,-0.00838974302047113,-0.014709248985221968,-0.027154221076254204,-0.00838974302047113,0.008227848101265867,-0.04205900816070307,-0.01229773462783168,0.01877022653721694,0.2650120096076862,1.6474615208174548,44.01055939219726
2023-02-20,0.0049226226096861225,True,-0.004540374918347911,True,-0.013651209271747455,True,-0.027906715400768167,True,-0.007055537665867417,True,-0.004552895706729676,True,0.01197816027555354,1.2520788381764625e-05,-0.006595671605880038,-0.02085117773490075,-0.013651209271747455,-0.006595671605880038,0.0,0.03145478374836186,0.010269576379974277,0.028883183568677806,0.24368378158109194,1.203264295768625,23.643424225517364
2023-02-21,0.0,False,0.00912226231576696,True,0.0,False,0.0,False,0.0,False,0.004620908191694806,True,0.0,0.004501354124072154,0.0,0.0,0.0,0.0,-0.008894536213468918,0.0012820512820512775,-0.014511041009463765,-0.00441640378548902,0.26935483870967736,0.8400381960533471,58.10837825851043
2023-02-22,-0.04198743058582366,True,0.0011298696037287392,True,-0.03039922213138646,True,-0.03427142410271056,True,-0.023675015136015,True,0.0007568231513030987,True,-0.01831241544980866,0.0003730464524256405,-0.006724206995371462,-0.010596408966695559,-0.03427142410271056,-0.010596408966695559,-0.001280409731113874,0.02051282051282044,0.010152284263959421,0.008883248730964466,0.23478260869565215,0.7818445204112541,47.408929306483145
2023-02-23,0.0029218380627522578,True,-0.016930038079314702,True,-0.004885449315533141,True,0.00479306978367533,True,0.0007481964352262782,True,-0.00926752353338045,True,0.0021736416275259796,-0.007662514545934251,-0.0056336457507594195,0.004044873348449052,0.0029218380627522578,0.0021736416275259796,0.0,-0.027010050251256246,-0.025786163522012573,-0.02075471698113207,0.2705506783719074,0.6723221791735443,72.61802993234173
2023-02-24,-0.013838280168824713,True,0.02181400819839907,True,0.035433671631675656,True,0.140213825685362,True,0.008734121320401078,True,0.012753327987778729,True,-0.02257240148922579,0.009060680210620342,0.026699550311274578,0.13147970436496093,0.035433671631675656,0.026699550311274578,-0.0012911555842478606,0.009049773755656076,-0.012650221378874171,-0.017077798861480198,0.22450592885375475,0.6169660615703758,30.587432644336516
2023-02-27,-0.008124051476156136,True,0.034831418650429935,True,-0.017852669846324498,True,-0.015973674301729468,True,-0.0167441858511157,True,-0.0071480746308046905,True,0.008620134374959565,0.041979493281234626,-0.0011084839952087977,0.0007705115493862325,-0.015973674301729468,0.0007705115493862325,0.0,0.0121716848174247,0.016077170418006492,0.09774919614147914,0.2262372348782402,0.6240185337842145,47.53577260732236
2023-02-28,-0.0007446186637822816,True,0.0,False,0.0044918000301010785,True,0.009233073910038803,True,0.007161226068896687,True,0.0,False,-0.007905844732678968,0.0,-0.002669426038795608,0.002071847841142116,0.0044918000301010785,-0.002669426038795608,0.0056962025316456,0.032095657646318276,-0.010856453558504175,-0.007237635705669376,0.24213836477987427,0.6768711529183044,70.41267180686256
2023-03-01,-0.009687042749765618,True,0.0,False,0.0005014680123780479,True,-0.012127130476503933,True,-0.0012929085277026964,True,0.0,False,-0.008394134222062921,0.0,0.0017943765400807443,-0.010834221948801237,-0.009687042749765618,-0.008394134222062921,0.0006097560975610872,0.010359536867763364,0.009129640900791047,0.005477784540474762,0.28930817610062887,1.2413325018626806,92.11842066098748
2023-03-02,0.01655381998948724,True,-0.01411498012806578,True,0.0006683534974301075,True,-0.022312264710076635,True,-0.008039132044740271,True,0.0061081964522158305,True,0.02459295203422751,-0.02022317658028161,0.008707485542170379,-0.014273132665336363,0.0006683534974301075,0.008707485542170379,-0.004825090470446214,-0.00545454545454549,-0.013229104028863459,-0.015634395670474976,0.18513223731236605,0.7508618442620197,94.5273264597695
2023-03-03,0.0007402093791573083,True,-0.009912066917600049,True,0.008849559236193238,True,0.027138939380385585,True,0.00827620936122675,True,1.4712461529953202e-05,True,-0.007535999982069441,-0.009926779379130002,0.0005733498749664889,0.018862730019158835,0.008849559236193238,0.0005733498749664889,-0.0006093845216332827,-0.01890243902439015,-0.007402837754472591,-0.0061690314620604925,0.16548295454545459,0.4192183111145234,59.929256775186474
2023-03-06,0.0022189150854625694,True,0.005561833105032665,True,0.013571637429988126,True,0.0247061403890394,True,0.020673473593527225,True,0.0006218584270081262,True,-0.018454558508064656,0.004939974678024539,-0.007101836163539099,0.004032666795512174,0.013571637429988126,-0.007101836163539099,-0.0012430080795524656,0.000622277535780924,0.003119151590767144,-0.017467248908296984,0.14113475177304968,0.6032037898769126,25.202333716158435
2023-03-07,-0.015498157578666683,True,0.005530978618843552,True,-0.008899396229884227,True,-0.014064323782246646,True,0.001134371004540835,True,0.009936293649599026,True,-0.016632528583207518,-0.0044053150307554745,-0.010033767234425062,-0.015198694786787481,-0.014064323782246646,-0.015198694786787481,-0.008084577114427782,-0.0526645768025078,-0.04063492063492069,-0.030476190476190546,0.16860465116279078,0.4447463404307644,24.321492451703648
2023-03-08,-0.002998497855734139,True,0.023102349915069542,True,-0.011162353460425822,True,-0.011125348545640734,True,-0.012265795193389328,True,0.005987237881395657,True,0.00926729733765519,0.017115112033673885,0.001103441732963506,0.0011404466477485942,-0.011125348545640734,0.0011404466477485942,-0.002647253474520106,0.039814200398141875,0.026195153896529266,0.011787819253438192,0.09097472924187722,1.1654856225044383,3.1259743696812734
2023-03-09,-0.002255618988042607,True,-0.005376437908886644,True,0.02615913058240249,True,0.038346071674149274,True,0.004994154288492592,True,-0.002502820615157386,True,-0.0072497732765351985,-0.002873617293729258,0.0211649762939099,0.03335191738565668,0.02615913058240249,0.0211649762939099,-0.0031908104658583403,-0.000640204865556937,0.0006410256410256387,0.005769230769230749,0.13468501086169438,0.7296799343424312,51.71355844399921
2023-03-10,0.0030143150318902023,True,-0.03351347490011891,True,-0.01915984291003192,True,-0.030809381668781888,True,-0.017325635423504182,True,-0.003005401276725994,True,0.020339950455394384,-0.030508073623392917,-0.0018342074865277391,-0.013483746245277706,-0.01915984291003192,-0.0018342074865277391,-0.008327994875079958,0.0012919896640826156,-0.003856041131105381,-0.001928020565552746,0.04205607476635498,0.38159143625451947,46.694973179469095
2023-03-13,-0.03005263407918879,True,-0.019015807589929046,True,-0.016181708503291037,True,-0.020097402515228735,True,-0.014043466029801444,True,-0.015500933918775717,True,-0.016009168049387346,-0.003514873671153329,-0.0021382424734895933,-0.0060539364854272915,-0.020097402515228735,-0.0060539364854272915,-0.007741935483870921,0.020156046814044037,0.01553398058252431,-0.005825242718446644,0.0,0.4359702907235539,34.44001889097255
2023-03-14,-0.03330753758776983,True,0.018244241381309312,True,-0.0006730768042118029,True,4.357538445698417e-05,True,0.007416089451575569,True,0.002208527433058105,True,-0.0407236270393454,0.016035713948251207,-0.008089166255787372,-0.007372514067118585,-0.0006730768042118029,-0.008089166255787372,-0.006373486297004405,-0.014753046824887761,-0.0064683053040104355,0.002587322121604174,0.0038387715930903177,0.4045524843728754,65.61482329570345
2023-03-15,0.015224402325864972,True,-0.013437991471706878,True,0.029929218460233997,True,0.04776620483770677,True,0.022979835324263398,True,-0.012857584143333822,True,-0.007755432998398426,-0.000580407328373056,0.006949383135970599,0.024786369513443374,0.029929218460233997,0.006949383135970599,0.009765625,-0.014184397163120588,-0.021753039027511245,-0.031349968010236706,-0.01221864951768492,0.7215328416019521,24.743582186380536
2023-03-16,-0.029202832149256674,True,0.0011350937295868668,True,-0.01123960163008364,True,0.006857248182177589,True,0.005246271813383885,True,0.0017688267647102407,True,-0.03444910396264056,-0.0006337330351233739,-0.016485873443467525,0.001610976368793704,-0.01123960163008364,-0.016485873443467525,-0.003924133420536213,-0.013131976362442566,-0.005294506949040323,0.027134348113831974,-0.07220873786407767,0.4620585137759809,19.57160688743005
2023-03-17,0.013008117474065717,True,-0.015872825129671475,True,0.04001325723889604,True,0.05419335059353081,True,0.026360593167313207,True,-0.010818440590949052,True,-0.01335247569324749,-0.005054384538722423,0.013652664071582832,0.027832757426217603,0.04001325723889604,0.013652664071582832,0.007318695941450404,0.023117569352707923,-0.005138086062941527,0.0834938985228002,-0.0487341772151898,0.4970380225353456,7.666897166336753
2023-03-20,-0.0232744751978472,True,0.031105767680589258,True,-0.005087377461436948,True,0.007204188880175488,True,-0.004726082981092117,True,0.01523145747258181,True,-0.018548392216755083,0.015874310208007447,-0.00036129448034483147,0.011930271861267605,-0.005087377461436948,-0.00036129448034483147,-0.005164622336991664,0.09993510707332898,0.013150029886431547,0.0316796174536762,0.015072083879423381,0.8433412281881967,70.70947492202326
2023-03-21,0.031224331311313858,True,0.007821274017055568,True,0.010066998604270294,True,0.006802706415020676,True,0.0035489899762777277,True,-0.0021348812433601427,True,0.02767534133503613,0.009956155260415711,0.006518008627992566,0.0032537164387429485,0.010066998604270294,0.006518008627992566,-0.001769911504424626,0.023049645390070816,-0.02037351443123958,0.011884550084889423,0.07687420584498073,2.8628590089668506,94.50884287198414
2023-03-22,0.020717149396840995,True,0.025498879445029488,True,0.003164132047534407,True,0.011544454909457436,True,0.01428227445815855,True,0.006062299110028091,True,0.006434874938682444,0.019436580335001397,-0.011118142410624143,-0.0027378195487011148,0.011544454909457436,-0.0027378195487011148,0.01790872328134041,0.08059023836549373,0.06786315199102644,0.13180033651149747,0.10819462227912924,2.047962809146742,96.07970134919563
2023-03-23,-0.022638559902693922,True,0.031351364319258224,True,-0.006426481582435972,True,0.01026746563196923,True,-0.013597943960383607,True,0.015922297265609897,True,-0.009040615942310315,0.015429067053648327,0.007171462377947635,0.023865409592352838,-0.006426481582435972,0.007171462377947635,0.026785714285714413,0.07109974424552434,0.027477919528950068,0.024533856722276814,0.1959798994974873,2.4688869618211413,98.95443537281454
2023-03-24,-0.0023962208904636517,True,-0.023060766985821712,True,0.02658627615991338,True,0.027316058556366984,True,0.0118584104088999,True,0.006566447592995406,True,-0.014254631299363552,-0.029627214578817118,0.01472786575101348,0.015457648147467085,0.02658627615991338,0.01472786575101348,0.01384909264565426,0.017428167687234986,0.03151862464183375,0.07306590257879653,0.35183989670755333,3.06054591944884,99.59950870614547
2023-03-27,0.008807094665119752,True,0.008583663532898855,True,-0.01580922230341586,True,-0.015152112220938041,True,0.0036800847455498165,True,0.0031990771135297358,True,0.005127009919569936,0.0053845864193691195,-0.019489307048965676,-0.018832196966487857,-0.015152112220938041,-0.018832196966487857,-0.017129629629629717,0.06311822892133767,0.018042399639151885,-0.013982859720342855,0.3837283792440742,2.85362757006343,99.71966680802822
2023-03-28,0.007936462283165913,True,0.042553232722416956,True,-0.01166447307956242,True,-0.009260976742524352,True,-0.006851218666327097,True,-0.005302683931479701,True,0.01478768094949301,0.04785591665389666,-0.004813254413235324,-0.002409758076197255,-0.009260976742524352,-0.002409758076197255,-0.03987594151528573,-0.030918320258421894,-0.02506963788300831,-0.01021355617455888,0.4284810126582279,2.5944478819477976,99.85103689545937
2023-03-29,0.0031496033428162207,True,-0.003061278030980885,True,-0.006954119504207545,True,-0.00456068879252447,True,-0.0053116655631568754,True,-0.008138129010698658,True,0.008461268905973096,0.005076850979717773,-0.00164245394105067,0.0007509767706324055,-0.00456068879252447,0.0007509767706324055,-0.009047619047619082,0.016338298894762238,-0.004237288135593209,-0.013182674199623268,0.2804878048780488,1.8825330614907134,39.67096812212355
2023-03-30,0.02276294874906215,True,-0.01023542459705562,True,0.03113241704477443,True,0.021734159744686732,True,0.01823399670807424,True,0.004348589740368336,True,0.00452895204098791,-0.014584014337423956,0.01289842033670019,0.0035001630366124914,0.02276294874906215,0.00452895204098791,-0.016075650118203333,0.015857760691975198,-0.0018885741265344258,-0.02030217186024552,0.2756332931242462,1.7499966964092137,45.901265917982336
2023-03-31,0.007674626517196748,True,0.01137550185156111,True,0.014320156458890176,True,0.014786452379586645,True,0.009465326829427578,True,0.00505206947087844,True,-0.0017907003122308307,0.00632343238068267,0.004854829629462598,0.005321125550159067,0.014320156458890176,0.004854829629462598,-0.016083254493850507,0.033173076923076916,0.03416746871992293,0.0404234841193456,0.28823887873248033,1.1355648017453337,45.27780880048263
2023-04-03,0.02741810004108869,True,-0.005112563605422005,True,0.0069632163230526345,True,0.01438862393262541,True,0.016630826281109012,True,0.0011754292223644658,True,0.010787273759979676,-0.0062879928277864705,-0.009667609958056378,-0.0022422023484836018,0.01438862393262541,-0.0022422023484836018,-0.0055839925546764535,0.052409920449227876,0.053395784543325275,0.014051522248243353,0.3356121814791795,1.2036168474355189,71.9485561096649
2023-04-04,-0.016308325951606473,True,0.0,False,-0.005699066845238798,True,0.00676809428339098,True,-0.0024306403838360024,True,0.0,False,-0.01387768556777047,0.0,-0.003268426461402796,0.009198734667226982,-0.005699066845238798,-0.003268426461402796,-0.012894619831036014,0.0545045045045045,0.06943809958885327,0.11694837825491078,0.3986318407960199,2.4162959516361404,92.58889248339703
2023-04-06,-0.04144688558869514,True,0.0,False,-0.03259595500857826,True,-0.03876270257998826,True,-0.01321229139082114,True,0.0,False,-0.028234594197873997,0.0,-0.01938366361775712,-0.02555041118916712,-0.03876270257998826,-0.02555041118916712,-0.0021358393848782686,0.10231164383561642,0.0035074045206546778,-0.044427123928293066,0.5493050959629386,2.0730821904486865,96.85153220848268
2023-04-07,-0.00550319552114964,True,-0.03288795617968776,True,-0.003002079975024441,True,0.005803339329571555,True,0.006741838492627883,True,-0.0036103997976969504,True,-0.012245034013777523,-0.02927755638199081,-0.009743918467652324,-0.0009384991630563277,-0.003002079975024441,-0.009743918467652324,0.001941747572815622,-0.02674418604651163,0.012908430818878491,-0.03186768858410649,0.6432673899170389,1.1474215989368495,99.19801831925547
2023-04-10,0.0,False,0.012752438390610354,True,0.0,False,0.0,False,0.0,False,0.001627401417694685,True,0.0,0.01112503697291567,0.0,0.0,0.0,0.0,-0.031063321385902065,-0.008220304151253521,-0.02030044660982544,-0.02842062525375555,0.6085842408712365,1.2319778884573709,70.46946204838109
2023-04-11,-0.0015809885132375134,True,0.03672607431632846,True,0.015134708965651722,True,0.02004672499695337,True,-0.0005657479680389876,True,0.002504967756448817,True,-0.0010152405451985258,0.034221106559879644,0.01570045693369071,0.020612472964992357,0.015134708965651722,0.01570045693369071,-0.03481143804392872,0.014598540145985384,-0.022746071133167955,-0.026468155500413593,0.556774193548387,1.1682525727240864,37.34619107991855
2023-04-12,-0.005542335248610364,True,0.042510195596380695,True,-0.005307914581752282,True,-0.014866509800983141,True,-0.006417789876181801,True,0.002375255563720202,True,0.000875454627571437,0.04013494003266049,0.0011098752944295187,-0.00844871992480134,-0.005542335248610364,0.000875454627571437,-0.00550148116800675,0.017021276595744705,0.015293118096856295,-0.016142735768903904,0.5060548119821542,0.8131640088581673,25.24022585046434
2023-04-13,-0.00796181354528791,True,-0.004854373224800201,True,-0.017774415159020895,True,-0.02480765811050878,True,-0.008833736999123265,True,0.001199571939123345,True,0.0008719234538353549,-0.006053945163923546,-0.00894067815989763,-0.015973921111385514,-0.017774415159020895,-0.00894067815989763,-0.02092050209205021,-0.040598290598290565,-0.02939904885430178,-0.04193687851275396,0.5559895833333333,0.8373691462300323,44.62598711805866
2023-04-14,0.012841079207243977,True,0.00303028369113445,True,0.008069316966257567,True,-0.0012078364864546165,True,0.019581954411152402,True,-0.008046833900886452,True,-0.006740875203908425,0.011077117592020902,-0.011512637444894835,-0.02078979089760702,0.008069316966257567,-0.011512637444894835,0.00222717149220486,-0.009333333333333416,0.015027322404371546,0.004098360655737654,0.46827992151733167,1.0236529982823703,11.789743486068843
2023-04-17,-0.007131549398100789,True,-0.0010070697845238064,True,-0.0010698953119450128,True,0.011147658757393542,True,-0.001879598978576369,True,0.00788812507901282,True,-0.00525195041952442,-0.008895194863536626,0.0008097036666313562,0.01302725773596991,-0.0010698953119450128,0.0008097036666313562,-0.0026917900403767847,0.00449842555105695,0.010407239819004488,-0.009049773755656187,0.4830339321357284,0.6208006948629673,10.142712645929223
2023-04-18,0.011173211995716192,True,0.033266159915302795,True,-0.0007141297369843702,True,0.009118865969267143,True,0.0008473830246502612,True,0.0021419547251133597,True,0.010325828971065931,0.031124205190189436,-0.0015615127616346314,0.008271482944616881,0.009118865969267143,0.008271482944616881,-0.017017465293327372,0.05102505694760828,0.044836956521739246,0.0783514492753623,0.44157520981278253,0.5572194570156026,16.00946463226225
2023-04-19,-0.002367776857975068,True,-0.009756061402865446,True,0.004485918415966017,True,0.024627823305860552,True,6.267258144854182e-05,True,-0.005895266162690538,True,-0.00243044943942361,-0.003860795240174908,0.004423245834517475,0.02456515072441201,0.004485918415966017,0.004423245834517475,-0.008669267446900664,0.036292085701792764,-0.004201680672269004,0.04201680672268915,0.36106194690265503,0.989890962736727,75.41057337457234
2023-04-20,0.003955635735956253,True,0.0,True,-0.009484962327883761,True,0.009541967839212129,True,-0.0004704053627186955,True,-0.006236559100083472,True,0.004426041098674949,0.006236559100083472,-0.009014556965165066,0.010012373201930824,0.003955635735956253,0.004426041098674949,0.0042194092827005925,0.09537815126050408,0.055465587044534415,0.029959514170040613,0.36915077989601386,0.9262989968597151,88.84434697833278
2023-04-21,-0.010244221045330848,True,-0.014778309209070195,True,0.0011171650186585502,True,-0.029608697174166476,True,-0.007624563493446979,True,-0.003991649989123158,True,-0.0026196575518838694,-0.010786659219947037,0.008741728512105529,-0.021984133680719498,-0.010244221045330848,-0.0026196575518838694,0.015726889144610734,-0.07439577039274925,-0.05911708253358927,-0.0330134357005758,0.3692226890756303,1.1600572240926497,97.81708197819486
2023-04-24,-0.022293047555013712,True,-0.018000044306718643,True,-0.01024280270263922,True,0.0005536042374938432,True,0.0010434519038347023,True,-0.006654729708725826,True,-0.023336499458848414,-0.011345314597992817,-0.011286254606473922,-0.0004898476663408591,-0.01024280270263922,-0.011286254606473922,0.00163198694410438,0.01710794297352325,-0.0027955271565495154,-0.00439297124600635,0.17048710601719197,0.9167699301304021,47.51045037710485
2023-04-25,-0.002442975050776508,True,0.03360491792317388,True,-0.005355513884258478,True,-0.002839444258020518,True,-0.0020844335684739868,True,0.0015304683559880239,True,-0.00035854148230252125,0.03207444956718586,-0.0032710803157844914,-0.0007550106895465314,-0.002839444258020518,-0.0007550106895465314,-0.02042450941129348,-0.0044971381847914715,-0.029106858054226303,-0.021929824561403577,0.15601851851851856,0.6897914778833415,59.72568747062865
2023-04-26,-0.05387753856425381,True,-0.050246298587308225,True,-0.03169916217913449,True,-0.02962049259064914,True,-0.01886390962740614,True,-0.01639097570509529,True,-0.035013628936847674,-0.033855322882212935,-0.012835252551728349,-0.010756582963243,-0.03169916217913449,-0.012835252551728349,0.0004132231404958553,-0.08467575382073522,-0.07973421926910296,-0.06686046511627908,0.07886575099689841,0.6194472174548414,36.701747280311544
2023-04-27,0.0025884152352226852,True,0.020746810167773688,True,0.006982230858131322,True,0.027247272141024403,True,0.006064835361237364,True,0.00025369087503213095,True,-0.0034764201260146788,0.020493119292741557,0.0009173954968939579,0.02118243677978704,0.006982230858131322,0.0009173954968939579,-0.01534296028880866,-0.0018331805682859637,-0.0036596523330282293,0.007319304666056681,0.06177825396626635,1.1176420411654773,10.331119028226624
2023-04-28,-0.0017211277354839405,True,0.001016280812107917,True,0.009674041101493946,True,0.010016464360993682,True,0.027190711334837525,True,0.002397478953539256,True,-0.028911839070321466,-0.001381198141431339,-0.01751667023334358,-0.017174246973843843,0.009674041101493946,-0.01751667023334358,-0.009182736455463858,0.016218721037998263,-0.020107238605898137,-0.06166219839142084,0.03616965332524891,0.6261864169043739,8.149633018714837
2023-05-04,-0.015517267177277083,True,-0.018274157836149052,True,0.00514020115207714,True,0.021156126553741883,True,-0.00955206293059796,True,0.009208708549057087,True,-0.005965204246679123,-0.02748286638520614,0.0146922640826751,0.030708189484339843,0.00514020115207714,0.0146922640826751,-0.008207934336525335,-0.05977011494252882,-0.020124580737901354,-0.03018687110685203,0.04379933010436843,0.6613743456859351,21.273547896407152
2023-05-05,0.007005247212924504,True,0.0,True,-0.0033546262298423946,True,-0.008632533043361534,True,-0.003529654700868079,True,0.0035760721686588504,True,0.010534901913792583,-0.0035760721686588504,0.00017502847102568442,-0.005102878342493455,-0.0033546262298423946,0.00017502847102568442,0.0004889975550121939,-0.01026392961876832,-0.00832517140058775,0.023996082272282004,-0.042496738543044144,0.9189870577390036,5.5696177853948825
2023-05-08,0.0130434450895891,True,0.014477730023731539,True,0.02114029911620774,True,0.04056323768365333,True,0.0212540266554202,True,0.0010916782634151634,True,-0.008210581565831099,0.013386051760316375,-0.00011372753921246037,0.01930921102823313,0.02114029911620774,-0.00011372753921246037,-0.004444444444444473,0.0401785714285714,-0.020093457943925253,0.058878504672897236,-0.09401931845530465,0.6083727263562952,4.6432405258224065
2023-05-09,-0.0154505886176306,True,-0.009174254335540977,True,0.0055474848299545965,True,0.016422621358834766,True,0.002477773158247931,True,0.004703677798070904,True,-0.017928361775878532,-0.013877932133611881,0.0030697116717066653,0.013944848200586835,0.0055474848299545965,0.0030697116717066653,0.01859799713876975,0.05337078651685401,-0.024707412223667125,-0.04117902037277843,-0.0986771487948993,0.7939057479374211,56.607767814683925
2023-05-10,0.006102850322108333,True,0.0010288274929299845,True,-0.015431348378579068,True,-0.019896385858019783,True,-0.0063332639392049694,True,0.0017917613191045234,True,0.012436114261313302,-0.0007629338261745389,-0.009098084439374099,-0.013563121918814813,-0.015431348378579068,-0.009098084439374099,-0.021333333333333315,-0.05177111716621252,-0.0628366247755836,-0.048025134649910206,-0.12079803547183598,1.0147562403334467,86.91440819709217
2023-05-11,0.01213174556200558,True,-0.0113052244568842,True,0.008120812193006088,True,0.010990115626423602,True,0.010881707876928992,True,-0.005464271865578518,True,0.0012500376850765882,-0.0058409525913056815,-0.0027608956839229037,0.00010840774949461007,0.010990115626423602,0.00010840774949461007,0.005747126436781658,-0.027142857142857135,-0.019203072491598583,-0.019203072491598583,-0.1633050519966146,0.9868371943546596,35.05972965619226
2023-05-12,0.02996570365159279,True,-0.012474099238781178,True,-0.00886094164947826,True,-0.010628465161237388,True,0.0032599663798615897,True,-0.00812697030847287,True,0.0267057372717312,-0.004347128930308308,-0.01212090802933985,-0.013888431541098978,-0.00886094164947826,-0.01212090802933985,-0.0019579050416054233,-0.02108876900441392,0.0035193564605329186,-0.012066365007541546,-0.14808863934384575,0.5575439283001031,26.33190604449605
2023-05-15,0.0066500353683962565,True,0.005263180934924838,True,-0.0011378213891314326,True,-0.00832802725816184,True,-0.003586390836640696,True,-0.0007914651679478135,True,0.010236426205036953,0.006054646102872652,0.0024485694475092634,-0.004741636421521145,-0.0011378213891314326,0.0024485694475092634,0.0030060120240480437,-0.02447552447552437,0.009302325581395321,-0.023772609819121437,-0.15007582882674464,0.5508254608959497,17.323494205919758
2023-05-16,0.045417027772713725,True,0.01256544949839955,True,0.026200143001625875,True,0.021630340297036144,True,0.005414749676995845,True,-0.0017617024927593095,True,0.04000227809571788,0.01432715199115886,0.02078539332463003,0.0162155906200403,0.026200143001625875,0.02078539332463003,-0.004608294930875556,-0.048353909465020606,-0.0016189962223421839,0.004317323259579009,-0.17778062304732245,0.9117008172077454,10.654129183396904
2023-05-17,-0.0007899075041363224,True,-0.016546024430156292,True,-0.00023785138341636536,True,0.008979890493460152,True,0.0011321888323720941,True,0.012849754181551543,True,-0.0019220963365084165,-0.029395778611707835,-0.0013700402157884595,0.007847701661088058,-0.00023785138341636536,-0.0013700402157884595,-0.00108108108108107,-0.0043290043290044045,-0.023872679045092937,0.05039787798408479,-0.17083922622696535,1.3950423640185619,3.7456919575461285
2023-05-18,0.02213444229953576,True,0.029442786523188547,True,0.0270441072422154,True,0.03303332944710302,True,0.01210424983533942,True,0.016038742251281768,True,0.010030192464196341,0.013404044271906779,0.014939857406875978,0.0209290796117636,0.0270441072422154,0.014939857406875978,0.01902173913043481,0.05279999999999996,-0.008538422903063836,0.009040683073832323,-0.16940154370481209,0.747187844450508,3.326817733716396
2023-05-19,0.014694476094269326,True,0.05720115923578528,True,0.035057992658117154,True,0.04970498517016231,True,0.018573266817361933,True,0.011088642236144475,True,-0.0038787907230926066,0.04611251699964081,0.01648472584075522,0.031131718352800375,0.035057992658117154,0.01648472584075522,-0.00911854103343468,-0.017382413087934534,-0.035624686402408456,-0.058203712995484214,-0.11050852449721171,1.6504099689388665,75.81354910114352
2023-05-22,-0.008384120246702209,True,0.09661838921777788,True,-0.0055206842768387165,True,-0.013068966146250749,True,-0.002253264492608542,True,0.004536118738561967,True,-0.006130855754093667,0.09208227047921591,-0.0032674197842301744,-0.010815701653642207,-0.008384120246702209,-0.006130855754093667,-0.01144640998959412,-0.01684210526315788,-0.007966011683483765,-0.02177376526818886,-0.16171990507256895,1.21798385551186,47.92430002001751
2023-05-23,0.021521885322461465,True,0.0,True,-0.0008252041864028614,True,-0.0028147138460958843,True,0.0033579314017828654,True,0.0003690730211545201,True,0.0181639539206786,-0.0003690730211545201,-0.004183135588185727,-0.00617264524787875,-0.0008252041864028614,-0.004183135588185727,0.0032119914346895317,-0.042689434364994505,-0.018599562363238453,-0.04321663019693667,-0.20692932591150082,0.6754385702486465,27.167508684294944
2023-05-24,0.005267095186241022,True,-0.026431690745441383,True,-0.014415607474823067,True,-0.015653110322562336,True,-0.012676394177505657,True,0.0004412999010032781,True,0.01794348936374668,-0.02687299064644466,-0.0017392132973174101,-0.0029767161450566793,-0.014415607474823067,-0.0017392132973174101,0.0,0.012263099219620877,0.042479908151549894,0.10103329506314562,-0.30758770229960697,0.7379069624122815,12.421935381268923
2023-05-25,-0.01422152584325409,True,0.009049812400120372,True,-0.014702394410986974,True,-0.004887813723251089,True,-0.005129403600974469,True,-0.0017735302227973593,True,-0.009092122242279621,0.010823342622917731,-0.009572990810012505,0.00024158987772338048,-0.01422152584325409,-0.009092122242279621,0.06718061674008813,-0.014447884416924572,-0.004171011470281427,0.02085505735140769,-0.2544858377031415,0.9143867193428741,33.789672822085876
2023-05-26,0.03264998501782723,True,0.0986546239269046,True,0.08597496149598904,True,0.24369611002861769,True,0.024332830452522325,True,0.008210722043634933,True,0.008317154565304907,0.09044390188326967,0.06164213104346672,0.21936327957609536,0.08597496149598904,0.06164213104346672,-0.002617801047120505,0.045669291338582774,0.015290519877675823,0.04383282364933727,-0.23034128740432658,1.448273251374126,78.53772443086362
2023-05-29,0.030147046758229656,True,-0.008163235194363683,True,0.04912424856032671,True,0.025434631208326453,True,0.025550302220485932,True,0.013077018245150951,True,0.004596744537743724,-0.021240253439514634,0.02357394633984078,-0.0001156710121594795,0.030147046758229656,0.004596744537743724,0.02208835341365445,-0.09724950884086447,-0.11293436293436299,-0.14575289575289574,-0.17685994855564424,1.19310173665894,90.15102204871451
2023-05-30,0.0,False,0.0,True,0.0,False,0.0,False,0.0,False,0.007952111250036475,True,0.0,-0.007952111250036475,0.0,0.0,0.0,0.0,-0.028291621327529937,0.06326987681970886,0.08700629650829983,0.13909559244419012,-0.17057761732851984,2.008726033884692,29.728922036505864
2023-05-31,-0.019985773167104037,True,0.028806575964853254,True,0.004818148861015059,True,0.02991313497035719,True,0.004535165219417436,True,-0.0008151179191400182,True,-0.024520938386521474,0.029621693883993272,0.0002829836415976228,0.025377969750939755,0.004818148861015059,0.0002829836415976228,0.011058451816745807,0.08802083333333344,0.04974874371859306,0.046733668341708556,-0.12809917355371891,1.6570635639153535,54.10008126536602
2023-06-01,-0.002184976982621545,True,-0.02400003890034108,True,-0.025258468157105307,True,-0.056767483663513585,True,-0.005685962749446771,True,-0.0026336991529510856,True,0.0035009857668252264,-0.021366339747389995,-0.019572505407658536,-0.051081520914066814,-0.025258468157105307,-0.019572505407658536,0.002393489707994245,0.00764087870105068,-0.019972131908964186,-0.030190431955411157,-0.04742362061103511,1.7628046461907847,85.47698577019874
2023-06-02,-0.02189782444609789,True,0.024590204771422597,True,0.015035021276600391,True,0.051170955390562156,True,0.011552069327979142,True,-0.00399968050621391,True,-0.03344989377407703,0.028589885277636506,0.003482951948621249,0.039618886062583014,0.015035021276600391,0.003482951948621249,-0.005213270142180204,-0.027155788470700215,-0.016377649325626242,0.0028901734104045396,0.0317848410757946,1.770464252485734,87.38347219771951
2023-06-05,0.02537314643783417,True,0.023999974919516998,True,-0.0024573702844008505,True,-0.011139196560285725,True,0.007499600111517735,True,0.011764299553952196,True,0.017873546326316436,0.012235675365564802,-0.009956970395918585,-0.01863879667180346,-0.0024573702844008505,-0.009956970395918585,0.0024485798237021683,0.04738641914997577,0.021438780371605626,0.018103858980466958,0.008395061728395214,1.0880030617989784,47.23042935466764
2023-06-06,-0.04366808135300149,True,0.03906254344401172,True,-0.012522228071389807,True,-0.003966632566964168,True,0.0007049188715786414,True,0.00045008509530930496,True,-0.04437300022458013,0.038612458348702416,-0.013227146942968449,-0.004671551438542809,-0.012522228071389807,-0.013227146942968449,-0.01585820895522383,-0.03317535545023709,-0.040451552210724495,-0.05174035747883354,0.022412970910824948,1.0725452193832317,77.81403671217755
2023-06-07,0.046423108123222034,True,-0.02255648727963222,True,0.0070682463195259615,True,-0.01319856275369502,True,-0.0001689140153114943,True,0.0028257302003742435,True,0.04659202213853353,-0.025382217480006464,0.007237160334837456,-0.013029648738383526,0.0070682463195259615,0.007237160334837456,0.0063725490196080425,-0.004870920603994189,-0.01967370441458738,-0.045585412667946246,-0.09333333333333338,0.7995774498869542,35.66398194265598
2023-06-08,0.04436361139470879,True,0.03461541277262836,True,-0.00571120303175654,True,-0.030401164732162034,True,-0.016965481247245173,True,0.009594533656025472,True,0.061329092641953964,0.02502087911660289,0.011254278215488633,-0.01343568348491686,-0.00571120303175654,0.011254278215488633,0.00538423886441497,-0.03456669912366117,-0.011958146487294541,-0.008968609865470878,-0.02155172413793116,0.5367927967188736,37.613593451367684
2023-06-09,-0.025766009359689312,True,-0.011152345842774358,True,0.01155705501838078,True,0.02761853563254646,True,0.012413498703880421,True,-0.011156225942977605,True,-0.038179508063569734,3.880100203246251e-06,-0.0008564436854996416,0.015205036928666038,0.01155705501838078,-0.0008564436854996416,-0.00655572365103374,0.10710659898477148,0.08238213399503724,0.09875930521091814,-0.029368575624082127,0.6037718811894114,17.00323702249436
2023-06-12,-0.009292360011992185,True,0.04511267389750184,True,0.004583634990367846,True,0.006751405342163341,True,0.003822570537888481,True,0.009125957424259479,True,-0.013114930549880666,0.035986716473242364,0.0007610644524793653,0.00292883480427486,0.004583634990367846,0.0007610644524793653,0.036221916552040545,-0.012831858407079788,-0.015011037527593807,-0.016777041942604765,0.09268537074148275,1.1396659482808973,82.02158767249651
2023-06-13,0.015151518279136633,True,-0.028776874106095196,True,0.029556043167104473,True,0.01836467673480935,True,0.016896849974814332,True,0.00408427778594489,True,-0.0017453316956776987,-0.032861151892040086,0.012659193192290141,0.0014678267599950168,0.01836467673480935,0.0014678267599950168,0.0022411474675034793,0.008944543828264706,0.012567324955116588,0.011669658886894085,0.14234511008704565,1.3090945140765997,87.11823830463238
2023-06-14,-0.012793131158892579,True,0.007407320519870142,True,0.013824648590648803,True,0.03900536697040535,True,0.007684180915546568,True,0.0154069467071698,True,-0.020477312074439147,-0.007999626187299658,0.006140467675102235,0.031321186054858785,0.013824648590648803,0.006140467675102235,-0.007092198581560294,0.03750000000000009,0.043087971274685666,0.030520646319569078,0.21945945945945944,0.9253569776975081,89.96346732968658
2023-06-15,-0.015118792869427411,True,-0.011029400954796209,True,0.01520188398614808,True,0.048144969478396415,True,0.007267512723802438,True,0.0012511771263630234,True,-0.02238630559322985,-0.012280578081159232,0.00793437126234564,0.04087745675459398,0.01520188398614808,0.00793437126234564,-0.014199655765920749,-0.039720646006110916,-0.026117751217352825,-0.03629924745462598,0.2630434782608695,0.9949568101286559,95.44114600605545
2023-06-16,0.0,True,0.02602235832617117,True,-0.007197916716367159,True,-0.00800068132560905,True,0.011915876104287015,True,0.005617766199769614,True,-0.011915876104287015,0.020404592126401555,-0.019113792820654174,-0.019916557429896065,-0.007197916716367159,-0.019113792820654174,-0.009090909090909038,0.032110091743119185,0.0241238051888939,-0.00045516613563945096,0.11448834853090184,0.9963800010893181,31.915099854471904
2023-06-19,-0.0014620217337352193,True,0.010869669785924962,True,-0.007120545053749705,True,0.0009142357841986914,True,-0.0062929250303049855,True,-0.0026576500956001503,True,0.004830903296569766,0.013527319881525113,-0.0008276200234447195,0.007207160814503677,-0.0014620217337352193,0.004830903296569766,-0.008888888888888835,0.047533632286995475,0.05510388437217695,0.03658536585365857,0.17065556711758578,0.7534127312571426,55.69632582420887
2023-06-20,0.0,False,0.003584187060647892,True,0.0,False,0.0,False,0.0,False,-0.00082998923849531,True,0.0,0.004414176299143202,0.0,0.0,0.0,0.0,-0.008133561643835496,-0.02891670263271484,-0.012291483757682187,-0.01843722563652339,0.2505353319057815,0.9333747866233054,79.87614520195417
2023-06-21,0.006588591039035752,True,0.014285660424309343,True,-0.0035208142998606196,True,0.026140863581796348,True,-0.0014315345869736484,True,-0.0051897349505205526,True,0.0080201256260094,0.019475395374829896,-0.002089279712886971,0.027572398168769996,0.006588591039035752,0.0080201256260094,-0.0040000000000000036,-0.036590807675145,-0.021305530371713455,-0.05349048050770622,0.2541806020066888,0.908740694749961,38.18994378141765
2023-06-26,-0.02690908258611502,True,0.0,True,-0.034742165541284176,True,-0.036500299374654155,True,-0.011883470622017556,True,0.0010177669953450597,True,-0.015025611964097463,-0.0010177669953450597,-0.02285869491926662,-0.0246168287526366,-0.034742165541284176,-0.02285869491926662,-0.024548402037980588,-0.07169990503323831,-0.024451097804391142,-0.019461077844311392,0.18887665198237902,0.640860290581723,18.147186567277117
2023-06-27,-0.01121080500161542,True,-0.02464793650579089,True,-0.004609210936426189,True,-0.03736151046625236,True,-0.013405366587769363,True,-0.008322103485512433,True,0.0021945615861539425,-0.016325833020278457,0.008796155651343174,-0.023956143878482994,-0.01121080500161542,0.0021945615861539425,0.00716112531969304,0.005586592178770999,0.015905592611595853,-0.02924576706003057,0.023560209424083878,0.9193070939729197,5.412177584143961
2023-06-28,0.01814064498084722,True,-0.025270694332869326,True,0.031732961582989105,True,0.03061623280274195,True,0.01719399572324809,True,-0.01004381446043201,True,0.0009466492575991303,-0.015226879872437316,0.014538965859741015,0.01342223707949386,0.03061623280274195,0.01342223707949386,-0.007070707070707116,-0.023397761953204532,0.022908897176345144,0.02823654768247219,-0.0060240963855421326,0.43003163620713714,19.29370346701944
2023-06-29,-0.0059391181974861595,True,0.02222219852562124,True,-0.009042313293589954,True,-0.018124895090466886,True,0.001951613250466444,True,0.0028263115985984744,True,-0.007890731447952604,0.019395886927022765,-0.010993926544056398,-0.02007650834093333,-0.009042313293589954,-0.010993926544056398,0.0,-0.008333333333333304,0.0031612223393044925,0.07428872497365657,0.044613710554951114,0.6354525407611282,11.319681533875723
2023-06-30,0.03286031135934331,True,0.007246291980896213,True,-0.001465295500057362,True,-0.007174660872664607,True,-0.00200255251690995,True,0.00039383958769434457,True,0.03486286387625326,0.006852452393201869,0.0005372570168525881,-0.0051721083557546566,-0.001465295500057362,0.0005372570168525881,0.018907563025210017,0.07938144329896923,0.03254437869822491,0.0724852071005917,0.00263296471827279,0.4816697713791385,9.275197511313479
2023-07-03,0.0050614385546186025,True,0.05035981736925321,True,0.015541678234253453,True,0.03625467837603025,True,0.015420162388186665,True,-0.001579579957618149,True,-0.010358723833568062,0.05193939732687136,0.00012151584606678867,0.020834515987843583,0.015541678234253453,0.00012151584606678867,0.043457497612225504,-0.022425629290617977,-0.008816705336426978,0.023201856148491906,0.002393489707994245,1.0566709576429143,82.84833932868271
2023-07-04,-0.002158254229820189,True,0.047945191222137806,True,0.008867111574849096,True,0.0026239945756245664,True,0.002355063074293895,True,0.009970723110084068,True,-0.004513317304114084,0.03797446811205374,0.006512048500555201,0.00026893150133067145,0.0026239945756245664,0.00026893150133067145,0.001872659176029856,0.04532710280373853,0.0062977957714800414,0.062078272604588314,0.012322274881516604,1.1685467910103202,87.37478827195258
2023-07-05,0.0,False,0.016339887046664003,True,0.0,False,0.0,False,0.0,False,0.0033112650921276465,True,0.0,0.013028621954536357,0.0,0.0,0.0,0.0,0.048725972284309416,-0.02770673486786024,-0.04199916001679971,0.022679546409071882,0.09549461312438767,1.3429257165112929,94.43644007337848
2023-07-06,-0.007209764139906483,True,-0.006430895619401689,True,-0.018880342331318523,True,-0.0022632029418931943,True,-2.694530405467077e-05,True,-0.0049204234148435555,True,-0.007182818835851812,-0.0015104722045581331,-0.018853397027263852,-0.0022362576378385235,-0.007209764139906483,-0.007182818835851812,0.007891275756247262,0.03958242714223581,-0.02528548123980423,-0.06933115823817293,0.0638992537313432,1.657986468021605,96.25938045764453
2023-07-07,-0.013071917152645773,True,-0.035598703156304534,True,-0.011877808549403013,True,-0.005056963859517927,True,-0.007615905074760176,True,-0.017252131367249235,True,-0.005456012077885597,-0.0183465717890553,-0.004261903474642836,0.0025589412152422497,-0.011877808549403013,-0.004261903474642836,-0.012552301255229992,-0.029661016949152685,0.01327433628318575,0.0022123893805308104,0.17156862745098045,1.4611624772650829,98.57412885753067
2023-07-10,-0.002207485845059254,True,-0.0033556654322446366,True,0.0009400966977377578,True,0.009500258968258457,True,-0.0033201728137641773,True,-0.005844051505954573,True,0.0011126869687049235,0.002488386073709936,0.004260269511501935,0.012820431782022634,0.0009400966977377578,0.004260269511501935,0.008296943231441034,-0.041576440017323524,-0.013814616755793319,-0.010695187165775444,0.1209006363191385,1.0075840645282386,46.16106362558043
2023-07-11,0.007374588842250063,True,0.04377096072051456,True,0.014156382461202766,True,-0.007599335710819055,True,0.00032768314016351496,True,-0.0006847102627778323,True,0.007046905702086548,0.044455670983292395,0.01382869932103925,-0.00792701885098257,0.007374588842250063,0.007046905702086548,0.0058743786714867685,-0.004492362982929099,-0.002251238180999593,-0.011706438541197683,0.11598587997982857,0.6748367920725966,25.37944283875065
2023-07-12,-0.009516845965817922,True,0.05483868937132952,True,0.001058403966927468,True,0.005334106960274809,True,0.004940616811400345,True,0.014778857816944768,True,-0.014457462777218266,0.04005983155438475,-0.0038822128444728765,0.00039349014887446465,0.001058403966927468,-0.0038822128444728765,-0.013537906137184197,-0.031107044830741115,-0.034639927073837784,-0.02415679124886061,0.016047684548372354,0.6519389682630934,27.90844121175715
2023-07-13,0.027346629184140436,True,0.03975537800930007,True,0.02101507121648072,True,0.03530264430323915,True,0.012629995665615068,True,0.0037351012604593947,True,0.014716633518525368,0.036020276748840674,0.00838507555086565,0.022672648637624082,0.027346629184140436,0.014716633518525368,0.018885741265344702,0.07970342910101968,0.08523521192361438,0.12016767582673515,-0.050649932765576056,0.686775148382462,8.68274706473315
2023-07-14,0.010071967421935613,True,0.05882359582784802,True,0.024013049355941396,True,0.04726441050942731,True,0.016978564528933315,True,0.0058584437045106075,True,-0.006906597106997703,0.05296515212333741,0.007034484827008081,0.030285845980493997,0.024013049355941396,0.007034484827008081,0.04206008583690979,0.03830313014827014,0.042597187758478094,0.03391232423490487,0.03280141843971629,0.9217350817646638,77.05873408847161
2023-07-17,-0.011396000558891228,True,0.011111069642059324,True,-0.008280263743689287,True,-0.011049111759206753,True,-0.00021077111732303866,True,0.01303002929332564,True,-0.01118522944156819,-0.0019189596512663165,-0.008069492626366248,-0.010838340641883715,-0.011049111759206753,-0.010838340641883715,0.014280047600158552,-0.012514665623777899,-0.014826375341396747,-0.008973858759266484,0.08476764199655773,1.7623332355106573,90.23445978874548
2023-07-18,0.00936600240411134,True,-0.03021986641541885,True,0.01861060614887755,True,0.021817049868239735,True,0.009338530334357165,True,0.0029263463837654324,True,2.7472069754175266e-05,-0.03314621279918428,0.009272075814520386,0.01247851953388257,0.01861060614887755,0.009272075814520386,-0.014653465346534666,-0.014469453376205754,-0.03729878288182176,-0.02473498233215543,0.14772727272727249,0.9279361590573686,90.4638561782173
2023-07-19,0.014275503640095222,True,0.008498666235294383,True,0.0027530904282009327,True,0.022233605840125348,True,0.008180588742750183,True,-0.006136906213254134,True,0.0060949148973450384,0.014635572448548517,-0.005427498314549251,0.014053017097375164,0.014275503640095222,0.0060949148973450384,0.0,-0.004078303425774754,-0.014527845036319542,-0.026634382566586012,0.08977777777777773,0.7017236298959005,48.7045794713567
2023-07-20,0.0014074246330517681,True,-0.036516786789469124,True,-0.01048297443156021,True,-0.008780092441531218,True,-0.00023327809061035598,True,-0.006470355493731206,True,0.001640702723662124,-0.03004643129573792,-0.010249696340949854,-0.008546814350920862,-0.008780092441531218,-0.008546814350920862,0.00040950040950038513,-0.07449856733524352,-0.06182572614107895,-0.04688796680497931,0.045376712328767166,0.6319809413948598,43.23649195577494
2023-07-21,-0.018271207559480973,True,0.02332352760404044,True,-0.03537647678330014,True,-0.03307345493323277,True,-0.023051882997482287,True,0.002830680528370877,True,0.004780675438001314,0.020492847075669562,-0.01232459378581785,-0.010021571935750484,-0.03307345493323277,-0.010021571935750484,-0.0026536930561698036,0.003991130820399036,-0.007887817703768563,0.025416301489921134,0.004888888888888943,0.8656293519920354,8.537687934570073
2023-07-24,-0.009305662988979058,True,0.03133903030038998,True,0.005360542676964952,True,-0.026603608304141435,True,-0.002999378690699772,True,-0.007817783939418455,True,-0.0063062842982792855,0.039156814239808435,0.008359921367664724,-0.023604229613441663,-0.009305662988979058,-0.0063062842982792855,0.0004416961130742081,0.06799116997792498,-0.02064777327935219,-0.020242914979757054,0.04863362667901816,0.6125299308808847,10.907840050948252
2023-07-25,0.01589597287595912,True,0.041436510959367734,True,0.0008452973158565857,True,0.006838375491383886,True,0.001597541246163292,True,0.00017087708570384663,True,0.014298431629795827,0.04126563387366389,-0.0007522439303067063,0.005240834245220594,0.006838375491383886,0.005240834245220594,0.0,0.00785448532451416,-0.004897959183673528,-0.058367346938775544,0.23734015345268533,1.271103708319773,75.77554361238982
2023-07-26,0.012802229454440761,True,-0.061007921997023096,True,0.016047285415526913,True,0.023917349916596553,True,0.006777440454813544,True,0.009703242945243273,True,0.0060247889996272175,-0.07071116494226637,0.00926984496071337,0.01713990946178301,0.016047285415526913,0.00926984496071337,-0.009433962264150941,-0.0401656314699792,0.0,0.002157031924072461,0.23131313131313136,1.1972455841762142,79.44468946577777
2023-07-27,-0.014044930651669008,True,-0.014124308591431434,True,-0.010934248239280464,True,-0.004969577400795289,True,-0.0033263138960404337,True,-0.002112917893505095,True,-0.010718616755628574,-0.012011390697926339,-0.00760793434324003,-0.001643263504754855,-0.010934248239280464,-0.00760793434324003,-0.007333908541846346,-0.026944806605823546,-0.017120280948200173,-0.017120280948200173,0.20729166666666665,0.8807333605161787,27.27025395592743
2023-07-28,-0.0014244661071007858,True,0.00859597934611056,True,0.01797268195539381,True,0.009856791803012355,True,-0.002383820942302939,True,0.0046187499900423035,True,0.000959354835202153,0.003977229356068257,0.02035650289769675,0.012240612745315294,0.009856791803012355,0.012240612745315294,0.0,-0.017418490397498876,0.002277904328018332,-0.015945330296127436,0.17594537815126032,0.59298966298739,14.62442149691914
2023-07-31,0.0021397811691639124,True,0.014204560687582912,True,0.01930646046915041,True,0.01851838266616901,True,0.01821440438192856,True,0.0029642679295842633,True,-0.01607462321276465,0.011240292757998649,0.0010920560872218488,0.00030397828424044704,0.01851838266616901,0.00030397828424044704,0.0,-0.0031818181818181746,-0.0063434526506570554,-0.01993656547349354,0.05062082139446056,0.6058579097389897,10.03148108260065
2023-08-01,0.022064018628754845,True,-0.05042020345901477,True,0.0007477055202427252,True,-0.0004493468632846831,True,0.0005216670130396839,True,-0.008529497468934832,True,0.02154235161571516,-0.041890705990079935,0.0002260385072030413,-0.000971013876324367,0.0007477055202427252,0.0002260385072030413,0.011855905152758917,0.023433979269941396,0.044618215271389206,0.017939282428702796,0.02668539325842678,0.7061696740997001,9.015122041908512
2023-08-02,0.0006963947855795904,True,-0.0265486450078678,True,-0.0005603360822444836,True,-0.00475064244954837,True,-0.0023197055560164603,True,0.003933377836203622,True,0.0030161003415960508,-0.03048202284407142,0.0017593694737719767,-0.0024309368935319098,-0.0005603360822444836,0.0017593694737719767,-0.014971378247468081,0.005364327223960519,0.002674988854213023,-0.00980829246544801,0.015198927134555174,1.0811308842889058,72.0727142315358
2023-08-03,0.020180930004352948,True,-0.04545459392486573,True,-0.03669103634061788,True,-0.04812177689292785,True,-0.021944147926777124,True,-0.01854070168475186,True,0.04212507793113007,-0.026913892240113868,-0.014746888413840753,-0.026177628966150723,-0.03669103634061788,-0.014746888413840753,-0.014673188083592636,-0.015794223826714915,-0.031527531083481386,-0.02042628774422739,-0.014028934677772775,0.7038117185651269,51.815291664300844
2023-08-04,0.002728510386723393,True,0.0,False,-0.0029099229131475113,True,0.0055569269960336065,True,-0.0016027493065960963,True,0.0,False,0.004331259693319489,0.0,-0.001307173606551415,0.007159676302629703,0.002728510386723393,0.004331259693319489,0.0004585052728107719,0.05316223648029328,0.04692482915717555,0.06924829157175405,-0.08744769874476988,0.7159478492653645,18.92782974633765
2023-08-07,0.02380955006877805,True,0.006349132196573404,True,0.0003891019749107105,True,0.003706580420185235,True,-0.004681503818970589,True,-0.002962683780387332,True,0.02849105388774864,0.009311815976960736,0.0050706057938813,0.008388084239155824,0.003706580420185235,0.008388084239155824,-0.0013054830287206887,0.012636165577341929,-0.0076857386848848686,-0.007258753202391222,0.003493449781659441,1.0251973369890317,74.53870958879526
2023-08-08,-0.005315609481208128,True,0.059936919341162964,True,0.010761869963144433,True,0.01649516496663672,True,0.008466642855800233,True,0.009043173185787845,True,-0.01378225233700836,0.05089374615537512,0.0022952271073442,0.008028522110836489,0.010761869963144433,0.0022952271073442,-0.0073149741824439785,-0.0273081924577373,-0.02604166666666663,-0.03298611111111105,0.05015815634884757,0.9323627522368046,80.48739184935138
2023-08-09,0.0020039901426900375,True,0.023809532877101747,True,-0.01648390784574616,True,-0.01657957270671173,True,-0.008502348462160136,True,-0.0069975104436338365,True,0.010506338604850174,0.030807043320735583,-0.007981559383586023,-0.008077224244551595,-0.01648390784574616,-0.007981559383586023,-0.005347593582887722,-0.04121863799283165,-0.03776978417266186,-0.051708633093525136,0.012635379061371799,0.5844232098785651,33.016919754733095
2023-08-10,-0.01933333079020183,True,0.040697666308541436,True,-0.019825193337242197,True,-0.04724184276032983,True,-0.010994452222570228,True,-0.00036326561787558553,True,-0.008338878567631602,0.04106093192641702,-0.00883074111467197,-0.036247390537759605,-0.019825193337242197,-0.00883074111467197,-0.009345794392523366,0.025471698113207486,0.020657276995305063,0.025352112676056304,0.010387157695939564,0.6993907507792289,13.032404919081529
2023-08-11,-0.021074127723506808,True,-0.06983230588698697,True,-0.0021957060810160467,True,-0.0039007684642458074,True,0.001848104170387499,True,-0.014002790717812741,True,-0.022922231893894307,-0.055829515169174226,-0.004043810251403546,-0.005748872634633306,-0.0039007684642458074,-0.005748872634633306,-0.00965961361545531,-0.01207617278216444,-0.006074766355140149,-0.04205607476635509,-0.06695278969957086,0.696564620077798,37.69161348372056
2023-08-14,0.006250010761950087,True,0.07207209197790942,True,-0.02507161004040115,True,-0.03616597252820308,True,-0.0063756875020081205,True,-0.002010809952746051,True,0.012625698263958207,0.07408290193065548,-0.01869592253839303,-0.029790285026194963,-0.02507161004040115,-0.01869592253839303,-0.034320639398213504,0.0438169425511199,0.07361041562343518,0.10916374561842757,-0.15628718762395877,0.5654664179310238,21.128557764907498
2023-08-15,0.0055210438212367485,True,-0.02801123410045203,True,0.030435626586439612,True,0.07093362135099501,True,0.011222107892877808,True,-0.012504470672389134,True,-0.00570106407164106,-0.015506763428062897,0.019213518693561804,0.059711513458117205,0.030435626586439612,0.019213518693561804,0.00746268656716409,-0.006944444444444531,-0.020547945205479423,-0.023287671232876672,-0.1508910891089108,0.9359982427473982,40.15324082735179
2023-08-16,-0.019217552425252138,True,0.037463999262468795,True,-0.012013804094456404,True,0.004274261466842955,True,-0.010611457823032633,True,0.0037295286359031454,True,-0.008606094602219505,0.03373447062656565,-0.001402346271423771,0.014885719289875587,-0.012013804094456404,-0.001402346271423771,-0.014918414918414946,0.012778040700425874,0.001872659176029856,0.0074906367041198685,-0.12520391517128882,0.7455803734611817,41.80469553391876
2023-08-17,-0.0034989636716821204,True,0.04444436743049107,True,-0.01578775153776768,True,-0.010332338154568688,True,-0.010589034277088016,True,-0.00048748596118775023,True,0.007090070605405896,0.04493185339167882,-0.005198717260679664,0.0002566961225193287,-0.010332338154568688,0.0002566961225193287,-0.014018691588784882,0.022748815165876568,0.015529411764705792,0.01741176470588246,-0.12366912366912375,0.7154798577698768,32.76365569357907
2023-08-18,0.016853916782002765,True,0.09840429944354545,True,-0.006757662706819323,True,-0.0032654583300556483,True,-0.010922961152849853,True,0.0042489084405892275,True,0.027776877934852617,0.09415539100295622,0.00416529844603053,0.007657502822794204,-0.0032654583300556483,0.007657502822794204,-0.0041705282669137755,-0.04979060027919946,-0.036792452830188616,-0.017924528301886733,-0.04555506413091559,0.6272637520317655,73.70636008423907
2023-08-21,0.006215480347590674,True,-0.014527830032227462,True,0.004260884409346799,True,-0.001038436816685806,True,-0.0012548233681813903,True,-0.008194791480666375,True,0.007470303715772064,-0.006333038551561088,0.005515707777528189,0.00021638655149558428,0.004260884409346799,0.005515707777528189,-0.004407443682664214,0.0137727496310871,-0.002420135527589573,0.006776379477250849,-0.09805653710247353,0.7569409617424793,8.329792828935894
2023-08-22,0.007549801829483727,True,-0.009828051928534531,True,0.033600155461605,True,0.08471346360499976,True,0.016111445693987703,True,1.1028670310109234e-05,True,-0.008561643864503976,-0.00983908059884464,0.017488709767617294,0.06860201791101206,0.033600155461605,0.017488709767617294,0.019408054342552328,0.051404093288909936,0.0604896783485358,0.011041766682669207,-0.14799503927242663,0.5770994956292725,28.968914368514362
2023-08-23,0.0027247929851148545,True,0.0,True,-0.009997290446335017,True,-0.027657708976471795,True,-0.0014290055846528649,True,0.0034257652888769474,True,0.004153798569767719,-0.0034257652888769474,-0.008568284861682152,-0.02622870339181893,-0.009997290446335017,-0.008568284861682152,-0.018107741059302795,-0.045643153526971014,-0.029990627928772273,0.004686035613870709,-0.09392945036915512,1.4032123765321318,84.2416750762612
2023-08-24,0.00883152935344067,True,0.03722088562800119,True,0.02166797099407547,True,0.03170735120123136,True,0.015768586207580926,True,0.008473921751471325,True,-0.0069370568541402555,0.028746963876529863,0.005899384786494544,0.015938764993650434,0.02166797099407547,0.005899384786494544,0.04347826086956541,-0.017129629629629717,-0.0023496240601503793,-0.03101503759398494,-0.10698878343399465,0.8786034130838474,34.22151782169915
2023-08-25,-0.01010104837382797,True,0.03588512993043613,True,-0.025855750053152216,True,0.0009972885608160453,True,-0.021375642965280717,True,0.011701147104056897,True,0.011274594591452747,0.024183982826379236,-0.004480107087871499,0.022372931526096762,-0.01010104837382797,0.011274594591452747,-0.024964672633066454,-0.05458937198067626,-0.0321463897131552,-0.0034619188921859445,-0.051808843233586366,1.054535424543806,54.72304897370077
2023-08-28,0.004761948939238314,True,-0.04387991256938795,True,0.001814087944032039,True,-0.024277550253467006,True,0.0077514230217290425,True,-0.01724949733220682,True,-0.0029894740824907284,-0.026630415237181126,-0.0059373350776970035,-0.03202897327519605,0.001814087944032039,-0.0059373350776970035,0.0567194685743484,-0.021276595744680882,0.011494252873563093,-0.00249875062468774,-0.11045454545454547,1.2749430191999083,18.535223399584766
2023-08-29,0.014895010598246383,True,-0.024154616622326985,True,0.012341470448794967,True,0.017754063342155568,True,0.007527173323683467,True,0.001679431666672393,True,0.007367837274562916,-0.02583404828899938,0.0048142971251115,0.010226890018472101,0.014895010598246383,0.007367837274562916,-0.006916996047430679,0.04129353233830835,0.04025844930417488,0.05765407554671964,-0.07706338349293196,0.9489528352165627,46.88740290992744
2023-08-30,-0.010673772505346402,True,-0.0049504374253639405,True,0.025641159648768008,True,0.04161398398097771,True,0.021839991762331312,True,0.006928876680357243,True,-0.032513764267677714,-0.011879314105721184,0.003801167886436696,0.019773992218646397,0.025641159648768008,0.003801167886436696,-0.00047778308647861145,0.016730401529636563,-0.019815668202764924,-0.011059907834101268,-0.07837956847203875,0.9687650354212128,69.06370601469413
2023-08-31,0.0033715570459940114,True,0.03731347381262462,True,0.0051032372424812955,True,0.00983936295801624,True,0.005576439881547435,True,0.005785126588636391,True,-0.0022048828355534233,0.03152834722398823,-0.00047320263906613924,0.004262923076468805,0.0051032372424812955,-0.00047320263906613924,-0.013634226610249156,0.007149666348903683,-0.007981220657277022,-0.0023474178403756207,-0.05424633170297921,0.9459367527683754,78.0824114539829
2023-09-01,0.0013440526838401912,True,0.033573054284889325,True,0.004049156901972051,True,0.0018472597439980198,True,0.002998583598961879,True,-0.005102360269459427,True,-0.001654530915121688,0.03867541455434875,0.0010505733030101716,-0.0011513238549638594,0.0018472597439980198,-0.0011513238549638594,-0.00615238996687173,-0.009047619047619082,-0.02483598875351456,-0.023430178069353325,-0.031178358551123275,0.5495405132278905,62.96565106961107
2023-09-04,-0.002013404948942532,True,-0.0672853409829266,True,-6.395812900894526e-05,True,-0.01714117943216631,True,-0.0010582409123386372,True,0.0006269909752045777,True,-0.0009551640366038949,-0.06791233195813118,0.0009942827833296919,-0.016082938519827672,-0.002013404948942532,-0.0009551640366038949,0.004324843825084024,0.026794258373205926,0.02190476190476187,0.005714285714285783,-0.09442993907745867,0.4999481529845122,33.403016386863
2023-09-05,0.0,False,0.02487564920841634,True,0.0,False,0.0,False,0.0,False,0.008696336830040119,True,0.0,0.01617931237837622,0.0,0.0,0.0,0.0,-0.00745573159366264,-0.03849765258215965,-0.022900763358778664,-0.041984732824427606,-0.076592082616179,0.8353117638290527,77.09366251107696
2023-09-06,-0.06657698579268967,True,0.009708624032610302,True,0.0023684833785360127,True,0.00080410600474079,True,0.0012714154686110923,True,0.00011435124397984886,True,-0.06784840126130076,0.009594272788630454,0.0010970679099249203,-0.00046730946387030237,0.00080410600474079,-0.00046730946387030237,-0.0087890625,-0.005911330049261143,-0.000990099009900991,-0.018811881188118718,-0.08734402852049905,1.0655458946691692,25.885737989863372
2023-09-07,-0.012247844012412856,True,0.0408654483906552,True,-0.011623396462514979,True,-0.03054976316690272,True,-0.00880811929437375,True,-0.0031830908852356066,True,-0.0034397247180391055,0.04404853927589081,-0.002815277168141228,-0.02174164387252897,-0.012247844012412856,-0.0034397247180391055,-0.00842418235877096,-0.021489255372314053,-0.007099391480730244,-0.001014198782961384,-0.05700934579439243,0.6661913161069785,18.402120998195016
2023-09-08,-0.011670302477528982,True,-0.0323325554909919,True,-0.022163386189154033,True,-0.017424113759787252,True,-0.007151514819735305,True,-0.007110669878825249,True,-0.004518787657793677,-0.02522188561216665,-0.015011871369418728,-0.010272598940051947,-0.017424113759787252,-0.010272598940051947,-0.004085801838610736,0.00512820512820511,-0.0015282730514517562,0.0005094243504839557,-0.09935602575896973,0.7354821299222277,8.53369267372355
2023-09-11,-0.04723249699733356,True,-0.004773213930962084,True,-0.006277572526143138,True,-0.01446766949320133,True,0.0013975811295052765,True,-0.0025946644729110124,True,-0.04863007812683884,-0.002178549458051071,-0.0076751536556484146,-0.015865250622706606,-0.01446766949320133,-0.015865250622706606,0.0,0.02499999999999991,0.030256410256410238,0.03846153846153855,-0.0785143394452279,0.5351024293098734,11.690838283476111
2023-09-12,-0.010844259589708805,True,-0.04556362808392933,True,0.0007314784102274707,True,-0.008645811626941224,True,0.011782813212247945,True,-0.0086311621574936,True,-0.02262707280195675,-0.03693246592643573,-0.011051334802020474,-0.02042862483918917,-0.008645811626941224,-0.02042862483918917,-0.007964161274265802,0.012042147516307278,0.0009925558312655625,-0.02084367245657559,-0.06296641791044788,0.8394950470110502,67.18759529947835
2023-09-13,0.015661691628487295,True,0.005025227817159861,True,-0.0075088230726626515,True,-0.006817484094301496,True,-0.011088451758432427,True,0.008504968699746929,True,0.026750143386919722,-0.003479740882587068,0.0035796286857697757,0.004270967664130931,-0.006817484094301496,0.004270967664130931,-0.012394645513138292,-0.03514056224899609,-0.014358974358974375,-0.004615384615384577,-0.059673659673659674,0.862448292964364,72.77439696572571
2023-09-14,-0.0015420553085504496,True,-0.030000047185855583,True,0.008101315266391351,True,0.013706306824843528,True,0.0038090781695647724,True,0.0005309226811582857,True,-0.005351133478115222,-0.03053096986701387,0.004292237096826579,0.009897228655278756,0.008101315266391351,0.004292237096826579,0.00624349635796051,-0.004653567735263708,-0.006707946336429238,-0.005159958720330149,-0.10186915887850456,0.9220365555880502,14.428508747003903
2023-09-15,0.02625483842437104,True,0.028350430889414246,True,0.005445883230303705,True,0.0021106796250440762,True,0.008177247256177855,True,0.013632701994279461,True,0.018077591168193186,0.014717728895134785,-0.00273136402587415,-0.006066567631133779,0.005445883230303705,-0.00273136402587415,0.005714285714285783,-0.025309917355371803,-0.02329192546583847,-0.031573498964803326,-0.10797034291010199,0.5059228803542314,18.55267451489945
2023-09-18,-0.022573377847702747,True,0.020050212924672683,True,-0.030253034406353185,True,-0.036879409287474796,True,-0.01712301228976043,True,0.006744546579728228,True,-0.005450365557942316,0.013305666344944456,-0.013130022116592754,-0.019756396997714365,-0.030253034406353185,-0.013130022116592754,-0.005299417064123069,-0.0037293553542887548,-0.005319148936170248,-0.006914893617021245,-0.07590597453477,0.7309945478657602,8.353470348152683
2023-09-19,0.0038491294546465493,True,-0.05159707612350406,True,0.003337773232643171,True,0.0015033309644691961,True,0.001042519576266221,True,-0.013160022535897986,True,0.0028066098783803284,-0.038437053587606074,0.00229525365637695,0.0004608113882029752,0.003337773232643171,0.00229525365637695,-0.0005347593582886168,0.04387372926698774,0.0545945945945947,0.08918918918918917,-0.0926734594856865,0.679275582580536,5.599308420786784
2023-09-20,-0.0030674817461688875,True,-0.015544108439211834,True,-0.008621914375376849,True,-0.010144108881453784,True,-0.0021315187692976245,True,-0.003708170502154551,True,-0.000935962976871263,-0.011835937937057284,-0.0064903956060792245,-0.00801259011215616,-0.008621914375376849,-0.0064903956060792245,-0.0015376729882112805,0.02053388090349073,-0.019723865877712132,-0.010848126232741784,-0.11679492983250339,1.4869534443031425,77.20821202721609
2023-09-21,-0.01384617732121396,True,0.018421091179585902,True,-0.016434947440175707,True,-0.02943469518229136,True,-0.014410492002254971,True,-0.006105335229911635,True,0.0005643146810410116,0.024526426409497537,-0.002024455437920736,-0.015024203180036388,-0.016434947440175707,-0.002024455437920736,-0.014084507042253391,0.015816326530612157,-0.007972097658196287,0.024414549078226155,-0.03961352657004835,1.7306102899458506,86.53770005638796
2023-09-22,-0.01716063327546813,True,0.007751930294954912,True,-0.019982003705220852,True,-0.02893068942809285,True,-0.01832429573483474,True,-0.013189197183205104,True,0.00116366245936661,0.020941127478160015,-0.001657707970386113,-0.01060639369325811,-0.019982003705220852,-0.001657707970386113,0.0,0.09994977398292315,0.04985618408437187,0.08820709491850431,-0.062176165803108696,1.1952707145664232,87.37568599316207
2023-09-25,-0.003174600050953491,True,0.030769282509151008,True,0.008525188346162338,True,0.014457466519494755,True,0.00013963828826346614,True,0.001704425413283417,True,-0.003314238339216957,0.02906485709586759,0.008385550057898872,0.014317828231231289,0.008525188346162338,0.008385550057898872,0.004566210045662267,0.01727272727272733,-0.007978723404255317,0.012411347517730542,0.11905978538579465,2.2609403905286287,98.63640097749197
2023-09-26,-0.0007961965404250648,True,0.04975121883869238,True,0.007044269894192601,True,0.014707964777534999,True,0.004749727244716784,True,0.006592439582647769,True,-0.005545923785141849,0.04315877925604461,0.002294542649475817,0.009958237532818215,0.007044269894192601,0.002294542649475817,0.01251117068811447,0.0,-0.0061403508771930015,-0.013157894736842146,0.10573122529644263,2.3363759492774445,99.04663755137446
2023-09-27,-0.015936239539883656,True,-0.03317534718695103,True,-0.015808656830000767,True,-0.007365826313880719,True,-0.015016351391357152,True,-0.01070737226691576,True,-0.0009198881485265042,-0.022467974920035272,-0.0007923054386436146,0.007650525077476433,-0.015808656830000767,-0.0007923054386436146,0.0004413062665491463,-0.017203352448169396,-0.0040232454179705,0.015645954403218587,0.08265647396082176,1.5192303194426506,99.29432298094878
2023-09-28,0.0234817775623839,True,0.036764746815875826,True,0.009168490819472241,True,0.013290028612373828,True,0.002343371840702213,True,0.0021067762920736754,True,0.021138405721681686,0.03465797052380215,0.006825118978770028,0.010946656771671615,0.013290028612373828,0.010946656771671615,0.018850987432674993,-0.008370044052863346,-0.006181015452538463,-0.02339955849889619,0.047484720263281766,0.9235012986139761,58.23110336773921
2023-10-09,0.022943034333557044,True,0.04491726054382794,True,0.04479189292053154,True,0.07756436932168875,True,0.02720831168576865,True,0.012888124873179807,True,-0.004265277352211605,0.032029135670648134,0.01758358123476289,0.050356057635920104,0.04479189292053154,0.01758358123476289,0.0004442470013326094,-0.00843694493783309,0.005402971634398845,-0.0018009905447996521,0.06530998580217706,1.0442123081770933,72.16545873265163
2023-10-10,-0.007733981369644427,True,0.0,False,-0.0025615319189042918,True,-0.010685745669939073,True,0.00509992838398432,True,0.0,False,-0.012833909753628747,0.0,-0.007661460302888612,-0.015785674053923393,-0.007733981369644427,-0.012833909753628747,0.0076130765785940024,-0.010666666666666602,0.007695789950203702,0.0,0.07304180682364247,0.6440061692042639,47.409718369585455
2023-10-11,0.0,True,0.0,False,0.012367359861657157,True,0.011596248567318446,True,0.005538061098602887,True,0.0,False,-0.005538061098602887,0.0,0.00682929876305427,0.006058187468715559,0.011596248567318446,0.006058187468715559,-0.0004492362982929654,0.007640449438202301,0.0035810205908684,-0.003133393017009878,0.03727865796831309,0.7032321893598618,37.4244906914998
2023-10-12,-0.0031176899525243718,True,-0.013574646223683873,True,0.010814354780839919,True,0.022009669069662285,True,0.007135281518791503,True,0.009167902893788105,True,-0.010252971471315875,-0.022742549117471977,0.0036790732620484157,0.014874387550870782,0.010814354780839919,0.0036790732620484157,0.004014272970561894,-0.005775211017325699,0.009472259810554773,-0.006765899864682123,0.0947265625,1.049177214322429,68.11949601631167
2023-10-13,-0.007818638136668055,True,0.025229355105596207,True,0.00508518117694412,True,0.002969581166276658,True,-0.003475016784794227,True,0.009229881775930204,True,-0.004343621351873828,0.015999473329666003,0.008560197961738347,0.006444597951070885,0.002969581166276658,0.006444597951070885,-0.012511170688114248,-0.009954751131221795,-0.01263537906137191,-0.023916967509025278,0.10901883052527261,0.5739484842870518,54.702866961182025
2023-10-16,-0.018124472012739146,True,-0.00223711020811157,True,-0.025034454463958022,True,-0.03161127861041135,True,-0.012569944896527074,True,-0.002575780052759935,True,-0.005554527116212071,0.0003386698446483649,-0.012464509567430948,-0.01904133371388428,-0.025034454463958022,-0.012464509567430948,-0.006398537477148136,-0.020239190432382648,-0.015711645101663563,-0.02310536044362288,0.11746680286006139,0.6537201388994106,9.234216795081991
2023-10-17,0.024879648368187457,True,-0.035874519552094086,True,0.011524407500314027,True,0.013946069978038711,True,0.01130637136964352,True,-0.007765799618186464,True,0.013573276998543937,-0.028108719933907622,0.00021803613067050698,0.002639698608395191,0.013946069978038711,0.002639698608395191,0.0,-0.012676056338028152,0.0009519276534983856,-0.08091385054735856,0.08673469387755084,0.6258725720325444,3.153366040545123
2023-10-18,-0.0023493097549004416,True,-0.034883685462224645,True,-0.011792839753899997,True,-0.046794505138680886,True,-0.003275439563754201,True,-0.0005818708467223432,True,0.0009261298088537595,-0.0343018146155023,-0.008517400190145796,-0.043519065574926685,-0.011792839753899997,-0.008517400190145796,-0.016167379933428427,-0.029482841952634287,0.04747000521648381,0.05112154407929048,0.04678944748631175,0.4924938224232805,1.9548506295264616
2023-10-19,-0.0361067540354123,True,-0.04337352536727879,True,-0.02002422210927568,True,-0.03964702239365614,True,-0.013118007102798424,True,-0.01211596873882903,True,-0.02298874693261388,-0.031257556628449756,-0.0069062150064772565,-0.026529015290857716,-0.0361067540354123,-0.02298874693261388,-0.01145418326693215,0.008060453400503764,-0.019598236158745674,-0.028417442430181405,-0.004462072384729732,1.5004448965405786,0.5319898400304055
2023-10-20,-0.007329002813106333,True,-0.005037724513068831,True,-0.006811234658520959,True,-0.0022512601453145153,True,-0.00935680197128086,True,0.0007189573075738753,True,0.002027799158174526,-0.005756681820642706,0.0025455673127599,0.007105541825966344,-0.006811234658520959,0.0025455673127599,-0.002998500749625266,-0.018045112781954864,-0.0060882800608828,0.0025367833587011113,0.04110301768990632,0.7740570359005332,0.48045445896535455
2023-10-23,-0.011484773951406124,True,-0.025316563338989018,True,-0.015655131545296852,True,-0.016959354076851896,True,-0.01491795534123852,True,-0.0007299557752927788,True,0.003433181389832396,-0.02458660756369624,-0.0007371762040583318,-0.0020413987356133756,-0.015655131545296852,-0.0007371762040583318,-0.0005104645227157478,-0.009193054136874323,-0.0035952747817155073,0.04160246533127898,0.017662337662337713,0.5457087782948724,0.22217810201304644
2023-10-24,-0.01825728328186793,True,0.0,True,0.0035186099275803517,True,0.03836952913304348,True,0.0030175704439674433,True,-0.011517764639509154,True,-0.021274853725835374,0.011517764639509154,0.0005010394836129084,0.035351958689076035,0.0035186099275803517,0.0005010394836129084,0.015463917525773141,0.021827411167512745,-0.014684287812041119,-0.014194811551639708,0.028086910439851565,0.49562760632490205,0.1494769877411386
2023-10-25,0.00591713400470506,True,0.04675328452233107,True,0.011710931366774924,True,0.016009395222190026,True,0.009728054129994224,True,0.0035935092693262227,True,-0.0038109201252891634,0.04315977525300485,0.0019828772367807,0.006281341092195802,0.011710931366774924,0.0019828772367807,-0.0009935419771485154,-0.045748383888612576,-0.03857715430861719,-0.0360721442885773,0.07647058823529407,0.876243166674974,71.58839357326332
2023-10-26,-0.05798315987412783,True,-0.004962721245857504,True,-0.03874681675099223,True,-0.04314868911963998,True,-0.024475863830250577,True,0.00301229959965732,True,-0.033507296043877255,-0.007975020845514824,-0.014270952920741653,-0.018672825289389405,-0.04314868911963998,-0.018672825289389405,0.005732152162584603,0.007772020725388629,0.010914760914761068,-0.0025987525987524185,-0.016401845207585808,1.149715973904798,25.184559553903938
2023-10-27,0.013380875826925376,True,-0.06733167897965109,True,-0.008797037444818412,True,-0.034778234392008,True,-0.019067106256105193,True,-0.01743085381652021,True,0.03244798208303057,-0.04990082516313088,0.010270068811286781,-0.015711128135902808,-0.008797037444818412,0.010270068811286781,-0.01285347043701801,0.016666666666666607,0.02092050209205021,0.013075313807531463,-0.021629778672032196,0.7391845369487624,44.9311709547645
2023-10-30,0.014084577986089863,True,-0.0026738509946494515,True,0.006183560007232636,True,0.004314906789455231,True,0.00480135892492628,True,0.003786929258525973,True,0.009283219061163583,-0.006460780253175424,0.0013822010823063557,-0.0004864521354710494,0.006183560007232636,0.0013822010823063557,0.0,0.022028688524590168,0.019938650306748462,0.009713701431492971,-0.019588146659969885,0.6695608620232802,51.78368654340836
2023-10-31,0.004340211377930281,True,-0.005361867753002736,True,-0.0025306425248812214,True,0.016321060527892728,True,0.0112653481514986,True,0.0009339758202491222,True,-0.006925136773568319,-0.006295843573251858,-0.013795990676379821,0.005055712376394128,0.004340211377930281,-0.006925136773568319,-0.007017543859649145,-0.013629480060575405,-0.01163378856853825,-0.01163378856853825,-0.08904109589041098,1.1135659865014598,80.93296383864347
2023-11-01,-0.006914427468986184,True,-0.051212941026840486,True,0.00717597541549031,True,-0.009256476656725798,True,0.004782159026186283,True,-0.009189665623205556,True,-0.011696586495172467,-0.04202327540363493,0.0023938163893040265,-0.014038635682912082,-0.006914427468986184,-0.011696586495172467,0.005629477993858822,-0.023409669211195805,-0.008780991735537147,0.02789256198347112,-0.12689901697944594,0.819402903703615,37.59311001107504
2023-11-02,0.12445607777732959,True,0.005681842451403352,True,0.024901235795079746,True,0.0378865495759213,True,0.01735694889654882,True,0.0023304425308050547,True,0.10709912888078077,0.003351399920598297,0.0075442868985309275,0.020529600679372484,0.0378865495759213,0.020529600679372484,0.009900990099009688,0.016511867905056876,-0.011540391369794345,0.0015052684395384652,-0.1531332744924978,0.6651532969282685,19.63831605217254
2023-11-03,0.08513934790821276,True,0.03954791946658065,True,0.02591100407733804,True,0.02790274276116622,True,0.01815318458067927,True,0.022345500970104792,True,0.06698616332753349,0.017202418496475858,0.007757819496658769,0.00974955818048695,0.02790274276116622,0.00974955818048695,-0.009137055837563413,0.021004098360655643,0.008093070308548223,0.02124430955993928,-0.11579892280071813,1.2252583816540168,66.40240546137858
2023-11-06,0.04422252962308226,True,0.02717403115553374,True,0.023340118883516725,True,0.03445512905074333,True,0.011748938987330648,True,0.0067513273596293555,True,0.032473590635751615,0.020422703795904384,0.011591179896186077,0.02270619006341268,0.03445512905074333,0.02270619006341268,0.008529854490717526,0.025870646766169125,0.018774703557312478,0.012845849802371578,-0.1146157263438472,0.9804048799551831,77.96690103575823
2023-11-07,-0.032103842623417256,True,0.044973523703920826,True,0.0029429396810125574,True,0.01657584112982602,True,0.00407912692536927,True,0.008584443032273015,True,-0.036182969548786525,0.03638908067164781,-0.0011361872443567123,0.01249671420445675,0.0029429396810125574,-0.0011361872443567123,-0.005819592628516057,0.02682926829268295,0.04156358238495783,0.03067788223651635,-0.07657859381997312,1.1637251075679946,92.81194124600825
2023-11-08,-0.009174319953491383,True,0.012658241175303342,True,0.006268815807944916,True,0.0044590749827913,True,0.009452758861378197,True,0.00213761039979965,True,-0.01862707881486958,0.010520630775503692,-0.00318394305343328,-0.0049936838785868964,0.0044590749827913,-0.0049936838785868964,-0.01140142517814735,0.00913022585295531,0.007677543186180413,0.05518234165067182,-0.054357592093441154,1.2968982287868702,96.09293658700628
2023-11-09,0.0014245340326219935,True,0.04499995081474384,True,0.0035786078547122013,True,0.01346961778316258,True,0.000643908675561855,True,0.0033491776715870447,True,0.0007806253570601385,0.041650773143156794,0.0029346991791503463,0.012825709107600725,0.0035786078547122013,0.0029346991791503463,-0.004285714285714226,0.028216164514586417,-0.010584445467096248,0.0013805798435342354,-0.06333630686886704,0.8147714581032988,86.87141791562208
2023-11-10,-0.017780938302903393,True,0.02870810394434886,True,-0.001782821405010293,True,0.008073038609220262,True,-0.007695466394399442,True,0.0002879374844320104,True,-0.010085471908503951,0.02842016645991685,0.005912644989389149,0.015768505003619704,-0.001782821405010293,0.005912644989389149,0.0032558139534883956,-0.0023180343069078013,0.00466853408029877,0.04435107376283853,-0.03932082216264532,1.202003261945954,95.50281933560042
2023-11-13,0.031136809445035496,True,0.02558146853404386,True,0.040486919031482715,True,0.029499525344733213,True,0.022482173379920534,True,-0.003761004635882026,True,0.008654636065114962,0.029342473169925887,0.018004745651562182,0.007017351964812679,0.031136809445035496,0.008654636065114962,0.008828996282527868,0.002303086135421406,-0.02246181491464505,-0.018418688230009028,-0.01645338208409508,0.7963496206932196,95.72753433365452
2023-11-14,-0.016853916782002765,True,-0.015873119502464283,True,-0.0061038109064576185,True,0.0058963033325416525,True,-0.0031185509528605104,True,0.00938813399524463,True,-0.013735365829142254,-0.025261253497708913,-0.002985259953597108,0.009014854285402163,-0.0061038109064576185,-0.002985259953597108,0.0,-0.005514705882353033,-0.016810540663334872,-0.008178100863244109,0.021596244131455444,1.0045295417872777,98.0572913788614
2023-11-15,0.044285706111363066,True,0.06912450344833077,True,0.030514234738825863,True,0.021308302632274678,True,0.021526476110857784,True,0.004538307687240062,True,0.02275923000050528,0.0645861957610907,0.008987758627968079,-0.00021817347858310576,0.030514234738825863,0.008987758627968079,0.010628465804066511,-0.009602194787380003,0.004172461752433909,-0.015762633286972694,0.02900618164526869,0.6920231438471514,63.45535875637214
2023-11-16,-0.0027359755243594464,True,-0.012931020812658511,True,0.0007450630451995011,True,-0.015466399471177339,True,0.0007525673315378345,True,0.012595885574200327,True,-0.003488542855897281,-0.02552690638685884,-7.5042863383334435e-06,-0.016218966802715173,-0.0027359755243594464,-0.003488542855897281,-0.01569713758079405,-0.016885553470919246,-0.013647058823529346,0.0065882352941177835,0.07868525896414336,0.6918315442436314,67.30151434428265
2023-11-17,-0.013717408114656493,True,-0.03711788745940958,True,0.0037217741633730483,True,0.012109220431857803,True,0.000855750709966463,True,0.0024753889281960983,True,-0.014573158824622956,-0.03959327638760568,0.0028660234534065854,0.01125346972189134,0.0037217741633730483,0.0028660234534065854,-0.00858778625954193,0.023099133782483072,0.012380952380952381,-0.004285714285714226,0.047476261869065395,0.672320342590602,8.043513742193056
2023-11-20,0.005563276986744636,True,0.0045350215565316265,True,0.004696907160522734,True,-0.003678088179778549,True,0.00023321625073347008,True,0.0021995886093659767,True,0.005330060736011166,0.00233543294716565,0.004463690909789264,-0.003911304430512019,0.004696907160522734,0.004463690909789264,-0.012229539040451654,0.0014285714285715567,0.012030798845043211,0.020692974013474474,0.08524757529351712,0.7010438988898424,47.59423631266377
2023-11-21,-0.004149406601549943,True,0.00902945703384006,True,0.01433224278454892,True,0.022536270937242087,True,0.012174828632052881,True,8.841239262546985e-05,True,-0.016324235233602824,0.00894104464121459,0.00215741415249604,0.010361442305189206,0.01433224278454892,0.00215741415249604,0.003328578221588163,-0.009952606635071137,-0.015087223008015127,-0.020744931636020758,0.08402061855670118,0.6353446686909056,28.680027102085432
2023-11-22,-0.01874996605846524,True,0.00671133062433471,True,-0.014736209828935976,True,-0.009224695521518722,True,-0.005809452561406525,True,0.01198273534654426,True,-0.012940513497058714,-0.0052714047222095495,-0.00892675726752945,-0.003415242960112197,-0.014736209828935976,-0.00892675726752945,-0.007180469123982847,-0.009161041465766573,-0.006286266924564798,-0.014023210831721422,0.03775459513164425,0.6610418895631902,19.328795513064776
2023-11-23,0.021939098615120445,True,-0.01777771269110895,True,-0.002154325071755281,True,-0.024587443108314067,True,0.004093160100166138,True,-0.006111344738066848,True,0.017845938514954307,-0.0116663679530421,-0.006247485171921419,-0.028680603208480204,-0.002154325071755281,-0.006247485171921419,-0.00048661800486626827,0.007302823758519983,0.014215686274509975,-0.002450980392156743,0.07087024491922866,0.5066716333839334,7.481081964796132
2023-11-24,0.0,False,-0.02488694791208279,True,0.0,False,0.0,False,0.0,False,-0.000907495588610141,True,0.0,-0.02397945232347265,0.0,0.0,0.0,0.0,-0.007249879168680584,-0.021908471275559838,-0.012291052114061007,-0.005408062930186808,0.06375321336760909,0.420141544890959,38.51696781072091
2023-11-27,0.001385073292581085,True,0.009280782757181694,True,-0.002220511323415164,True,-0.01929553947432494,True,-0.00141017528760512,True,-0.000412318276733159,True,0.002795248580186205,0.009693101033914853,-0.0008103360358100442,-0.01788536418671982,-0.002220511323415164,-0.0008103360358100442,0.0,0.013439522150323624,0.012431626056688128,0.009448035803083066,0.02920081967213095,0.6180866055847877,9.939031263663153
2023-11-28,0.011064996334025912,True,-0.02758617849444145,True,-0.0006181548198147535,True,0.009753743483770005,True,-0.0008727830807736536,True,-0.008676829780145168,True,0.011937779414799565,-0.01890934871429628,0.0002546282609589001,0.010626526564543659,0.009753743483770005,0.010626526564543659,0.0,0.009823182711198308,0.005378973105134355,0.0009779951100243878,0.02055137844611532,0.5191672943431213,45.99888762347647
2023-11-29,-0.0034199857131497202,True,0.028368764289806725,True,-0.005752921906453046,True,-0.00872667838979646,True,0.0026209555054859113,True,0.011893860280847823,True,-0.0060409412186356315,0.0164749040089589,-0.008373877411938957,-0.011347633895282372,-0.005752921906453046,-0.008373877411938957,-0.0043774319066147704,0.002442598925256556,-0.0014598540145985828,-0.0048661800486619056,0.05220061412487209,0.5298565570251028,66.10474248656524
2023-11-30,0.007549801829483727,True,0.034482723118051783,True,0.009207992725138281,True,0.006670715100658864,True,-0.0009739552095149318,True,0.0016902211129532496,True,0.008523757038998658,0.032792502005098534,0.010181947934653213,0.007644670310173796,0.007549801829483727,0.008523757038998658,0.0,0.007309941520468044,-0.003855421686746907,-0.007710843373494036,0.06930693069306937,0.43470183521887035,57.535958735074
2023-12-01,0.02247955836824511,True,0.013333391153043994,True,-0.010665126822157034,True,-0.028458671431131788,True,-0.0025140184356043926,True,0.0036434669065061875,True,0.024993576803849504,0.009689924246537807,-0.008151108386552641,-0.025944652995527395,-0.010665126822157034,-0.008151108386552641,-0.002418964683115643,0.019398642095053376,0.02386751095957118,0.02679006332196776,0.04923857868020298,0.6197746851268197,78.46850387496791
2023-12-04,-0.001998713270355723,True,0.006578940445288284,True,0.004050391551021715,True,-0.00010692110016330414,True,0.002854656461787286,True,0.00025811855102730874,True,-0.004853369732143009,0.006320821894260975,0.0011957350892344287,-0.00296157756195059,-0.00010692110016330414,-0.00296157756195059,0.006184586108468171,-0.015602836879432536,-0.01092636579572448,-0.026603325415677115,0.05469141996989446,0.8244016298088959,93.47613827803055
2023-12-05,-0.011348406396162636,True,-0.023965139790085743,True,-0.014584539000652041,True,-0.026836384224055987,True,-0.009283421223805988,True,-0.0009673587812422113,True,-0.002064985172356648,-0.022997781008843532,-0.005301117776846054,-0.01755296300025,-0.014584539000652041,-0.005301117776846054,-0.0057636887608070175,-0.02608695652173909,-0.013698630136986356,-0.020058708414872783,0.009699321047526688,0.6879651237885627,52.03001409322736
2023-12-06,-0.022282300339658723,True,-0.05357137246579524,True,0.0,True,0.023293753627682046,True,0.0025107793346252905,True,-0.0053652560293405704,True,-0.024793079674284013,-0.04820611643645467,-0.0025107793346252905,0.020782974293056755,0.0,-0.0025107793346252905,0.0,-0.01041666666666674,-0.002001000500250094,0.019009504752376394,-0.04228028503562942,0.6425514203169657,13.251477845940173
2023-12-07,-0.008977842878199693,True,0.05424524814146281,True,-0.008061466563879516,True,-0.02282783557523793,True,-0.00578362658583309,True,0.0018877492535174234,True,-0.003194216292366603,0.052357498887945386,-0.0022778399780464254,-0.01704420898940484,-0.008977842878199693,-0.003194216292366603,0.0025062656641603454,0.045500000000000096,0.03514851485148518,0.0440594059405941,-0.050000000000000044,0.6347979705369494,8.98838700848053
2023-12-08,0.009059174725491337,True,0.00447422041622314,True,0.022857149029825496,True,0.024020450879508104,True,0.013972236892760614,True,-0.004722181190049524,True,-0.004913062167269278,0.009196401606272664,0.008884912137064882,0.01004821398674749,0.022857149029825496,0.008884912137064882,0.0004782400765184214,0.07170172084130022,0.061553030303030276,0.03172348484848486,-0.02744186046511632,1.3787184224714386,76.90833934404473
2023-12-11,0.026933726219063203,True,0.06013364012780498,True,0.008566156672609182,True,0.019529521630541558,True,0.004456579866704891,True,0.006091300556195112,True,0.022477146352358313,0.054042339571609865,0.004109576805904291,0.015072941763836667,0.019529521630541558,0.015072941763836667,-0.023193577163247214,0.0182648401826484,0.01502048247610377,0.032316795630405126,0.04182156133828996,2.690544982857805,93.10216069225514
2023-12-12,0.006724975268280975,True,-0.07352935839464048,True,0.024002919725538918,True,-0.01850287442916898,True,0.00854200083528478,True,0.001975933540682595,True,-0.001817025567003805,-0.07550529193532307,0.015460918890254138,-0.02704487526445376,0.006724975268280975,-0.001817025567003805,-0.0035874439461883734,0.00990099009900991,-0.002223210315695723,-0.005335704757669979,0.024816176470588314,1.656930946398808,83.76545975833339
2023-12-13,-0.0020040538483879766,True,-0.004535239178373063,True,0.010578168212135974,True,0.022090205309237332,True,0.007964440169901499,True,0.0018538515102279884,True,-0.009968494018289475,-0.006389090688601051,0.0026137280422344755,0.014125765139335833,0.010578168212135974,0.0026137280422344755,-0.0035650623885918886,-0.007155635062611854,-0.009370816599732268,-0.006247211066488179,0.036968576709796475,1.16762388713786,86.84393970225553
2023-12-14,0.012717572917946729,True,0.018223313637003136,True,0.011775872082915306,True,0.009043828910132667,True,0.01271713832273158,True,0.0010486055359522073,True,4.345952151485477e-07,0.01717470810105093,-0.0009412662398162741,-0.003673309412598913,0.011775872082915306,-0.0009412662398162741,0.002702702702702897,-0.019766397124887702,-0.02240143369175629,-0.03718637992831553,0.024930747922437657,0.6082062719623496,52.62809881487603
2023-12-15,0.037673475909638654,True,-0.015659986157527173,True,0.018457580640087512,True,0.00544816640213841,True,-0.000866852368030635,True,0.01054327258708887,True,0.03854032827766929,-0.026203258744616043,0.019324433008118147,0.006315018770169045,0.018457580640087512,0.019324433008118147,0.0009165902841430373,-0.013736263736263798,0.0,-0.003714020427112219,0.04103053435114523,0.7146767862083641,23.41480291309334
2023-12-18,-0.006369390382820028,True,-0.020454596844102224,True,0.004732695034865841,True,0.011168670182879037,True,0.004834071033075649,True,0.0011759835156519571,True,-0.011203461415895677,-0.02163058035975418,-0.00010137599820980725,0.006334599149803388,0.004732695034865841,-0.00010137599820980725,-0.006499535747446661,0.006542056074766434,0.0018604651162790198,0.005581395348837281,0.013170272812794037,0.6487434266812444,12.879242695446962
2023-12-19,-0.005769240409429499,True,0.0023202328011444617,True,0.0017512076758159356,True,0.024278942445529195,True,0.006298693835376845,True,-0.001235713786054915,True,-0.012067934244806344,0.0035559465871993767,-0.0045474861595609095,0.01798024861015235,0.0017512076758159356,-0.0045474861595609095,-0.0004642525533889996,0.006038086391082054,0.007910656119125337,-0.012098650535132482,0.024251069900142586,0.7552024874936103,12.879242695446962
2023-12-20,0.01805285163373438,True,-0.011574086758886937,True,0.0033460460495973177,True,-0.009445548726813913,True,0.005109577530185927,True,-0.004275911531506638,True,0.012943274103548452,-0.007298175227380299,-0.0017635314805886093,-0.01455512625699984,0.0033460460495973177,-0.0017635314805886093,0.0,-0.00877192982456143,0.0018665422305179646,0.00046663555762949116,0.036859741503111554,0.716477137825434,50.816689066112644
2023-12-21,-0.01519947889157558,True,0.0,True,-0.027828886315929835,True,-0.03009831472914648,True,-0.014859784358169592,True,0.0033367432683415466,True,-0.00033969453340598754,-0.0033367432683415466,-0.012969101957760243,-0.015238530370976888,-0.027828886315929835,-0.012969101957760243,-0.004657661853749273,0.012634534394010188,0.015962441314554043,0.017370892018779394,0.044768856447688465,0.8180347489000669,21.36096589053443
2023-12-22,0.009646277600668274,True,-0.014051582779987859,True,0.02472196259748971,True,0.018270279812588885,True,0.011635286195948558,True,-0.005186161111112364,True,-0.001989008595280284,-0.008865421668875495,0.013086676401541153,0.006634993616640328,0.018270279812588885,0.006634993616640328,-0.004158964879852123,-0.011136890951276235,-0.010218300046446971,-0.006502554575011588,0.045915901401643255,0.7904833899901528,61.39965394486805
2023-12-25,0.005732493865049593,True,0.03087888079444423,True,0.00011544335750812706,True,-0.0032659084869341992,True,0.0014961185238844266,True,0.0030147861455658287,True,0.004236375341165166,0.0278640946488784,-0.0013806751663762995,-0.004762027010818626,0.00011544335750812706,-0.0013806751663762995,-0.005631159080243919,0.03728173666823964,0.031924882629107865,0.04600938967136159,0.060726729716276795,0.790768464861725,20.626881111323982
2023-12-26,0.0,False,-0.016128991836105278,True,0.0,False,0.0,False,0.0,False,0.0004665088698287967,True,0.0,-0.016595500705934074,0.0,0.0,0.0,0.0,0.0018198362147405778,0.016348773841961872,0.006747638326585648,-0.010346378767431386,0.07956777996070707,0.9513466246223331,78.52730481137512
2023-12-27,0.013299559129468674,True,0.00936764693432579,True,0.01379269103426295,True,0.009195049820981627,True,0.006121698674862008,True,0.008343763777672208,True,0.007177860454606666,0.0010238831566535822,0.007670992359400941,0.0030733511461196183,0.013299559129468674,0.007177860454606666,0.00044682752457547714,-0.023671281822242096,-0.012646793134598044,-0.0027100271002711285,0.08852140077821025,1.7406790646674928,88.52347802369424
2023-12-28,0.004374980926513672,True,0.006960549956037232,True,0.0010816224564391685,True,0.0028004343499141715,True,0.002035739697323624,True,0.00787357218475404,True,0.0023392412291900477,-0.0009130222287168088,-0.0009541172408844556,0.0007646946525905474,0.0028004343499141715,0.0007646946525905474,-0.0036596523330282293,0.02020202020202011,0.00770975056689327,0.017233560090702982,0.06530214424951253,1.2101151988329901,40.04904560381038
2023-12-29,-0.0024890484715810457,True,-0.011520603153458708,True,-0.0002273857406323021,True,0.0021248855475035633,True,-0.0004861012729292513,True,0.001054642742363665,True,-0.0020029471986517944,-0.012575245895822373,0.0002587155322969492,0.0026109868204328146,-0.0002273857406323021,0.0002587155322969492,0.0,-0.004500450045004434,-0.008960573476702427,-0.009856630824372714,0.07498790517658427,1.1400137694092103,65.90207256071264
2024-01-02,-0.013724283069562748,True,0.016316973209113073,True,-0.005403322860367488,True,0.0,True,-0.004327735444344505,True,0.0011413168589380351,True,-0.009396547625218243,0.015175656350175037,-0.0010755874160229828,0.004327735444344505,-0.005403322860367488,-0.0010755874160229828,-0.000904159132007254,-0.0036199095022625416,-0.00452079566003627,-0.014918625678119413,0.05233111322549955,1.302516657353477,53.16502394537615
2024-01-03,-0.01581277630390232,True,0.0,True,-0.033739341558764235,True,-0.02734144506595837,True,-0.016922303011737472,True,-0.004297116466016604,True,0.0011095267078351512,0.004297116466016604,-0.016817038547026764,-0.010419142054220898,-0.02734144506595837,-0.010419142054220898,-0.005449591280654031,-0.013698630136986134,0.0,-0.01666666666666683,0.057636887608069065,0.6383878516962638,38.34353391851746
2024-01-04,-0.03534705500659696,True,0.002293551055962295,True,-0.017754697760513638,True,-0.012435764856883691,True,-0.010581471051950397,True,-0.01649228076412912,True,-0.024765583954646564,0.018785831820091414,-0.007173226708563241,-0.0018542938049332935,-0.017754697760513638,-0.007173226708563241,-0.0023148148148148806,-0.003712296983758745,0.00987770460959525,-0.02022577610536236,0.0714285714285714,0.9093334187492903,11.474002763655704
2024-01-05,-0.007328488252778431,True,-0.025171695908367764,True,-0.0059046325377553055,True,0.009018659328441814,True,-0.00514632433385287,True,-0.0005501443934380346,True,-0.0021821639189255615,-0.02462155151492973,-0.0007583082039024358,0.014164983662294683,-0.0059046325377553055,-0.0007583082039024358,0.0013972985561248041,-0.04418604651162783,-0.022359657469076977,-0.04091341579448138,0.07619047619047614,0.5683525892999762,8.002499015543805
2024-01-08,-0.012080493698644834,True,-0.03521123323122188,True,0.006606515159463866,True,0.022896734224585158,True,0.0011859501933730865,True,-0.0017384828156632448,True,-0.01326644389201792,-0.03347275041555864,0.0054205649660907795,0.02171078403121207,0.006606515159463866,0.0054205649660907795,-0.0024330900243308973,-0.02634146341463406,-0.008445106805762492,0.0457029309488326,-0.017216642754662836,1.0103559115886365,1.5149646872368407
2024-01-09,0.026494523272665438,True,-0.004866201069943066,True,0.03540460434537018,True,0.0642808764207583,True,0.02066789787595713,True,0.003054917612432817,True,0.005826625396708307,-0.007921118682375883,0.014736706469413052,0.04361297854480117,0.03540460434537018,0.014736706469413052,0.022044088176352616,0.027450980392156987,0.0057581573896352545,-0.030710172744721764,-0.10972346119536114,0.8290838014878307,0.742703951869629
2024-01-10,-0.02183983661179134,True,-0.04400973634893168,True,0.002675001848451375,True,0.016975195089434347,True,0.0019756262718462203,True,-0.0021152131518220596,True,-0.02381546288363756,-0.04189452319710962,0.0006993755766051546,0.014999568817588127,0.002675001848451375,0.0006993755766051546,-0.010019083969465714,-0.015421686746987961,-0.0034146341463414664,0.013658536585365866,-0.06008968609865484,1.549875492006668,63.61513197642724
2024-01-11,0.0006766054846081282,True,0.023017960775663537,True,0.0009279570259685954,True,0.022770001081347635,True,0.0067776388734588355,True,-0.003983884913753566,True,-0.006101033388850707,0.027001845689417103,-0.00584968184749024,0.0159923622078888,0.0009279570259685954,-0.00584968184749024,-0.002936857562408135,0.003927344133529687,-0.00776322173702082,-0.020863658418243558,-0.0895721925133689,0.7826922437525139,38.060200195704525
2024-01-12,-0.0020283795164683927,True,0.029999967209829226,True,0.00567847854582193,True,0.008684284937067854,True,0.0020807801997335673,True,0.004562643844165715,True,-0.00410915971620196,0.02543732336566351,0.0035976983460883627,0.006603504737334287,0.00567847854582193,0.0035976983460883627,-0.007334963325183352,-0.007389162561576512,0.0024875621890545485,-0.0014925373134329067,-0.07882882882882891,1.0224972746475185,39.88282379039682
2024-01-15,0.005420048947527345,True,0.009708624032610302,True,-0.003514626353594452,True,-0.002042886662917298,True,0.0005130076520047933,True,-0.0018517891834584077,True,0.004907041295522552,0.01156041321606871,-0.0040276340055992454,-0.0025558943149220914,-0.002042886662917298,-0.0025558943149220914,-0.006451612903225712,0.018481518481518577,0.006913580246913575,0.007407407407407307,-0.07653528872593962,0.7926289279002787,21.18303664737111
2024-01-16,0.0,False,0.03846163015004356,True,0.0,False,0.0,False,0.0,False,0.0019408761589856383,True,0.0,0.03652075399105792,0.0,0.0,0.0,0.0,-0.0053948013732221245,0.022189349112426093,0.009741841207988378,0.020944958597174823,-0.053389043639740064,0.6585537225326031,54.96660124233662
2024-01-17,-0.016846361012766153,True,-0.0069443631930755645,True,0.015900536133735432,True,0.030561138325097437,True,-9.781682521958768e-05,True,-0.011395293752028635,True,-0.016748544187546566,0.00445093055895307,0.01599835295895502,0.030658955150317024,0.015900536133735432,0.01599835295895502,-0.006753497346840387,0.006313744536182497,-0.01333333333333342,-0.02904761904761899,-0.03760445682451263,1.0100616283162618,79.66394255902586
2024-01-18,-0.026045244034731296,True,-0.018648171785368373,True,-0.006032916170238378,True,-0.005835119650996146,True,-0.005640666870585065,True,-0.01066936498019444,True,-0.02040457716414623,-0.007978806805173932,-0.00039224929965331334,-0.00019445278041108072,-0.006032916170238378,-0.00039224929965331334,-0.005791505791505669,0.062135922330097015,0.05445783132530124,0.09445783132530128,-0.04339796860572476,1.1902063336725013,77.17428746767804
2024-01-19,0.007037324503960107,True,-0.04750584186005802,True,0.032466711587045616,True,0.01880354574128007,True,0.01419405390536621,True,0.003845752896719512,True,-0.007156729401406103,-0.05135159475677753,0.018272657681679405,0.004609491835913859,0.01880354574128007,0.004609491835913859,0.00045703839122501755,0.033348560986751874,-0.0048394192696875615,0.010118785745710568,0.01909641360037262,1.56828866044113,97.23340018167455
2024-01-22,0.013976226652723911,True,0.017456313941931922,True,0.03810103529462716,True,0.04174625403430232,True,0.019831036849319528,True,0.026337127016353046,True,-0.005854810196595617,-0.008880813074421123,0.018269998445307634,0.021915217184982794,0.03810103529462716,0.018269998445307634,0.019009725906277586,-0.04295010845986991,-0.03330411919368981,0.0035056967572304476,0.04528650646950072,2.0464168633098065,98.69575106567453
2024-01-23,0.011716062964324703,True,0.08823528258707714,True,0.004647961801111711,True,0.0027398470675952247,True,0.0013059266621400223,True,0.007554784976987472,True,0.01041013630218468,0.08068049761008966,0.0033420351389716885,0.0014339204054552024,0.004647961801111711,0.0033420351389716885,-0.004079782411604671,0.03277196176604469,0.009341637010676251,-0.0031138790035587505,0.03519474425152502,1.5271243855185967,54.830885063216684
2024-01-24,0.0020435784977888005,True,-0.0022522980140438076,True,0.005104972749687908,True,0.0036712591235550374,True,0.004149568279723681,True,0.0033393152819474192,True,-0.0021059897819348805,-0.005591613295991227,0.0009554044699642272,-0.00047830915616864367,0.0036712591235550374,-0.00047830915616864367,-0.0008814455707359947,-0.005293339214821446,0.015765765765765938,0.029279279279279313,0.03230209281164709,1.294594621068712,77.41546512167564
2024-01-25,-0.013596180064342822,True,-0.02257331762553416,True,0.01777689930368731,True,0.0248692842448186,True,0.005549250410719742,True,6.938533336109387e-05,True,-0.019145430475062564,-0.022642702958895256,0.012227648892967569,0.01932003383409886,0.01777689930368731,0.012227648892967569,-0.010643015521064392,0.04258180188256411,0.027839151568714193,0.00795404330534688,0.0075960679177837775,0.9676796236548615,63.33991448948593
2024-01-26,0.002067521192141486,True,0.02771359788346106,True,0.0,True,0.004155570929009311,True,0.0012210701081818431,True,0.00709276503221834,True,0.0008464510839596429,0.02062083285124272,-0.0012210701081818431,0.002934500820827468,0.002067521192141486,0.0008464510839596429,-0.019346517626827264,-0.04822446295484428,-0.045294635004397454,-0.10202286719437104,0.0640439158279964,1.2850843344589584,87.11038773330624
2024-01-29,-0.018569429490902567,True,-0.026966265641065967,True,-0.021313005016145747,True,-0.009510274655584627,True,-0.005957538397011075,True,-0.0004215966405062277,True,-0.012611891093891492,-0.02654466900055974,-0.015355466619134672,-0.0035527362585735522,-0.018569429490902567,-0.012611891093891492,-0.00506678949792716,-0.08240740740740748,-0.0331707317073171,-0.011219512195121961,-0.022952295229522912,1.4963530727347505,22.73798671888855
2024-01-30,0.0,True,0.03695151309852274,True,0.011738364322989803,True,0.023496250440286692,True,0.010240423718697933,True,0.006924221152651233,True,-0.010240423718697933,0.030027291945871504,0.0014979406042918697,0.01325582672158876,0.011738364322989803,0.0014979406042918697,-0.014631685166498487,0.014848950332821298,-0.02364532019704435,-0.019211822660098576,-0.10397830018083187,1.9946484824277635,8.114491678283073
2024-01-31,0.0021022937637587003,True,0.04231626263630206,True,-0.009922305380268281,True,0.004946807230328698,True,-0.006656464147332786,True,-0.00469104479333371,True,0.008758757911091486,0.04700730742963577,-0.0032658412329354958,0.011603271377661484,0.0021022937637587003,0.008758757911091486,-0.009586276488395606,0.004075394803871646,0.013367609254498758,0.0,-0.0999091734786558,1.0550151956070601,8.114491678283073
2024-02-01,-0.027272750917544775,True,-0.021367476673486485,True,-0.014422836670286987,True,-0.01986492177420285,True,-0.019586218744563122,True,-0.00804398568682585,True,-0.007686532172981653,-0.013323490986660635,0.005163382074276135,-0.0002787030296397264,-0.01986492177420285,-0.0002787030296397264,-0.008117706747843734,0.050127877237851726,0.06704781704781726,0.06652806652806653,-0.08750000000000002,0.9760692330559081,7.057776496135489
2024-02-02,0.02947518705317509,True,0.010917042158193224,True,0.009146217896300435,True,0.024379689971366636,True,0.011775485126019447,True,0.004390763424243049,True,0.017699701927155642,0.006526278733950175,-0.0026292672297190123,0.012604204845347189,0.024379689971366636,0.012604204845347189,0.009254749147588726,-0.006274131274131234,-0.007710843373494036,0.009156626506024113,-0.043782021425244455,1.474585219229588,68.40361888250297
2024-02-05,-0.01187151396067343,True,0.04103671870417136,True,0.0194593906977667,True,0.04970856910566046,True,0.01690051563308148,True,0.005110182189104195,True,-0.02877202959375491,0.035926536515067165,0.0025588750646852176,0.03280805347257898,0.0194593906977667,0.0025588750646852176,-0.00922778047595929,0.020588235294117796,0.0004805382027872618,0.016818837097549277,0.001946472019464851,1.0433589633619407,71.18673860651
2024-02-06,0.0007067299753662493,True,0.031120231844197432,True,0.019506352975455332,True,0.04794440304760417,True,-0.0013053289940718749,True,0.002001149817599579,True,0.002012058969438124,0.029119082026597853,0.020811681969527207,0.04924973204167604,0.019506352975455332,0.020811681969527207,-0.02017291066282434,0.12254901960784315,0.053842613897836955,0.08283479061205701,0.043086172344689366,1.1891557206802807,82.80120316574585
2024-02-07,0.022598848748059952,True,0.0,False,-0.011336226510026082,True,-0.01599541783556735,True,-0.002007232482510446,True,0.0,False,0.024606081230570398,0.0,-0.009328994027515636,-0.013988185353056903,-0.011336226510026082,-0.009328994027515636,0.003930131004366899,0.017398869073510292,0.0,0.04232578024796907,0.09255725190839703,1.7259935380412532,97.92554416979856
2024-02-08,-0.0013811812653045097,True,0.0,False,0.020182565343151104,True,0.027497896544770528,True,0.010290143989900358,True,0.0,False,-0.011671325255204867,0.0,0.009892421353250747,0.01720775255487017,0.020182565343151104,0.009892421353250747,-0.0055579307396322886,0.07437661220980218,-0.01961553550411932,0.03883876029815614,0.14488497307880577,1.6356175133232578,98.53325378845865
2024-02-19,0.08229595969875225,True,0.10663994834159629,True,0.026038719955864487,True,0.035863493824838555,True,-0.0032870369839498315,True,0.028248104625615778,True,0.08558299668270208,0.07839184371598051,0.029325756939814318,0.039150530808788386,0.035863493824838555,0.039150530808788386,0.02400960384153672,0.07424775302852682,0.031906906906906896,-0.010135135135135087,0.22200488997555023,1.8841985252799665,99.49650607704062
2024-02-20,0.0,False,-0.03636367443486899,True,0.0,False,0.0,False,0.0,False,0.0015343901570623597,True,0.0,-0.037898064591931346,0.0,0.0,0.0,0.0,-0.040014550745725685,-0.012883668056081876,-0.00038372985418255734,-0.042210283960091965,0.36426799007444166,2.4132491927081494,99.83504294975468
2024-02-21,-0.0025559081679251694,True,-0.01320751323195879,True,-0.019677793711985303,True,-0.043531928215558624,True,-0.0075481949182418795,True,0.006297522514733034,True,0.00499228675031671,-0.019505035746691823,-0.012129598793743424,-0.035983733297316745,-0.019677793711985303,-0.012129598793743424,-0.03454894433781197,-0.024254473161033796,-0.0020333468889792705,0.014233428222854894,0.2775870524767041,1.9647215730379677,56.25852266828636
2024-02-22,-0.018577832686176854,True,-0.007648216069719327,True,-0.006421244223923428,True,-0.02850883957790018,True,-0.004001751862259262,True,-0.004097955157141175,True,-0.014576080823917592,-0.0035502609125781515,-0.002419492361664166,-0.02450708771564092,-0.018577832686176854,-0.014576080823917592,0.02689486552567244,-0.01111111111111096,-0.004792332268370503,0.033546325878594185,0.1837916063675833,1.7621388292061695,29.371583957719494
2024-02-23,0.016318538184074693,True,-0.01541426258309575,True,0.06829168074584335,True,0.16400865852314306,True,0.02927566233204515,True,0.009448801440578247,True,-0.012957124147970456,-0.024863064023673997,0.039016018413798204,0.1347329961910979,0.06829168074584335,0.039016018413798204,0.030898876404494402,-0.014402491241728321,-0.02088167053364265,-0.012374323279195631,0.20270270270270263,1.3801327017733278,43.066453927790675
2024-02-26,-0.008991611585899784,True,0.025440203095920655,True,-0.006240161408737954,True,0.0035524788535734597,True,-0.0029447309055752324,True,0.0019312885212652287,True,-0.006046880680324551,0.023508914574655426,-0.003295430503162722,0.006497209759148692,-0.006240161408737954,-0.003295430503162722,-0.019747235387045814,0.02941176470588247,-0.0015631105900741904,-0.010160218835482682,0.15722120658135297,1.440128701541329,59.57030515952331
2024-02-27,-0.015554162024998486,True,-0.0019082527091425217,True,0.008292600640831038,True,0.0034891308927440523,True,-0.0005265801782292634,True,0.0031161383748661287,True,-0.015027581846769222,-0.00502439108400865,0.008819180819060302,0.004015711070973316,0.0034891308927440523,0.004015711070973316,-0.018395303326810275,0.08014354066985652,0.040322580645161255,0.026497695852534697,0.12953138815207788,0.9836933720761192,69.67836006653376
2024-02-28,-0.007899926851482775,True,-0.034416849979469255,True,-0.0028999216055670685,True,-0.004943605783886196,True,0.0024052904475446724,True,-0.00494196611994846,True,-0.010305217299027447,-0.029474883859520795,-0.005305212053111741,-0.007348896231430868,-0.004943605783886196,-0.007348896231430868,-0.010705057216685132,-0.05597014925373134,-0.04239212717638152,-0.014004542013626109,0.22801450589301897,1.2912718388995221,93.02635814710561
2024-02-29,-0.020570635183811747,True,0.0,False,-0.011108955253310349,True,-0.01318930015946429,True,-0.005324489723725678,True,0.0,False,-0.015246145460086069,0.0,-0.00578446552958467,-0.007864810435738612,-0.01318930015946429,-0.007864810435738612,0.0,0.04347826086956519,0.01538461538461533,0.026153846153846194,0.11502864698104887,1.166659841952001,33.34247345773318
2024-03-01,0.006097571218988351,True,0.017821763362173337,True,0.021888961300032372,True,0.01865749099140146,True,0.00856945264683917,True,0.005959315304422619,True,-0.0024718814278508194,0.011862448057750719,0.013319508653193202,0.010088038344562289,0.01865749099140146,0.010088038344562289,0.00037878787878797837,0.031806134040136325,0.013011152416356975,0.03494423791821566,0.1707317073170731,0.7896644870064267,62.730645897774465
2024-03-04,0.01548818426451537,True,0.017509771701729404,True,0.04052838479736742,True,0.04003182390001592,True,0.015056854785788776,True,-0.0016259934881998062,True,0.0004313294787265942,0.01913576518992921,0.025471530011578647,0.02497496911422714,0.04003182390001592,0.02497496911422714,0.012844036697247763,0.02681159420289858,0.022366522366522368,0.02128427128427135,0.17153912295786755,0.8814053584021239,77.83386650148151
2024-03-05,0.003315662532349384,True,-0.009560300670716004,True,0.016096875153364554,True,0.035950904019824925,True,-0.003568137588085718,True,0.019506877426717306,True,0.006883800120435102,-0.02906717809743331,0.019665012741450272,0.03951904160791064,0.016096875153364554,0.019665012741450272,-0.02081863091037406,0.020540540540540553,0.01505376344086029,0.016129032258064724,0.3053892215568861,1.027600045162824,89.13070147261098
2024-03-06,-0.009914115734964257,True,0.025096479195640065,True,-0.01530632546925026,True,0.00857656198734369,True,-0.017949686602845127,True,0.004227301850537213,True,0.00803557086788087,0.02086917734510285,0.002643361133594868,0.026526248590188817,-0.009914115734964257,0.00803557086788087,-0.015536723163841804,0.017934002869440357,0.01538461538461533,0.05223613595706622,0.42885973763874863,1.0840264852965387,87.49433612704219
2024-03-07,-0.008010673513089261,True,0.03389827240916499,True,0.025786294455218295,True,0.03182724445876017,True,0.006283745587504663,True,0.005804392720889506,True,-0.014294419100593925,0.02809387968827548,0.01950254886771363,0.02554349887125551,0.025786294455218295,0.01950254886771363,0.0049330514446794815,0.011570827489481239,-0.024018944519621055,0.01150202976995951,0.43188698284561045,0.7848477887614139,88.73520912228327
2024-03-08,0.006056537999141076,True,-0.08014560592119868,True,0.034548239958350324,True,0.044746455413295694,True,0.01517801144533415,True,0.009952604831186207,True,-0.009121473446193074,-0.09009821075238489,0.019370228513016174,0.029568443967961544,0.034548239958350324,0.019370228513016174,0.025996533795493937,0.07229729729729728,0.06224899598393563,0.027443105756358888,0.4637239979705734,0.9605286788911156,95.59025682724423
2024-03-11,0.004682317685057891,True,-0.011881175574782188,True,-0.03920223758050123,True,-0.05547707821899295,True,-0.014434822110064416,True,0.004661471561968833,True,0.019117139795122307,-0.01654264713675102,-0.024767415470436815,-0.04104225610892853,-0.03920223758050123,-0.024767415470436815,-0.03591682419659725,0.02614379084967311,0.026814911706998013,0.0016350555918902554,0.5460301997077448,1.3268590865270546,99.48021092366642
2024-03-12,-0.020639175111107466,True,-0.00601208173338541,True,-0.017823073051783322,True,-0.020039247014668304,True,-0.0037127394111505785,True,-0.002994150887593805,True,-0.016926435699956888,-0.0030179308457916054,-0.014110333640632744,-0.016326507603517726,-0.020039247014668304,-0.016326507603517726,-0.022292993630573243,-0.03778501628664499,-0.02443857331571997,-0.005284015852047519,0.5250121418164158,1.3098544551482356,82.38122041363002
2024-03-13,-0.0047586468145949246,True,-0.022177418444601638,True,0.03163178723980975,True,0.07157178403841713,True,0.01433501251476077,True,0.009554392072756546,True,-0.019093659329355694,-0.03173181051735818,0.01729677472504898,0.05723677152365636,0.03163178723980975,0.01729677472504898,0.021327014218009532,-0.010606562810739129,-0.0023395721925133506,-0.008021390374331583,0.4188280499519692,1.2784582814520413,28.598573693752385
2024-03-14,-0.009562864756803569,True,-0.05567004678911236,True,-0.019783215413682664,True,-0.011152031704404819,True,-0.007685915614241701,True,0.0007009439745004897,True,-0.0018769491425618678,-0.05637099076361285,-0.012097299799440964,-0.0034661160901631183,-0.011152031704404819,-0.0034661160901631183,-0.031825795644891186,0.04152249134948116,0.0252043596730247,0.010558583106267116,0.3034934497816595,1.111673130279686,41.35969688150951
2024-03-15,-0.01862072122508085,True,-0.03711788745940958,True,-0.017900316254194193,True,-0.032391534000465905,True,-0.0025214314642157953,True,0.00047219568149703406,True,-0.016099289760865054,-0.037590083140906616,-0.015378884789978398,-0.02987010253625011,-0.01862072122508085,-0.016099289760865054,-0.0146179401993356,0.05866486850977748,0.03596172880237547,0.07984163642362252,0.28687473279179154,0.8723201045913431,54.48114232220264
2024-03-18,-0.010541083861953515,True,0.05442178203126913,True,-0.007381757688052382,True,-0.0012165244792600172,True,-0.011886994031827691,True,-0.012810760745144978,True,0.001345910169874176,0.0672325427764141,0.00450523634377531,0.010670469552567674,-0.007381757688052382,0.00450523634377531,0.0006369426751593465,0.050604710375556916,0.02134900990099009,-0.0068069306930692575,0.2565026010404161,1.0063449684949786,86.31884174489672
2024-03-19,-0.00923296272339047,True,0.023655842074970845,True,0.002019792541284815,True,0.0070358303578574866,True,0.009537634901139791,True,0.010026653594563673,True,-0.01877059762453026,0.013629188480407173,-0.007517842359854976,-0.0025018045432823044,0.002019792541284815,-0.007517842359854976,-0.012420478642835353,-0.009815950920245453,-0.011029411764705843,-0.001225490196078427,0.20080029101491448,1.0914910521359609,94.9930957056867
2024-03-20,0.0021505185219621303,True,-0.03571427131283944,True,-0.002198987793684326,True,0.010660833266297631,True,0.00249142891066767,True,-0.001139364284441946,True,-0.0003409103887055398,-0.034574907028397495,-0.004690416704351996,0.008169404355629961,0.0021505185219621303,-0.0003409103887055398,0.0006195786864930941,0.006501547987616041,-0.013054037644201544,-0.016697024893746137,0.23915547024952022,0.6757376135449635,60.31467868761494
2024-03-21,0.012875558731741288,True,0.0,True,0.016023802338939852,True,0.010895084498290908,True,0.011856622714187415,True,-0.0036636586659868353,True,0.001018936017553873,0.0036636586659868353,0.004167179624752437,-0.0009615382158965069,0.012875558731741288,0.001018936017553873,-0.006767148569670867,-0.017342830597708248,-0.013063763608087031,-0.018351477449455644,0.3247758761206194,0.765432638518914,67.73654417972155
2024-03-22,0.057203420080879086,True,0.017429129214710626,True,0.022685235651010327,True,0.0117623741688333,True,0.004732266159855225,True,0.020957905899499973,True,0.05247115392102386,-0.0035287766847893476,0.017952969491155102,0.007030108008978075,0.022685235651010327,0.017952969491155102,0.007248660573589749,-0.003754693366708417,0.006639266519127496,-0.018653177363262774,0.2732744783306582,0.5826924664364457,29.8600231997154
2024-03-25,-0.021376128442918696,True,0.059957228747832936,True,0.005876889061923851,True,0.031213356637253442,True,0.0011438446939753266,True,0.0014525329595025394,True,-0.022519973136894023,0.058504695788330396,0.004733044367948525,0.030069511943278115,0.005876889061923851,0.004733044367948525,-0.010678391959799027,-0.04063492063492069,-0.023901808785529832,0.021963824289405576,0.2575039494470772,0.6216699020329125,39.41520142799741
2024-03-26,0.051194540582195636,True,0.0,True,-0.002460032990443839,True,0.007561889033544711,True,-0.003629245892491695,True,-0.0017885564059555437,True,0.05482378647468733,0.0017885564059555437,0.0011692129020478559,0.011191134926036406,0.007561889033544711,0.011191134926036406,0.06551952349437462,-0.03416149068322982,-0.014887551472917315,-0.05036426987646503,0.18277886497064566,1.168376572106253,7.863230314215016
2024-03-27,-0.027272732902445918,True,-0.022222285413160403,True,-0.009291897984108233,True,-0.025694272800568463,True,-0.0032375924441716553,True,-0.003256683411952621,True,-0.024035140458274262,-0.018965602001207782,-0.0060543055399365775,-0.022456680356396808,-0.025694272800568463,-0.022456680356396808,-0.005787781350482302,-0.027166882276843607,0.015530047265361224,0.041525995948683336,0.1480251015134737,1.6054328827513922,50.72061566386367
2024-03-28,0.03671563468237293,True,0.037190112688217924,True,-0.0003556334796528393,True,-0.0249671444698516,True,0.00340600847066419,True,0.0036583082987935445,True,0.03330962621170874,0.03353180438942438,-0.0037616419503170295,-0.02837315294051579,-0.0003556334796528393,-0.0037616419503170295,0.0006648936170214892,0.01196013289036535,-0.0016388069485414603,-0.02359882005899716,0.1889328063241107,1.0139081668086736,24.404840737209724
2024-03-29,0.007726972802473142,True,-0.025896430972302764,True,0.00044476836257212327,True,0.0011744194770684224,True,-0.0018433273253743998,True,-0.002651883338017913,True,0.009570300127847542,-0.02324454763428485,0.002288095687946523,0.0030177468024428222,0.0011744194770684224,0.0030177468024428222,-0.015101772816808912,0.006000000000000005,0.012411942301241208,0.029855753102985494,0.1537878787878788,1.1741331888819435,45.4810516921996
2024-04-01,0.0,False,0.006135094145041098,True,0.0,False,0.0,False,0.0,False,0.007341129462103524,True,0.0,-0.001206035317062426,0.0,0.0,0.0,0.0,0.000662690523525411,0.052980132450331174,0.02580645161290329,0.01774193548387104,0.10752293577981642,0.6607703312919835,32.236205992844106
2024-04-02,-0.02747599757078123,True,-0.004065122851952818,True,0.01311162200973115,True,7.748020486619822e-05,True,0.0021169865381494013,True,-0.0035536387239506473,True,-0.02959298410893063,-0.0005114841280021709,0.010994635471581748,-0.002039506333283203,7.748020486619822e-05,-0.002039506333283203,-0.0031446540880503138,-0.030283911671924346,-0.015690041626641116,-0.04258725584374001,0.12208892025405804,0.9676416632777649,84.49268081976152
2024-04-03,-0.023653127729007628,True,-0.04489795678539177,True,-0.012854249817468744,True,-0.010081468145444528,True,-0.008630101728118844,True,0.012077749370692059,True,-0.015023026000888784,-0.05697570615608383,-0.0042241480893498995,-0.0014513664173256835,-0.012854249817468744,-0.0042241480893498995,-0.01171112556929077,-0.02501645819618159,-0.006040268456375841,0.008389261744966348,0.08545197740112997,0.7648855747867188,42.05357798846216
2024-04-08,-0.017496586891957988,True,0.029914590382930095,True,-0.010532846348760172,True,-0.016142749358348585,True,-0.0014509298673072157,True,-0.006301529819396801,True,-0.016045657024650772,0.036216120202326896,-0.009081916481452956,-0.014691819491041369,-0.016142749358348585,-0.014691819491041369,-0.01080351114112088,0.02457337883959032,-0.010220903395977587,-0.026046818331684762,0.04369274136715995,0.8125838671843632,20.400247754176547
2024-04-09,0.0034246051886412943,True,0.006223993272721939,True,0.0018864080975093955,True,-0.009942372094208007,True,0.0002951001097639683,True,0.003938498687823255,True,0.003129505078877326,0.002285494584898684,0.0015913079877454273,-0.010237472203971976,0.0018864080975093955,0.0015913079877454273,-0.004663557628247883,-0.0046854082998661895,0.007111412123264493,-0.026075177785303105,0.040554592720970506,0.6900004284395121,41.80388943361782
2024-04-10,0.002730372893828159,True,-0.022680411419139568,True,0.004662478130526004,True,-0.02041714318229071,True,0.00369959278514842,True,0.0185378379779646,True,-0.000969219891320261,-0.04121824939710417,0.0009628853453775843,-0.02411673596743913,0.002730372893828159,-0.000969219891320261,-0.0013449899125755893,-0.019528619528619506,0.0013755158184320937,0.01925722145804687,-0.0630119722747321,0.47519026285339694,30.370864594759382
2024-04-11,-0.037440384804027116,True,-0.02742617756609511,True,-0.008701567013378764,True,0.019741461524318993,True,-0.00872841710761918,True,-0.0015709563815653471,True,-0.028711967696407936,-0.025855221184529764,2.6850094240415956e-05,0.028469878631938172,-0.008701567013378764,2.6850094240415956e-05,0.0065247252747251405,-0.017741385192766912,-0.02241086587436336,0.012224108658743571,-0.07261146496815285,0.6296827039921168,13.735149026971527
2024-04-12,0.026874123423933582,True,-0.004338344216435086,True,0.02322760527147527,True,0.04109647564038443,True,0.015968153690605114,True,-0.0004964759893468784,True,0.010905969733328469,-0.0038418682270882076,0.007259451580870158,0.02512832194977932,0.026874123423933582,0.010905969733328469,0.012851684612712688,0.03703703703703698,0.0046511627906975495,0.01661129568106312,-0.025389302640487443,0.5722099543373306,8.676157117094291
2024-04-15,-0.012396714841667711,True,0.0,True,-0.02916725030024858,True,-0.02681642595696354,True,-0.01594183148271866,True,-0.0008023039345643745,True,0.0035451166410509494,0.0008023039345643745,-0.013225418817529921,-0.01087459447424488,-0.02681642595696354,-0.01087459447424488,-0.010912698412698374,0.020394516883985192,0.0006557377049181135,-0.012459016393442601,0.013065326633165952,1.2127153767365102,78.44504451369521
2024-04-16,-0.004881429154767858,True,-0.07407411279401122,True,-0.015044375777570562,True,-0.024777172635669142,True,-0.016451027837384502,True,-0.013830675802599668,True,0.011569598682616644,-0.06024343699141155,0.0014066520598139398,-0.00832614479828464,-0.015044375777570562,0.0014066520598139398,-0.017038007863695914,-0.007333333333333303,-0.0023450586264657236,0.0170854271356784,0.01395348837209287,0.8186898436093787,83.3559070391601
2024-04-17,-0.007708521851638506,True,-0.05176470411125744,True,0.008281195680735376,True,0.016441682510736078,True,9.288702040533003e-05,True,-0.02678800819309357,True,-0.007801408872043836,-0.02497669591816387,0.008188308660330046,0.016348795490330748,0.008281195680735376,0.008188308660330046,0.00738750839489577,0.04033333333333333,0.024286183130948436,0.004594683295044311,-0.05159235668789819,0.8346739264175412,37.816105611069155
2024-04-18,-0.0035310869543547785,True,0.0,True,-0.03084509546910641,True,-0.03866624327072665,True,-0.012201423757633112,True,0.015645148817386545,True,0.008670336803278333,-0.015645148817386545,-0.018643671711473297,-0.02646481951309354,-0.03084509546910641,-0.018643671711473297,-0.016340916372957426,0.007166123778501676,0.007822685788787531,-0.00684485006518909,-0.05452893062708275,1.0168268445410462,80.01475468305401
2024-04-19,-0.002834866252749979,True,0.01736976250253619,True,-0.017749424303282857,True,0.007568296535554797,True,-0.005706376150915626,True,0.004347088791672782,True,0.0028715098981656473,0.013022673710863408,-0.01204304815236723,0.013274672686470423,-0.002834866252749979,0.0028715098981656473,-0.008732212160414088,-0.022185970636215302,-0.009256198347107447,-0.08396694214876033,-0.04213135068153662,0.8238950557281829,62.74482718431329
2024-04-22,-0.001421428892902754,True,-0.04390247137638359,True,-0.04515166963419448,True,-0.10004597683699967,True,-0.020689200413078646,True,-0.03812977104377491,True,0.01926777152017589,-0.005772700332608682,-0.024462469221115835,-0.07935677642392103,-0.04515166963419448,-0.024462469221115835,-0.07240573907240566,0.032733812949640395,0.015205091937765092,0.06294200848656284,-0.07812980621347276,0.8164413052517108,25.991124112173523
2024-04-23,0.014946621729261977,True,-0.07142855394110059,True,0.01912544858190235,True,0.0435430681848874,True,0.010056802205187454,True,-0.0059352553064973,True,0.0048898195240745235,-0.06549329863460329,0.009068646376714895,0.03348626597969995,0.01912544858190235,0.009068646376714895,0.022291884360849945,0.006814310051107331,-0.010381781647689214,-0.005023442732752792,-0.09517806492278602,1.1453216429866415,10.177360127694783
2024-04-24,0.023141649257317765,True,0.03296699916482182,True,0.02354452955998476,True,0.03653275630097985,True,0.014922713279118316,True,0.009688138454874373,True,0.008218935978199449,0.023278860709947446,0.008621816280866446,0.021610043021861536,0.02354452955998476,0.008621816280866446,0.017258883248730816,0.045908183632734634,0.04417137163732976,0.025240783792759958,-0.07192211055276376,0.9159700063657058,50.408184608535755
2024-04-25,0.0020561845549995628,True,0.04521283451997071,True,0.0011549077549799502,True,-0.03331581981373166,True,0.00338763628047678,True,0.027167373321982158,True,-0.0013314517254772174,0.018045461197988555,-0.00223272852549683,-0.03670345609420844,0.0011549077549799502,-0.00223272852549683,-0.013994910941475869,0.003548387096774075,-0.001284109149277679,0.05810593900481553,0.040370615486432726,1.2349663947634117,83.55443560357422
2024-04-26,0.010943902097437785,True,-0.048346059086534554,True,0.019996170513679523,True,0.03708718805968769,True,-0.00482989352210994,True,-0.013626259295338894,True,0.015773795619547726,-0.03471979979119566,0.024826064035789464,0.04191708158179763,0.019996170513679523,0.024826064035789464,0.027965284474445573,0.03689806128830497,0.009744214372715998,0.02161997563946394,0.0003215434083601032,0.7316456004346954,67.74300999940253
2024-04-29,0.02368067576408306,True,0.029411676654261365,True,0.025636145413856948,True,0.0617557660236665,True,0.015431879107926427,True,0.013248943960749937,True,0.008248796656156632,0.016162732693511428,0.01020426630593052,0.046323886915740076,0.025636145413856948,0.01020426630593052,0.00814234016887827,0.0029913251570445887,0.005095923261390967,0.007494004796163134,0.1023936170212767,1.3854017736602873,90.37421366770513
2024-04-30,0.0013218442787892304,True,0.028571511663414206,True,0.0034001901772551246,True,0.0002508087185855157,True,0.0040602657383270735,True,0.01863818412124374,True,-0.002738421459537843,0.009933327542170467,-0.0006600755610719489,-0.003809457019741558,0.0013218442787892304,-0.002738421459537843,-0.00029824038174763867,-0.0005966587112172794,-0.016441573693482203,-0.024955960070463967,0.10078791858174663,0.9548237075708005,92.3193843135012
2024-05-06,0.14257425094388587,True,-0.030302998479082133,True,-0.0029764718695283188,True,0.011759595779588405,True,0.0063085122261004045,True,-0.00806026012163863,True,0.13626573871778547,-0.022242738357443503,-0.009284984095628723,0.005451083553488001,0.011759595779588405,0.005451083553488001,0.020895522388059806,-0.032163742690058506,-0.01075911536162577,0.008667065152420772,0.11000662690523533,0.979831821445977,89.390107096684
2024-05-07,0.011554059451761134,True,-0.007812574847356202,True,0.022688619685665712,True,0.037741125075422266,True,0.010953363820955575,True,0.009492729647566867,True,0.0006006956308055589,-0.01730530449492307,0.011735255864710137,0.02678776125446669,0.022688619685665712,0.011735255864710137,0.009667673716012182,-0.02513464991023351,-0.03035714285714297,-0.042261904761904834,0.04088050314465397,0.922011003954841,48.42030698241344
2024-05-08,0.004568813401504057,True,0.00787409177873255,True,-0.008712432356371647,True,-0.01721292723726997,True,0.0001591415402470986,True,0.006344919339527744,True,0.0044096718612569585,0.0015291724392048067,-0.008871573896618745,-0.01737206877751707,-0.008712432356371647,-0.008871573896618745,-0.00920810313075493,0.0034076827757125727,-0.009177118384827043,-0.024472315692872337,0.05985686402081969,0.9432862156811991,22.093110899623568
2024-05-09,0.004548034281528057,True,0.023437474616983645,True,0.003035329525038044,True,-0.001568099487754715,True,-0.0005905416573070976,True,0.0022746944638225575,True,0.005138575938835155,0.021162780153161087,0.0036258711823451417,-0.0009775578304476173,0.003035329525038044,0.0036258711823451417,-0.007100957085520387,-0.0006218905472635816,0.010691823899370956,-0.011006289308176154,0.09351789331532756,0.6576597445746621,15.810885482221508
2024-05-10,0.009054886628255598,True,0.010178079144278485,True,-0.006413725760605282,True,-0.018415581155859062,True,0.002181447257603608,True,-0.006750569718193655,True,0.00687343937065199,0.01692864886247214,-0.00859517301820889,-0.02059702841346267,-0.006413725760605282,-0.00859517301820889,-0.007467330429371533,-0.015987460815046983,0.002234993614304015,0.01819923371647514,0.07061958694203874,0.7504716028840386,9.04360094712115
2024-05-13,0.030286086250027378,True,-0.027707807143418917,True,0.015092388278244329,True,0.01274401090974231,True,0.0023581372174219517,True,0.00720159390313424,True,0.027927949032605426,-0.03490940104655316,0.012734251060822377,0.010385873692320358,0.015092388278244329,0.012734251060822377,0.003822873526600823,0.011107584893684574,-0.011173184357541888,0.004345127250155123,0.05548083389374581,0.7461536655329151,2.5345807192193206
2024-05-14,-0.015786657717945185,True,-0.028497407823479204,True,-0.00017921541789622797,True,0.005796717015433828,True,0.002307406565246639,True,0.007188770345091466,True,-0.018094064283191824,-0.03568617816857067,-0.002486621983142867,0.0034893104501871886,-0.00017921541789622797,-0.002486621983142867,0.008160703075957176,-0.023038605230386033,-0.012897137464611519,0.020446681346335316,0.0940934065934067,0.7188032711452126,48.7582699642201
2024-05-15,0.0005531100068603134,True,0.015999983620908598,True,0.017110117831673488,True,0.010586632956098185,True,0.006432327522410963,True,0.006143467624945442,True,-0.00587921751555065,0.009856515995963155,0.010677790309262525,0.004154305433687222,0.010586632956098185,0.004154305433687222,-0.008604206500956058,0.024108003857280513,-0.015146831530139182,0.019165378670788158,0.08996179228898926,0.7766390345535872,24.766786994452673
2024-05-16,0.016583705612497113,True,0.02624674869086996,True,0.030033471929150624,True,0.035837596952137174,True,0.01563018608635547,True,0.00768905386860852,True,0.000953519526141644,0.01855769482226144,0.014403285842795155,0.020207410865781705,0.030033471929150624,0.014403285842795155,0.02322661644695545,0.008588957055214674,0.006427915518824712,-0.020508111417202324,0.0535714285714286,0.8142566999883619,62.081926329227606
2024-05-17,0.007612903841414775,True,0.040920728249056015,True,-0.007268095142005104,True,-0.002863743490600812,True,-0.0020311942224597868,True,0.007426455838037249,True,0.009644098063874562,0.033494272411018766,-0.0052369009195453176,-0.0008325492681410251,-0.002863743490600812,-0.0008325492681410251,-0.010644768856447717,-0.0036889025514911244,0.009971953879713169,0.009971953879713169,0.07732634338138933,1.1423913846734883,87.79972911057506
2024-05-20,-0.012412382140423839,True,0.014741999292280816,True,-0.008397892012309338,True,-0.01992392880756122,True,-0.0004867877753059746,True,-0.0021492914094993765,True,-0.011925594365117864,0.016891290701780193,-0.007911104237003364,-0.019437141032255245,-0.012412382140423839,-0.011925594365117864,-0.0034471952366028624,0.023584905660377187,0.024229074889867697,0.024858401510383876,0.08831430490261916,0.8459830515892517,54.02891531950879
2024-05-21,0.0065574231823122275,True,0.0,True,0.020629750198945196,True,0.02488131200751087,True,0.006972818866450403,True,0.0006190547021835968,True,-0.0004153956841381756,-0.0006190547021835968,0.013656931332494793,0.017908493141060466,0.020629750198945196,0.013656931332494793,0.0,0.0006144393241167556,0.0012296341838302638,-0.011681524746388061,0.05927745499356529,0.77201345592954,77.72679642808717
2024-05-22,0.01900110640716912,True,-0.014527830032227462,True,-0.0014042776265699164,True,0.006393770844295155,True,0.001956291168823343,True,-0.0016397830333553243,True,0.01704481523834578,-0.012888046998872138,-0.0033605687953932595,0.0044374796754718115,0.006393770844295155,0.0044374796754718115,-0.007368744243168579,-0.00773275595422207,-0.012619267466912998,-0.010464758387196182,0.06986942964875675,0.6538375372326592,78.42198466819188
2024-05-23,-0.0037293390046384545,True,0.00982797332801355,True,0.008181683223517089,True,-0.004570989098640954,True,-0.00019746533469255922,True,0.014836548818675244,True,-0.0035318736699458952,-0.005008575490661693,0.008379148558209648,-0.004373523763948395,-0.0037293390046384545,-0.0035318736699458952,0.01620947630922709,-0.013803680981595123,0.00218204488778051,0.02244389027431426,0.08717666340257435,0.5995233662596459,31.0044123700974
2024-05-24,-0.006417156916443623,True,-0.019464726444217373,True,0.013652344205635991,True,0.09319672197197404,True,-0.004498566617886501,True,0.0025798091936253265,True,-0.0019185902985571213,-0.0220445356378427,0.018150910823522493,0.09769528858986054,0.013652344205635991,0.018150910823522493,0.0,-0.02830482115085542,-0.046106870229007724,-0.043358778625954275,0.13736612617699406,0.793242368035173,41.16800036328793
2024-05-27,0.011840652005267183,True,0.007444240630142929,True,0.01851387077068578,True,0.025722623923613908,True,0.009456597812536938,True,-0.0019479338523243905,True,0.002384054192730245,0.00939217448246732,0.009057272958148843,0.01626602611107697,0.01851387077068578,0.009057272958148843,0.008002560819462268,0.020959034614163263,0.02290804963410742,0.004772510340439018,0.07375709095698979,1.119242027646884,8.523390732386659
2024-05-28,0.0,False,0.0024630252701396405,True,0.0,False,0.0,False,0.0,False,0.01105615256831216,True,0.0,-0.00859312729817252,0.0,0.0,0.0,0.0,-0.0080870917573872,-0.024772656005017213,-0.026604068857589924,-0.009389671361502372,0.03860628125131993,0.9693318981798116,64.62514147162753
2024-05-29,-0.011702091610770182,True,-0.004914025964267266,True,0.022803543610643517,True,0.0698043258032972,True,0.003777639415567746,True,0.0025060173618918213,True,-0.015479731026337928,-0.007420043326159087,0.01902590419507577,0.06602668638772946,0.022803543610643517,0.01902590419507577,0.0112540192926045,-0.0114467408585055,-0.008925725215173763,-0.01147593241950906,0.015343242592297246,0.8149258728794989,26.75672252340567
2024-05-30,-0.014531779271924616,True,-0.0074073998010907305,True,-0.01673139776149568,True,0.008112296114459738,True,-0.007048413170418488,True,-0.008962690097293446,True,-0.007483366101506128,0.001555290296202716,-0.009682984591077193,0.015160709284878227,-0.014531779271924616,-0.007483366101506128,-0.005467996140237963,0.007438551099611779,0.00776447751536713,0.0022646392753153943,-0.0477330645400732,0.6399512394523102,26.4613780688978
2024-05-31,0.02184596560334673,True,0.01492535769379355,True,-0.013759343143431857,True,-0.03766597479268763,True,-0.010713409702823862,True,-0.013757393248701622,True,0.03255937530617059,0.028682750942495172,-0.003045933440607995,-0.026952565089863767,-0.013759343143431857,-0.003045933440607995,-0.008667736757624334,0.011981865284974136,-0.011075949367088667,0.025632911392404978,-0.056423747002018354,0.5488378893941103,35.06280802016994
2024-06-03,-0.005879139945774603,True,-0.02450983121058392,True,-0.007388481710477568,True,-0.007846270213919149,True,-0.001860196639772882,True,-0.008905424398374384,True,-0.004018943306001721,-0.015604406812209537,-0.005528285070704686,-0.005986073574146267,-0.007388481710477568,-0.005528285070704686,0.0016000000000000458,0.06869009584664543,0.03592443480953866,0.02756271291421486,-0.052546903433604686,0.6208767891405828,53.278651444751915
2024-06-04,0.004301071078780971,True,0.015075361939782983,True,0.012475033375139999,True,0.04895429241958826,True,0.005369342801907928,True,0.017121719263391677,True,-0.0010682717231269567,-0.002046357323608694,0.007105690573232071,0.043584949617680335,0.012475033375139999,0.007105690573232071,-0.005979073243647326,0.010827067669172852,0.002684964200477147,-0.004474940334129096,0.02640942954430292,1.944170906405264,96.4983459549451
2024-06-05,-0.009635990483678247,True,-0.019801908069843277,True,-0.0036141911843866614,True,0.012495723672961478,True,0.0027364521090516014,True,-0.008364332748305281,True,-0.012372442592729849,-0.011437575321537996,-0.006350643293438263,0.009759271563909877,-0.0036141911843866614,-0.006350643293438263,0.0002975304968759751,-0.01873884592504449,-0.016104980614375153,0.025946913212048894,0.047779597085312986,1.0148586971968618,96.9136269350505
2024-06-06,0.02000004536396749,True,-0.012626276294240402,True,0.04868091608645675,True,0.051555771436877285,True,0.020159807267179808,True,0.006005712697569221,True,-0.00015976190321231876,-0.018631988991809623,0.02852110881927694,0.03139596416969748,0.04868091608645675,0.02852110881927694,0.024552894816610937,0.009763313609467694,-0.019252873563218253,-0.030459770114942386,0.03448422497491843,0.8365601503726162,50.499087944716486
2024-06-07,-0.013778495883331354,True,0.005115111485359813,True,-0.007861275392947453,True,-0.011777232346336874,True,-0.0003451878512286122,True,0.01944708756402913,True,-0.013433308032102742,-0.014331976078669317,-0.007516087541718841,-0.011432044495108262,-0.011777232346336874,-0.011432044495108262,-0.009961910342807023,-0.03077833678603137,-0.02063397129186595,-0.026016746411483216,0.07855655031703401,1.5453313356946738,82.0727781790641
2024-06-11,-0.011284308701445145,True,-0.022900739125030545,True,0.013668161319168037,True,0.006545507983663157,True,0.003150868418864805,True,-0.0020234199872982694,True,-0.01443517712030995,-0.020877319137732275,0.010517292900303232,0.003394639564798352,0.006545507983663157,0.003394639564798352,-0.0021374045801526576,0.007037943696450277,0.0030478512648581813,0.01859189271563544,0.05967452418773522,1.1292437846142482,32.258197892995526
2024-06-12,-0.005434803453420622,True,-0.023437557925345187,True,-0.0014851343852534393,True,-0.007143983460098591,True,0.006862631563648636,True,-0.0030314102026263168,True,-0.012297435017069258,-0.02040614772271887,-0.008347765948902075,-0.014006615023747226,-0.005434803453420622,-0.012297435017069258,-0.0009115770282587254,0.00030413625304137604,-0.014679448771719672,0.025763930497303855,0.04914282703628614,0.7278913419505637,40.61609441440247
2024-06-13,0.022950824798034786,True,0.037333323551375974,True,0.0297870040882684,True,0.03548099034475305,True,0.013097858202933077,True,0.011785994524791121,True,0.009852966595101709,0.025547329026584853,0.01668914588533532,0.022383132141819972,0.0297870040882684,0.01668914588533532,0.013986013986013957,0.03208395802098951,-0.009496402877697818,-0.004028776978417303,0.0645435651684414,0.7798649321316671,39.40078970958258
2024-06-14,-0.008012800429071931,True,-0.030848297760514787,True,0.01566009853828798,True,0.035223557736374866,True,0.005420233215900794,True,0.01193154297591259,True,-0.013433033644972725,-0.04277984073642738,0.010239865322387187,0.029803324520474073,0.01566009853828798,0.010239865322387187,-0.004067402672864651,0.08109684947491247,0.058554698657526494,0.055698371893744714,0.09728034356089221,1.4664137202305825,89.1360872229746
2024-06-17,-0.027463663826768014,True,0.01856767639551382,True,0.0025448030323602655,True,0.017514327387519124,True,0.005181198952760369,True,0.00863577013670791,True,-0.03264486277952838,0.009931906258805911,-0.002636395920400103,0.012333128434758756,0.0025448030323602655,-0.002636395920400103,0.011872638963842386,0.006666666666666599,0.018893387314440124,0.0545209176788124,0.14479074833882755,2.203093822234428,97.16517642599706
2024-06-18,0.02325581886566397,True,-0.015624983077988985,True,0.017133904360177254,True,-0.0068245554049455315,True,0.012249904425155611,True,-0.0003639861324233884,True,0.011005914440508358,-0.015260996945565597,0.004883999935021643,-0.019074459830101143,0.017133904360177254,0.004883999935021643,-0.009271523178807972,0.02941176470588247,-0.0010378827192526474,-0.014011416709911795,0.1830154863267166,1.383159865056054,97.95515533306954
2024-06-19,0.025974001846660322,True,0.01058188609873656,True,0.015707567844009285,True,0.03511984880730612,True,0.0003090225008921532,True,0.01159736185000071,True,0.02566497934576817,-0.00101547575126415,0.015398545343117132,0.03481082630641397,0.025974001846660322,0.02566497934576817,0.0025974025974027093,-0.022020725388601115,-0.00395778364116095,-0.010290237467018515,0.18279569892473124,1.2701860797829259,98.72659081061744
2024-06-20,0.0,False,-0.007853311723892253,True,0.0,False,0.0,False,0.0,False,0.01986645158123146,True,0.0,-0.027719763305123712,0.0,0.0,0.0,0.0,-0.0045033112582781865,-0.011442256519425209,-0.01196808510638303,-0.026063829787234094,0.159042063248388,0.7737497759871885,56.26993997626254
2024-06-21,0.002637191288164642,True,0.03166223527723622,True,-0.028327778485735866,True,-0.03540332259882961,True,-0.0077078824695759884,True,0.008468955214737006,True,0.01034507375774063,0.02319328006249921,-0.020619896016159878,-0.027695440129253623,-0.028327778485735866,-0.020619896016159878,-0.014804845222072593,0.013661202185792254,-0.0029561945713517668,0.00940607363611945,0.15804239401496245,0.6492571913828458,33.33392297144083
2024-06-24,0.020515485794466937,True,0.023017960775663537,True,-0.014985925361596264,True,-0.03219155852512867,True,-0.0026792848167994654,True,-0.006524324296809936,True,0.023194770611266402,0.029542285072473473,-0.012306640544796799,-0.029512273708329206,-0.014985925361596264,-0.012306640544796799,-0.005390835579514919,0.0002710027100270018,-0.027148128624143397,-0.052978386926726406,0.15396578538102634,0.5852806322694052,31.21345305352709
2024-06-25,-0.014432927051680422,True,0.022499895431345562,True,-0.03439159642327494,True,-0.06684053461644313,True,-0.011384744600634766,True,-0.018908700814464607,True,-0.0030481824510456557,0.04140859624581017,-0.023006851822640173,-0.05545579001580836,-0.03439159642327494,-0.023006851822640173,-0.017339474397182197,-0.01929969671905163,-0.01577199778638627,-0.003043718871057033,0.1814980793854033,0.8245637580573176,21.04100059032747
2024-06-26,0.03399579445606005,True,-0.022004789958295135,True,0.02341855791605507,True,0.06756418266030972,True,0.011435802894903313,True,0.0027295654149688264,True,0.022559991561156734,-0.02473435537326396,0.011982755021151759,0.05612837976540641,0.03399579445606005,0.022559991561156734,0.020522912566769635,0.01377410468319562,0.008495478213208951,-0.008769525897506125,0.10637636080870916,1.0188507420134838,3.7594027047619676
2024-06-27,-0.010116376242212621,True,0.004999941217620707,True,-0.0032853149627896094,True,0.0024584933941831366,True,0.002065153101126427,True,0.004839958550256096,True,-0.012181529343339048,0.00015998266736461098,-0.005350468063916036,0.0003933402930567098,-0.0032853149627896094,-0.005350468063916036,-0.008695652173913104,-0.011787280701754388,-0.01313988502600616,0.012592389816589167,0.18327974276527348,0.8266838015019625,61.62371237189427
2024-06-28,-0.008686769491309976,True,-0.022784813148536975,True,-0.007857170636047739,True,-0.01906638103915259,True,0.002581230156957881,True,-0.0035111182295121113,True,-0.011267999648267857,-0.019273694919024864,-0.01043840079300562,-0.021647611196110472,-0.008686769491309976,-0.011267999648267857,-0.003883495145631133,0.016429963798384906,-0.011911207363291765,-0.007850568489442322,0.15953682856223872,0.6766545652116691,35.554317147069554
2024-07-01,0.0015464271770837534,True,0.07253884280426348,True,0.007108105421039568,True,-0.0036292922802925176,True,-0.005190896276168866,True,0.005512513704543975,True,0.006737323453252619,0.0670263290997195,0.012299001697208434,0.0015616039958763483,0.0015464271770837534,0.006737323453252619,-0.010410958904109702,0.036821705426356655,0.019047619047619202,-0.002448979591836875,0.1717495987158908,0.8568914345392226,57.25421340963496
2024-07-02,-0.019042760340813647,True,-0.01690818981926423,True,0.0011892377697102496,True,0.006151751290351726,True,0.0058650674948601544,True,0.0011427590660921805,True,-0.0249078278356738,-0.01805094888535641,-0.004675829725149905,0.0002866837954915713,0.0011892377697102496,-0.004675829725149905,-0.008010680907877266,-0.0075370121130552414,-0.0013542795232937,-0.01300108342361872,0.19840000000000013,0.8412705534053562,82.34877865596863
2024-07-03,0.02098633944061845,True,0.04914000397744056,True,0.010037788225487176,True,-0.01311341112286013,True,0.010499638245012655,True,-0.0077715647347769146,True,0.010486701195605796,0.056911568712217475,-0.0004618500195254782,-0.023613049367872785,0.010037788225487176,-0.0004618500195254782,-0.00461079468402481,0.003814713896457711,0.01042238069116852,0.03428414701042248,0.1022421524663677,0.6947787506393546,47.96538767214782
2024-07-04,0.027235391139786902,True,0.007025762330916008,True,0.022721350901522497,True,0.045732550598243105,True,0.00833714255613005,True,0.012808943510362658,True,0.01889824858365685,-0.00578318117944665,0.014384208345392446,0.037395408042113054,0.027235391139786902,0.01889824858365685,0.009771986970684043,0.002956989247311803,-0.008503853308530429,-0.025511559925591287,0.0961023504909253,0.5273967358207337,45.97939319838807
2024-07-05,0.0,False,0.009302302801129647,True,0.0,False,0.0,False,0.0,False,0.015108454922353465,True,0.0,-0.005806152121223818,0.0,0.0,0.0,0.0,-0.0034843205574913716,0.024744486282947786,0.049297714128339276,0.03635362159184807,0.13094877235525915,0.8125946507415057,76.48567238109605
2024-07-08,-0.010004945366721918,True,0.05529962227811658,True,0.00037075308950451635,True,-0.01909898489266848,True,0.010426904669252224,True,0.0014479967883183065,True,-0.02043185003597414,0.05385162548979827,-0.010056151579747707,-0.029525889561920704,-0.010004945366721918,-0.02043185003597414,-0.010761154855643107,0.005306447333510267,0.004773269689737569,0.01829753381066035,0.11631995312042198,0.9269349178391416,91.88715083785833
2024-07-09,0.004547662510143935,True,-0.00655028772166788,True,0.01664692557704206,True,0.018834703390464336,True,0.002378071273574589,True,0.013650555916959961,True,0.002169591236569346,-0.02020084363862784,0.01426885430346747,0.016456632116889747,0.01664692557704206,0.01426885430346747,0.0026392187912378517,0.06449065543564081,0.04496124031007742,0.06976744186046502,0.1569465648854962,0.6910972076498508,68.15448649309191
2024-07-10,0.003521207501406831,True,-0.015384595190736317,True,0.0021880675023253637,True,0.024805536782334547,True,0.0008646934987102117,True,0.0009183997563149138,True,0.0026565140026966194,-0.01630299494705123,0.001323374003615152,0.023940843283624336,0.003521207501406831,0.0026565140026966194,-0.001978239366963397,0.02205153617443023,0.0073260073260073,-0.0026862026862026767,0.22880583409298083,1.1680896916276793,95.62112177422826
2024-07-11,0.024561391096707297,True,-0.01785716916855451,True,0.023507098462779208,True,0.026868588803665716,True,0.01042645875227799,True,0.004476972447382543,True,0.014134932344429307,-0.022334141615937053,0.013080639710501218,0.016442130051387727,0.024561391096707297,0.014134932344429307,0.0,-0.0014545454545454861,0.0007288629737609575,-0.03911564625850339,0.254180602006689,1.3245097469199236,97.17115542177984
2024-07-12,0.026907985454507344,True,0.0,True,-0.0364417857034709,True,-0.05566686767874374,True,-0.021930198471524553,True,0.015951511700039722,True,0.0488381839260319,-0.015951511700039722,-0.014511587231946343,-0.03373666920721918,-0.0364417857034709,-0.014511587231946343,-0.04345714979363924,0.021573604060913798,0.016927741283476516,-0.03259221829206671,0.19668797210923894,1.1989351113660858,92.32927658043538
2024-07-15,-0.0014292847533418085,True,-0.022727253243780665,True,0.012655986060625901,True,0.014442728381981684,True,0.005874811954748704,True,-0.019397254657484875,True,-0.007304096708090513,-0.0033299985862957904,0.006781174105877197,0.00856791642723298,0.012655986060625901,0.006781174105877197,-0.03105590062111796,0.0033333333333334103,0.0007672634271100875,-0.01304347826086949,0.08607663248785746,0.9617918558298846,36.047980533530435
2024-07-16,0.009542021549400426,True,0.03953484173044042,True,-0.002259089209712073,True,-0.006190267312379039,True,0.002687893989985035,True,-0.001570866870910903,True,0.0068541275594153905,0.04110570860135132,-0.004946983199697108,-0.008878161302364074,-0.002259089209712073,-0.004946983199697108,-0.0033222591362126463,0.018205128205128318,0.02477419354838717,-0.008516129032258068,0.03655629139072847,1.3695680037885363,14.69788812430167
2024-07-17,0.059073724433550856,True,0.0,True,-0.0004382656806306562,True,-0.016194219365063933,True,0.00038289329328855537,True,0.004936925783839197,True,0.0586908311402623,-0.004936925783839197,-0.0008211589739192116,-0.01657711265835249,-0.0004382656806306562,-0.0008211589739192116,-0.010073029463611105,-0.08522004578987541,-0.05567226890756294,-0.06748949579831931,0.03142857142857136,1.2650405421022588,47.12966983834524
2024-07-18,-0.040160625821432316,True,0.0022371838177646097,True,-0.07120671057311367,True,-0.06623924417990401,True,-0.02935494610603706,True,-0.009477322922418208,True,-0.010805679715395256,0.011714506740182817,-0.04185176446707661,-0.03688429807386695,-0.06623924417990401,-0.03688429807386695,-0.01473859844271419,0.02286198137171902,0.03336184773310524,0.019389791844881765,-0.04741721854304626,2.0541681683174717,7.965981463731282
2024-07-19,-0.008833125617660365,True,-0.040178578006424326,True,0.005192314542332932,True,0.02627326952129172,True,-0.004732377139752941,True,-0.015622735237073582,True,-0.004100748477907423,-0.024555842769350744,0.009924691682085873,0.03100564666104466,0.005192314542332932,0.009924691682085873,-0.011865342163355441,-0.014241831890533518,-0.014792073681272666,-0.01255930784258985,-0.024495289367429174,1.5563590695623584,18.12594706462501
2024-07-22,-0.010318917284407925,True,-0.0441861027822843,True,-0.028958241972978138,True,-0.02609618086794785,True,-0.008863700700143307,True,-0.022617330175741857,True,-0.001455216584264618,-0.02156877260654244,-0.02009454127283483,-0.017232480167804543,-0.02609618086794785,-0.017232480167804543,-0.00793201133144461,0.020274129069103086,0.018238814477058884,0.03961242519236241,-0.04851752021563338,0.9853976984348713,10.40994734743714
2024-07-23,0.03175355754411968,True,-0.026763945421576896,True,0.03860720268364748,True,0.04757062734784956,True,0.014897953881130244,True,-0.02677259944243182,True,0.016855603662989438,8.654020854925726e-06,0.023709248802517235,0.032672673466719315,0.03860720268364748,0.023709248802517235,0.01987125664707534,-0.028265642151481973,-0.02317241379310353,-0.0055172413793104225,-0.03196965591980494,0.8871988377964992,35.52164369395287
2024-07-24,0.00321541999780961,True,0.06000001100167851,True,-0.011097312406283089,True,-0.0076899677865671645,True,-0.003524881732710372,True,0.027625011418902057,True,0.006740301730519982,0.032374999582776454,-0.0075724306735727165,-0.004165086053856792,-0.0076899677865671645,-0.004165086053856792,-0.01157865009884207,-0.0014285714285713347,-0.021282553906468715,-0.053486418370204514,-0.004498172617374174,0.9647591064088972,25.064946026493516
2024-07-25,-0.010989000432297447,True,0.0,False,-0.054461299635204186,True,-0.06803147453981573,True,-0.03587018795987995,True,0.0,False,0.024881187527582505,0.0,-0.018591111675324234,-0.03216128657993578,-0.054461299635204186,-0.018591111675324234,-0.030615164520743976,-0.01416765053128699,-0.011249259917110788,-0.011249259917110788,-0.05027173913043492,0.8780357930403259,13.575556001493169
2024-07-26,-0.019444447633170214,True,0.0,False,-0.018341750027624615,True,-0.01724296564009309,True,-0.011027721560872727,True,0.0,False,-0.008416726072297487,0.0,-0.007314028466751887,-0.006215244079220361,-0.018341750027624615,-0.007314028466751887,-0.004790419161676551,0.008423586040914532,-0.00029824038174763867,0.0023859230539815535,-0.07350901525658815,1.1858528115583764,3.3199253055360742
2024-07-29,0.021718558916179243,True,-0.009433939184293805,True,0.01585224269879304,True,0.006946860499834839,True,0.010256059976536669,True,-0.032906356086419675,True,0.011462498939642574,0.02347241690212587,0.005596182722256371,-0.0033091994767018296,0.01585224269879304,0.005596182722256371,-0.0020883054892602004,0.018535127055306244,0.008883624518803535,-0.02517026946994383,-0.0816438356164384,1.0173110106852654,13.444545337027009
2024-07-30,-0.0064694729018988095,True,-0.02857143284807695,True,-0.0071158112255751416,True,-0.013002028206778427,True,0.002008664629086221,True,0.0020470575104574174,True,-0.00847813753098503,-0.030618490358534367,-0.009124475854661362,-0.015010692835864647,-0.0071158112255751416,-0.009124475854661362,-0.00792486058115649,-0.03343195266272181,-0.007292616226070914,0.011546642357946002,-0.09025367156208297,0.863073489420742,55.838155383133696
2024-07-31,-0.03534884785496917,True,0.05392155125510811,True,-0.03826490620021816,True,-0.07043635327021225,True,-0.013731354288171849,True,0.0026655283970109522,True,-0.02161749356679732,0.05125602285809716,-0.024533551912046314,-0.0567049989820404,-0.03826490620021816,-0.024533551912046314,-0.013161922252831304,0.038461538461538325,0.022290076335877762,0.05374045801526717,-0.113913751017087,0.8775518387088307,15.983654257141978
2024-08-01,-0.06557380064417617,True,0.020930236128181123,True,0.0763499009731039,True,0.128120963341666,True,0.02959369086425001,True,-0.001089865524954714,True,-0.09516749150842618,0.022020101653135837,0.04675621010885389,0.098527272477416,0.0763499009731039,0.04675621010885389,0.045400238948626104,-0.025999999999999912,-0.013314037626627861,-0.05962373371924734,-0.0912052117263844,1.1793538041125058,53.986617096044526
2024-08-02,0.008256024854978117,True,0.038724403913461325,True,-0.0646990455591242,True,-0.06674063522081286,True,-0.024221362133138635,True,0.019944277998713122,True,0.03247738698811675,0.018780125914748202,-0.04047768342598557,-0.042519273087674225,-0.0646990455591242,-0.04047768342598557,-0.03784100909357602,-0.027134146341463272,-0.01845585973546593,-0.045524454014149396,-0.08630393996247654,1.0700580437806562,72.63200600864789
2024-08-05,-0.06294787062202989,True,-0.0899123160751748,True,-0.05445646523528591,True,-0.01776397572092725,True,-0.023735045803637833,True,-0.04434260881041652,True,-0.039212824818392056,-0.045569707264758286,-0.030721419431648078,0.005971070082710583,-0.05445646523528591,-0.030721419431648078,-0.04199310560952674,-0.018318613019299934,-0.02564935064935059,0.012662337662337597,-0.16246719160104994,1.342912150900161,18.641264068339396
2024-08-06,-0.028945865360766487,True,-0.09879514768796982,True,-0.023440043193622473,True,-0.06357784927710175,True,-0.029816164128753875,True,-0.08351980222953914,True,0.0008702987679873875,-0.015275345458430678,0.006376120935131402,-0.033761685148347875,-0.028945865360766487,0.0008702987679873875,0.042652449183605334,-0.00319590923617763,0.012662337662337597,0.027922077922077904,-0.20797044074953808,1.2764296755212807,8.11993174589442
2024-08-07,0.005061875653103343,True,0.008021307451514748,True,0.0194553005937097,True,0.03782982636859211,True,0.009555111566350583,True,0.03379268306975858,True,-0.00449323591324724,-0.02577137561824383,0.009900189027359119,0.02827471480224153,0.0194553005937097,0.009900189027359119,-0.006091696056428342,0.016451612903225943,-0.013771517996870042,-0.028169014084507005,-0.22873392680514337,1.0097812041513543,45.98650787179339
2024-08-08,-0.03469506491976171,True,0.09814331348056271,True,-0.027545360195014856,True,-0.051223041180568085,True,-0.010829735150622244,True,0.038742452023632135,True,-0.023865329769139465,0.059400861456930576,-0.016715625044392612,-0.04039330602994584,-0.03469506491976171,-0.023865329769139465,-0.016185337987940418,-0.004838709677419284,0.0009733939000649006,0.036664503569110884,-0.23612121212121207,0.7605509487439764,55.85432063557444
2024-08-09,0.028405783832937015,True,0.009661811907293094,True,0.06355518885101885,True,0.06126774486074682,True,0.03059093255400991,True,-0.019965912706408795,True,-0.0021851487210728937,0.02962772461370189,0.03296425629700894,0.03067681230673691,0.06126774486074682,0.03067681230673691,0.020421393841166813,0.029542566709021445,0.004027261462205667,-0.00030978934324654706,-0.2510318038358825,0.5613783259399848,31.851178316286877
2024-08-12,0.016911000466730552,True,-0.004784639701801097,True,-0.0002667962527670431,True,-0.002095748636688377,True,0.005222305730550714,True,0.0286965755714923,True,0.011688694736179839,-0.033481215273293397,-0.005489101983317757,-0.007318054367239091,-0.0002667962527670431,-0.005489101983317757,-0.009256402344955172,0.02273435066957341,-0.0006086427267193439,0.037735849056603765,-0.19478260869565212,1.041427436686976,77.51994746076487
2024-08-13,-0.0011086727687722453,True,-0.004807718100140246,True,0.009384120791743777,True,0.04076372570923237,True,0.002153707434910057,True,0.01417205112604214,True,-0.0032623802036823024,-0.018979769226182386,0.00723041335683372,0.03861001827432231,0.009384120791743777,0.00723041335683372,0.0057856272838001654,0.0003027550711474092,-0.018127786032689386,0.005646359583952654,-0.16074623051367232,0.7429185848242624,83.58439967359587
2024-08-14,0.02164258489130133,True,0.0024154339953219583,True,0.04066788764464624,True,0.06530900221761238,True,0.024812683942733615,True,0.0010706043617687566,True,-0.0031700990514322847,0.0013448296335532017,0.015855203701912624,0.04049631827487876,0.04066788764464624,0.015855203701912624,0.013922518159806385,-0.020597014925373025,-0.028139810426540124,-0.02754739336492895,-0.16796776630571641,0.9778666653370321,86.87748430994807
2024-08-15,-0.009777311606066319,True,-0.00481930320784707,True,0.0008467183350580054,True,0.016704143066196275,True,0.0003243266834573877,True,0.010583302060494848,True,-0.010101638289523707,-0.015402605268341918,0.0005223916516006177,0.016379816382738888,0.0008467183350580054,0.0005223916516006177,-0.004876562023773401,-0.004287901990811638,-0.008841463414634099,0.030487804878048808,-0.08759733036707462,0.7781598913804285,59.448278120634455
2024-08-16,0.02797587721822148,True,0.0,True,0.04221841394134307,True,0.040481021261487005,True,0.025263061407757803,True,-0.005996212787569899,True,0.0027128158104636757,0.005996212787569899,0.016955352533585266,0.015217959853729202,0.040481021261487005,0.015217959853729202,0.010765918179021838,0.026780279975654464,-0.007938841517200701,-0.014701558365186718,-0.10292494481236214,0.5340262151729711,32.59896334600097
2024-08-19,0.006403460015957041,True,0.05084746794709827,True,0.0013800941204720196,True,0.013999592379095649,True,0.0012858170752290121,True,0.020742481463743134,True,0.005117642940728029,0.030104986483355134,9.42770452430075e-05,0.012713775303866637,0.006403460015957041,0.005117642940728029,-0.004149377593360981,-0.0014880952380953438,-0.01149086623453155,-0.004419563936358228,-0.04419263456090661,0.9594014943506893,85.66990642323093
2024-08-20,0.0323435144889721,True,0.018433207426038933,True,0.018766868302142914,True,0.043506210659279176,True,0.013136040156486173,True,0.002698102405719105,True,0.01920747433248593,0.01573510502031983,0.005630828145656741,0.030370170502793004,0.0323435144889721,0.01920747433248593,0.012518628912071561,-0.015013246982631623,-0.0020876826722338038,-0.009245451834178464,-0.0610131542121467,0.6030674984313105,68.90753596524436
2024-08-21,-0.01592190430791407,True,-0.033936657215084765,True,-0.01305000946889534,True,-0.021153865619667478,True,-0.0020984790645026674,True,0.0008687670993854368,True,-0.013823425243411402,-0.0348054243144702,-0.010951530404392673,-0.01905538655516481,-0.01592190430791407,-0.013823425243411402,-0.013448894202032324,0.014238109663738285,0.0017953321364450048,-0.006882106523040221,-0.05506918949449302,0.48237049023829176,58.13194912951856
2024-08-22,0.03079332762456044,True,0.0,True,0.01036044866416752,True,0.009823027976856746,True,0.00466395155609578,True,-0.008525040581436327,True,0.02612937606846466,0.008525040581436327,0.005696497108071741,0.005159076420760966,0.01036044866416752,0.005696497108071741,0.0,0.020609318996415826,0.037970838396111706,0.00941676792223567,-0.0420600858369099,0.5948798077783262,60.85272770514325
2024-08-23,-0.004050629048407806,True,-0.009367658569740644,True,-0.03275746830895976,True,-0.03704269526989379,True,-0.015854900739165956,True,-0.0040049008413989284,True,0.01180427169075815,-0.005362757728341716,-0.016902567569793803,-0.021187794530727833,-0.03275746830895976,-0.016902567569793803,-0.006145741878841093,-0.01590106007067138,0.015805471124620052,0.006382978723404209,0.02305389221556875,0.9056123087428489,92.86146631446799
2024-08-26,0.04168783384055352,True,0.021276524596274493,True,0.024626667983251416,True,0.04549865086457561,True,0.010845534315652827,True,0.00041630655400193284,True,0.030842299524900696,0.02086021804227256,0.013781133667598588,0.03465311654892278,0.04168783384055352,0.030842299524900696,0.005086774386594994,-0.022625781482584206,-0.009055236945366918,-0.030787805614246988,-0.002983293556085953,0.9565041523887644,33.43349032631892
2024-08-27,-0.01610541373315233,True,-0.027777711078887046,True,-0.023430923652223212,True,-0.022493548181071965,True,-0.009708346372591103,True,0.0037037716081256278,True,-0.006397067360561226,-0.031481482687012674,-0.013722577279632109,-0.012785201808480862,-0.022493548181071965,-0.012785201808480862,-0.017362168748096263,-0.004959702417854817,-0.00864731315626932,0.015750463248918933,-0.036395656002348065,0.6283669603458119,16.65946688432298
2024-08-28,-0.0114087075385495,True,0.004761930421795402,True,0.0100589276405334,True,0.01455008425796267,True,0.0029873542049381197,True,-0.0024783653485163093,True,-0.01439606174348762,0.007240295770311711,0.00707157343559528,0.01156273005302455,0.0100589276405334,0.00707157343559528,-0.003426791277258645,0.008440137542982118,0.0018633540372670065,-0.0618012422360249,-0.017447199265381075,0.681253444252282,7.432193573132423
2024-08-29,-0.02107376165894348,True,-0.009478723820271151,True,-0.0168155771396451,True,-0.0209664795121699,True,-0.011347466023095554,True,0.008368724645030357,True,-0.009726295635847926,-0.017847448465301508,-0.0054681111165495455,-0.009619013489074346,-0.0209664795121699,-0.009619013489074346,-0.039057656540607555,-0.006451612903225823,0.024958402662229595,0.04925124792013302,-0.036439665471923344,0.5910964701201796,25.516420325151856
2024-08-30,0.0066632065218612535,True,0.021531104256431233,True,-0.012370831227469625,True,-0.06384855564079817,True,-0.0014638167244613864,True,-0.007546069078691819,True,0.00812702324632264,0.029077173335123052,-0.010907014503008239,-0.06238473891633678,-0.012370831227469625,-0.010907014503008239,-0.00649350649350644,0.06241830065359455,0.01466916354556802,0.04588014981273414,-0.09650924024640661,1.359821637483453,5.589142027939644
2024-09-02,-0.009674064797024706,True,-0.011709554808565281,True,0.023328179550671013,True,0.015137348615290813,True,0.01191934982120979,True,0.0029835457649001196,True,-0.021593414618234497,-0.0146931005734654,0.011408829729461223,0.003217998794081023,0.015137348615290813,0.003217998794081023,0.04890802829898511,-0.03753665689149566,-0.019127316198445876,-0.008667065152420772,0.01880288310874323,1.6021247798344973,66.63184137487119
2024-09-03,0.0,False,-0.009478723820271151,True,0.0,False,0.0,False,0.0,False,-0.0014815026617228666,True,0.0,-0.007997221158548284,0.0,0.0,0.0,0.0,-0.006703229737964667,0.042944785276073594,0.017050553395154155,-0.05145079270116659,0.09363545484838398,1.6895274592024498,72.96870330021363
2024-09-04,-0.06838045612009802,True,0.05263156311590689,True,-0.07504315403504036,True,-0.09525004359777911,True,-0.030360957838246883,True,-0.00642626632600074,True,-0.03801949828185114,0.05905782944190763,-0.04468219619679348,-0.06488908575953223,-0.07504315403504036,-0.04468219619679348,-0.044117647058823484,0.004615384615384466,0.02063144732728972,0.026258205689277947,0.09009297851875608,1.3828930442609302,88.94763184923752
2024-09-05,-0.0016556669567338034,True,-0.043181802595024465,True,-0.0023979759346278717,True,-0.016574074113428594,True,-0.0025985386178173364,True,-0.0452404216276735,True,0.000942871661083533,0.002058619032649034,0.00020056268318946469,-0.013975535495611258,-0.0023979759346278717,0.00020056268318946469,-0.003062787136294043,0.02211981566820298,0.006352087114337657,-0.023895946763460296,0.036178990796572386,1.407215543158473,37.80856863189795
2024-09-06,-0.013266985577323531,True,-0.021377675933337614,True,-0.0017360801011262472,True,0.009415449355547612,True,0.0009337130111219949,True,0.004502065283094936,True,-0.014200698588445526,-0.02587974121643255,-0.002669793112248242,0.008481736344425617,-0.0017360801011262472,-0.002669793112248242,-0.008115419296663706,-0.0696969696969697,-0.04806201550387601,-0.06139534883720932,0.07844408427876814,1.0685482266661548,59.30114524704447
2024-09-09,-0.03865549127796741,True,-0.007281478399745578,True,-0.04129126890288459,True,-0.0408545318714687,True,-0.026787269237606548,True,0.011680285631374687,True,-0.011868222040360865,-0.018961764031120265,-0.014503999665278045,-0.014067262633862154,-0.0408545318714687,-0.014067262633862154,-0.01986970684039091,-0.0029910269192422456,-0.0013315579227696217,0.0029960053262316766,-0.05276149336624503,1.6444324233161427,15.342992511149006
2024-09-10,-0.009324000514850717,True,-0.004890001669273003,True,0.02260458701891821,True,0.03539833411639015,True,0.012859636061718138,True,-0.013564144167506398,True,-0.022183636576568855,0.008674142498233395,0.009744950957200071,0.022538698054672013,0.02260458701891821,0.009744950957200071,0.0033333333333334103,0.026245847176079806,0.0058612829697166635,0.025073266037121344,-0.08647990255785631,0.9069863747737584,10.92957843077302
2024-09-11,0.06352940727682665,True,-0.034398064569693076,True,0.00946060833810125,True,0.015309375404415126,True,0.009241704728569777,True,-0.0038004968246213577,True,0.05428770254825688,-0.03059756774507172,0.00021890360953147336,0.006067670675845349,0.015309375404415126,0.006067670675845349,0.0,0.004532211071544223,-0.0035324341682723137,0.03885677585099545,-0.0650726392251817,0.8972975925412924,48.55742001623788
2024-09-12,-0.013274323679807187,True,0.010178092015461049,True,0.0516355027054316,True,0.08149864148406794,True,0.021715509574498526,True,-0.0015704496945657676,True,-0.03498983325430571,0.011748541710026816,0.029919993130933076,0.05978313190956941,0.0516355027054316,0.029919993130933076,0.032226877215597804,-0.005619731501717129,-0.010562286424355305,0.032929481205343336,-0.054251752514477225,0.6543276994838407,54.59235753418946
2024-09-13,0.011771249028952102,True,0.032745571596777934,True,0.0021422971989282225,True,0.019161704233137566,True,0.009815979694547394,True,0.029587275926014067,True,0.001955269334404708,0.0031582956707638665,-0.007673682495619172,0.009345724538590172,0.011771249028952102,0.001955269334404708,-0.005965463108320246,0.07296272899557787,0.012820512820512775,0.012224209898628713,-0.0203014457090126,1.2238012321239826,80.87495578978293
2024-09-18,0.0011080586487011157,True,0.0024389993333060467,True,-0.0007695599218872085,True,-0.029796915127645374,True,0.0005705967520930333,True,0.009090094010137051,True,0.0005374618966080824,-0.006651094676831004,-0.0013401566739802417,-0.030367511879738407,-0.0007695599218872085,-0.0013401566739802417,-0.015307624374447881,-0.0008968609865470656,-0.010364228605270975,-0.030500444181225994,0.006816834617664691,1.8539578947441004,95.21023001232732
2024-09-19,-0.013835086011186104,True,-0.0316301520801433,True,-0.011381129366823783,True,-0.019205737525469724,True,-0.004329550735439502,True,-0.007837052942722855,True,-0.009505535275746602,-0.023793099137420448,-0.007051578631384281,-0.014876186790030221,-0.013835086011186104,-0.009505535275746602,0.002393776181927043,-0.03940298507462692,-0.015299877600979173,-0.01193390452876375,-0.003874813710879277,0.7125626339594051,68.54982547551657
2024-09-20,0.017396154391204677,True,0.03015076011885931,True,0.043408602101886684,True,0.03969306609208667,True,0.025284142697596934,True,0.016783629197754113,True,-0.007887988306392257,0.013367130921105197,0.01812445940428975,0.014408923394489737,0.03969306609208667,0.014408923394489737,0.006836544437538894,-0.007716049382716084,-0.004643962848297156,0.020123839009288158,-0.03825463239689175,1.0815327503388636,30.296680010745277
2024-09-23,0.0016547538904705394,True,-0.007316997999917807,True,-0.013231528829499628,True,-0.015864887811707473,True,-0.0019033032293119811,True,0.005295654552418982,True,0.0035580571197825206,-0.01261265255233679,-0.011328225600187647,-0.013961584582395492,-0.013231528829499628,-0.011328225600187647,-0.002488335925349916,0.003118178983473774,-0.015304560759106245,0.0024487297214570436,-0.03972520908004762,0.6101754915675239,29.5001277752323
2024-09-24,0.0022026936048153978,True,-0.007371085551657441,True,0.00441357760609562,True,0.0022412126460711335,True,0.002650778504219131,True,0.0056910052449301585,True,-0.0004480848994037334,-0.0130620907965876,0.0017627991018764888,-0.00040956585814799773,0.0022412126460711335,-0.00040956585814799773,0.003730183400683762,0.08392691235676675,0.08493490390576564,0.08989460632362056,-0.05853087503658183,0.7751540187520207,31.887843333039427
2024-09-25,0.02802188462385735,True,-0.004950444206394566,True,0.018623100063799747,True,0.03965257525653132,True,0.004823523360357518,True,0.006562554474329074,True,0.023198361263499834,-0.01151299868072364,0.013799576703442229,0.0348290518961738,0.02802188462385735,0.023198361263499834,0.008000000000000007,-0.03628117913832207,-0.03216623968118426,-0.02675775690293214,0.04727707959305816,1.467070705036128,93.56506576675946
2024-09-26,-0.026723678485636504,True,0.029850750936862847,True,0.008792108495989437,True,0.021841642396522642,True,0.0009272003256346473,True,0.014703261303304016,True,-0.02765087881127115,0.01514748963355883,0.00786490817035479,0.020914442070887995,0.008792108495989437,0.00786490817035479,0.0117647058823529,0.013953488372093092,0.012188044109112006,0.004062681369704002,0.03563813585135556,1.4621394682668185,57.05372710264771
2024-09-27,0.027457442346954464,True,-0.019323699740591227,True,0.028834439107968457,True,0.004291134411755326,True,0.0075129531706144,True,0.004270830660774827,True,0.019944489176340063,-0.023594530401366054,0.021321485937354057,-0.003221818758859074,0.027457442346954464,0.019944489176340063,0.0005733944954127157,0.04641833810888274,0.035734543391945595,0.056437889960295085,0.08660436137071637,1.035606541508984,74.53970985175624
2024-09-30,-0.006948111551458469,True,0.004926135071655402,True,-0.019317505664874224,True,-0.021283390225254717,True,-0.005556972238315194,True,-0.001575824966969841,True,-0.0013911393131432748,0.006501960038625243,-0.01376053342655903,-0.015726417986939523,-0.019317505664874224,-0.01376053342655903,0.01998904709748084,0.07812080536912736,0.08452605995139062,0.14636780988387788,0.13205207687538745,1.553119114519759,89.88705672488966
2024-10-08,-0.008611401941286734,True,-0.05147059616614624,True,0.001937557189803485,True,0.05205916232082042,True,-0.009553188546484015,True,-0.005267915121843991,True,0.0009417866051972812,-0.04620268104430225,0.0114907457362875,0.06161235086730443,0.001937557189803485,0.0114907457362875,0.10009960159362552,0.0,0.02292197267886098,-0.0069460523269274654,0.30389610389610366,1.9068316663467915,97.24879532445863
2024-10-09,0.001628701765540086,True,-0.01808783116107382,True,0.017323278741892212,True,0.040479246292881355,True,0.014934679082414304,True,-0.004015843133057917,True,-0.013305977316874218,-0.014071988028015903,0.002388599659477908,0.02554456721046705,0.017323278741892212,0.002388599659477908,-0.004074241738343143,0.002272727272727204,0.024390243902439046,-0.006271777003484247,0.358966471854814,1.8577456854035055,98.94504746152599
2024-10-10,0.010298028122071035,True,-0.02631584824798283,True,0.01041502727211796,True,-0.0018060568702406021,True,0.007868397239871205,True,0.002109089790889307,True,0.002429630882199829,-0.02842493803887214,0.002546630032246755,-0.009674454110111808,0.010298028122071035,0.002429630882199829,0.0,-0.05238095238095242,-0.0042887776983560055,0.009292351679771382,0.3436928702010966,1.752571090392585,96.57516452923834
2024-10-11,-0.004828334524403011,True,0.0,False,-0.0019596791628675447,True,0.016283344824953305,True,-0.0011356682208552016,True,0.0,False,-0.003692666303547809,0.0,-0.0008240109420123432,0.017419013045808507,-0.0019596791628675447,-0.0008240109420123432,-0.021775544388609624,0.023483365949119372,0.005769230769230749,0.01105769230769238,0.22911764705882343,1.2776555851071518,40.52332373848412
2024-10-14,0.02479789815313116,True,0.010810869590519134,True,0.008011079260069831,True,-7.410968505772164e-05,True,0.0015632566352985489,True,0.01070478351454196,True,0.02323464151783261,0.00010608607597717423,0.006447822624771282,-0.0016373663203562705,0.008011079260069831,0.006447822624771282,0.0,0.020793499043977093,0.04990167158308756,0.03687315634218291,0.2814701378254212,0.972093850371018,41.98107072700088
2024-10-15,0.008416614702035696,True,0.01871655214639878,True,0.01788143723025759,True,0.024258363012508388,True,0.008391482814583684,True,0.003215858580000841,True,2.5131887452012336e-05,0.015500693566397938,0.009489954415673907,0.015866880197924704,0.01788143723025759,0.009489954415673907,-0.007258253336455245,-0.020283018867924496,-0.02304797742238951,-0.048682972718720574,0.2837391042981665,0.9854378812650996,68.68805170853757
2024-10-16,0.014084530865368095,True,-0.010498744397889337,True,-0.05404162895416398,True,-0.046860369431920956,True,-0.013366902242634371,True,0.013786551243744505,True,0.027451433108002465,-0.02428529564163384,-0.04067472671152961,-0.033493467189286585,-0.046860369431920956,-0.033493467189286585,-0.04188733750601836,-0.007537688442211032,-0.02155065642804055,0.001238543472876108,0.35309446254071664,0.7816827272965623,30.69049838094574
2024-10-17,0.035493755542863825,True,0.005305068759867693,True,0.0006474094695079202,True,0.03130701794974766,True,0.00012233861696309134,True,-0.012066723441250926,True,0.035371416925900734,0.01737179220111862,0.0005250708525448289,0.03118467933278457,0.03130701794974766,0.03118467933278457,0.012658227848101333,0.007750000000000146,-0.003461063040791079,0.029913473423980097,0.3166666666666669,0.8490346835583752,10.477886669459636
2024-10-18,0.018380569034226912,True,0.018469715858117297,True,0.017224632861739364,True,0.008915373952850025,True,0.0006924975538409317,True,0.001862561878152258,True,0.01768807148038598,0.01660715397996504,0.016532135307898432,0.008222876399009094,0.017224632861739364,0.016532135307898432,-0.0004961548002977434,0.0704889550757013,0.04329946782776961,0.04015481373971941,0.3049530592424732,0.7232315414838755,41.21996290205984
2024-10-21,-0.002438987173685181,True,-0.007772103213817272,True,-0.0002782959245107852,True,0.007814338372907681,True,0.006554784094421784,True,0.01880075902485734,True,-0.008993771268106965,-0.02657286223867461,-0.006833080018932569,0.001259554278485897,-0.0002782959245107852,-0.006833080018932569,0.019707859958265628,-0.02751250568440189,0.00587958607714012,0.013640639698965229,0.38994521430873363,1.229087138102339,82.66635840135946
2024-10-22,-0.058679741719822154,True,0.033942538818157786,True,0.00528805533627863,True,0.041376789444782736,True,0.0019212053326929102,True,0.0023527539270360442,True,-0.060600947052515064,0.03158978489112174,0.0033668500035857196,0.039455584112089825,0.00528805533627863,0.0033668500035857196,0.006546644844517058,0.005342624854820066,-0.0009233610341643494,-0.02146814404432129,0.34285714285714275,1.0429015471355167,70.05456765578427
2024-10-23,-0.017142853179535344,True,0.025252584184078275,True,-0.004548325955678334,True,-0.0008351985568790798,True,0.001089895333709734,True,-0.00030156527726787896,True,-0.01823274851324508,0.025554149461346154,-0.005638221289388068,-0.0019250938905888137,-0.004548325955678334,-0.005638221289388068,-0.01802218114602594,-0.01741176470588235,-0.02543757292882154,-0.03360560093348908,0.27406535178098324,0.7352070168841962,79.09218965166274
2024-10-24,-0.018498963005199154,True,-0.01231522154600917,True,-0.010648016648921899,True,-0.02806588421621392,True,-0.015323842995219494,True,-0.00852629098085167,True,-0.0031751200099796595,-0.0037889305651575,0.004675826346297596,-0.012742041220994427,-0.018498963005199154,-0.0031751200099796595,-0.006704980842911934,0.020491803278688492,0.022216855831924676,0.07075585607341228,0.24955116696588875,0.7978174980987216,28.257476902482722
2024-10-25,0.037156733731661395,True,-0.01246893407576699,True,0.004216720295867393,True,0.006090512007098647,True,0.008108890143200709,True,-0.006095637401184573,True,0.029047843588460687,-0.006373296674582418,-0.0038921698473333155,-0.0020183781361020614,0.006090512007098647,-0.0020183781361020614,0.02433262461611152,0.02121771217712176,0.003854001360235726,-0.04420766266152809,0.315413300186451,0.6521391836992709,51.59222654166578
2024-10-28,0.01765317489861884,True,0.0,True,0.011597227618947326,True,0.00804791395276494,True,0.006093657105306294,True,0.006723275032274767,True,0.011559517793312546,-0.006723275032274767,0.005503570513641032,0.0019542568474586464,0.011597227618947326,0.005503570513641032,-0.007000903342366804,-0.04503070275187626,-0.004268437277685555,-0.038415935499170106,0.3772939346811821,1.213889688972886,84.99189391388451
2024-10-29,0.009183688860840977,True,-0.01515143938237562,True,-0.006918044928303724,True,-0.007206460866511333,True,0.0001614386335595519,True,-0.0064406378702547284,True,0.009022250227281425,-0.008710801512120891,-0.007079483561863276,-0.007367899500070885,-0.006918044928303724,-0.007079483561863276,0.000238151940938236,-0.01666666666666672,0.0009694619486184664,0.0021812893843917713,0.30525334162262974,1.3565975475589758,32.43305514788982
2024-10-30,-0.003539009087098477,True,-0.005128152222604987,True,0.022729884864022276,True,0.005194962150803395,True,0.009608466232694512,True,-0.01170271773009135,True,-0.01314747531979299,0.006574565507486363,0.013121418631327764,-0.0044135040818911175,0.005194962150803395,-0.0044135040818911175,-0.008232445520581,0.001220703125,-0.004369992716678817,-0.03083272638990031,0.17999999999999994,1.0840913848678277,23.62790044412499
2024-10-31,0.0005073683077800872,True,-0.028350626544731083,True,-0.024287765603117184,True,-0.013522146646060551,True,-0.007557642563808642,True,-0.004630438149480831,True,0.00806501087158873,-0.023720188395250252,-0.016730123039308542,-0.005964504082251909,-0.013522146646060551,-0.005964504082251909,-0.0031699585466957725,-0.0002446183953034309,0.007642998027613368,-0.012080867850098653,0.20617647058823518,0.6067679310134174,19.23772607729262
2024-11-01,0.1379311011872666,True,0.0,False,-0.03590230043739062,True,-0.04722252326115972,True,-0.02524268106451144,True,0.0,False,0.16317378225177803,0.0,-0.010659619372879181,-0.02197984219664828,-0.03590230043739062,-0.010659619372879181,-0.01394666014191337,-0.021836228287841042,-0.017447657028913155,0.0017447657028912822,0.17173165137614688,0.7965641847176652,16.311484603219753
2024-11-04,-0.015597164578428746,True,-0.002652492691116559,True,0.01270278789320689,True,0.019885500946898338,True,0.007398918777859809,True,-0.0017681353912938347,True,-0.022996083356288555,-0.0008843572998227245,0.005303869115347082,0.01248658216903853,0.01270278789320689,0.005303869115347082,-0.00025367833587019994,0.03476275057092115,0.011659637806995748,0.01215579260729327,0.07940854326396485,0.7343946005997647,3.929682559531713
2024-11-05,0.023087380052466244,True,0.005319177840211742,True,-0.00196116465579399,True,0.004800544733689183,True,-0.0029132166398148085,True,0.008134762750590552,True,0.026000596692281053,-0.00281558491037881,0.0009520519840208186,0.007713761373503991,0.004800544733689183,0.007713761373503991,-0.0014713094654242864,0.019400785854616798,0.013675213675213627,0.005372405372405353,0.015438247011952289,0.7261751236143582,60.36602707900314
2024-11-06,0.013274302300743557,True,0.005291033889992303,True,0.016539046314352213,True,0.028371920781465887,True,0.01275687299723427,True,0.0061570229659440034,True,0.000517429303509287,-0.0008659890759517008,0.003782173317117943,0.015615047784231617,0.016539046314352213,0.003782173317117943,0.0,-0.027222356058780872,-0.01102130786186617,-0.021062943913788823,-0.06043458578542327,0.8396875866304702,75.69426767215852
2024-11-07,0.09301314862868715,True,-0.007894820649901324,True,0.026176972827991474,True,0.040740524057627514,True,0.027163293404653066,True,0.0047861170401419795,True,0.06584985522403408,-0.012680937690043304,-0.0009863205766615923,0.013577230652974448,0.040740524057627514,0.013577230652974448,-0.009162951956414145,0.01649587603099234,0.0066831683168318,0.02079207920792081,-0.08435374149659858,1.0198702741666477,34.44844795662301
2024-11-08,0.008389895274141912,True,0.0,True,0.024371048359026037,True,0.0224572222745838,True,0.015744178230697292,True,0.008245523226092066,True,-0.00735428295655538,-0.008245523226092066,0.008626870128328745,0.006713044043886507,0.0224572222745838,0.006713044043886507,0.004671748217359273,-0.013460597161037646,-0.024207213749697365,-0.0326797385620915,-0.02680067001675046,0.8808302761166548,48.775174853833526
2024-11-11,0.0015848223411283335,True,-0.03713523118617024,True,-0.006436251751836819,True,-0.008396045993737444,True,0.0011683722636683935,True,0.006197250034959412,True,0.00041645007745994,-0.04333248122112965,-0.0076046240155052125,-0.009564418257405838,-0.006436251751836819,-0.0076046240155052125,-0.00496154800297699,0.0266766392420843,0.03858764186633046,0.047919293820933184,-0.036567877629063106,1.0019569503036583,31.61832985136563
2024-11-12,-0.014240530085971814,True,-0.008264464241211522,True,-0.022403018148491105,True,-0.016053888052146137,True,-0.0005833844669118626,True,-0.001029553901989333,True,-0.013657145619059952,-0.007234910339222189,-0.021819633681579242,-0.015470503585234274,-0.016053888052146137,-0.015470503585234274,0.001699854298202963,-0.009212121212121227,-0.003413801511826353,-0.000731528895391409,-0.0358229922734723,1.3337869988477957,74.67479271083785
2024-11-13,0.00963080940543315,True,-0.041666673942909016,True,-0.006586980598533243,True,0.020859291940138247,True,-0.0018100274476735567,True,-0.023284295008224376,True,0.011440836853106706,-0.01838237893468464,-0.004776953150859686,0.022669319387811804,0.00963080940543315,0.011440836853106706,-0.009053095179838433,0.04913580246913596,0.019678425725941917,-0.0028797696184306165,-0.016129032258064613,0.9934078459266403,51.54551887247842
2024-11-14,-0.03616851561728884,True,0.02898548215778307,True,-0.01679498974733873,True,-0.013621910777660617,True,-0.0012867640540508152,True,-0.005288498883201043,True,-0.03488175156323803,0.034273981040984114,-0.015508225693287914,-0.012335146723609802,-0.01679498974733873,-0.015508225693287914,-0.006825135325959075,-0.028436018957346043,-0.012286196097325952,-0.023849674777162044,0.07569620253164544,1.5042388291791007,88.56453993892573
2024-11-15,-0.01278348313164468,True,0.014084539467072554,True,0.0022209665876551377,True,0.0033498955785686846,True,-0.0069497154970561414,True,-0.006336314481737659,True,-0.005833767634588538,0.020420853948810214,0.009170682084711279,0.010299611075624826,0.0022209665876551377,0.009170682084711279,-0.006829268292682933,-0.0424852652259331,-0.03799654576856648,-0.05280039476930665,0.01711734061027048,0.7842098022964392,36.81943102983313
2024-11-18,-0.027986635812342064,True,0.0111110839464732,True,-0.03316137970270694,True,-0.03257031351317996,True,-0.0238258482043896,True,0.0012057324525860391,True,-0.004160787607952465,0.00990535149388716,-0.00933553149831734,-0.008744465308790361,-0.03257031351317996,-0.008744465308790361,0.0,-0.031803026417030034,-0.030808729139923052,-0.021566110397946203,-0.09598887085555308,0.8114501863521248,14.291384734088368
2024-11-19,-0.0017189907494822299,True,-0.03021972873867307,True,0.00662634009270846,True,-0.012889041141503799,True,0.006947542346082303,True,-0.008628257366824488,True,-0.008666533095564533,-0.02159147137184858,-0.00032120225337384234,-0.0198365834875861,-0.0017189907494822299,-0.008666533095564533,0.006092715231788004,0.025803054239073253,0.025803054239073253,0.03370194839389162,-0.11737198971241525,0.7272381128266935,8.143601114806557
2024-11-20,0.005165770193633179,True,0.005665663856215142,True,0.010929849723397833,True,0.04894768615404099,True,0.006879817248419684,True,0.013406124900682936,True,-0.001714047054786505,-0.007740461044467795,0.004050032474978149,0.04206786890562131,0.010929849723397833,0.004050032474978149,0.004876796714579079,-0.00613026819923379,-0.007144679765246242,-0.015310028068384662,-0.09981515711645106,0.5490024218881341,50.065379456845264
2024-11-21,-0.002141376599242406,True,-0.011267578446839233,True,-0.00671636650698193,True,-0.007618540140591823,True,-0.0005759216384094712,True,-0.007021874267539641,True,-0.001565454960832935,-0.004245704179299592,-0.006140444868572459,-0.007042618502182352,-0.00671636650698193,-0.006140444868572459,-0.007453096890259525,-0.0046607975142413105,-0.0018177096857958652,-0.006751493118670404,-0.06824712643678155,0.5732351275381343,48.24566514883848
2024-11-22,0.014592281704760346,True,0.07407402763879523,True,0.014678110048172988,True,0.005346568980776123,True,0.0035970815326431538,True,-0.005848779832719808,True,0.010995200172117192,0.07992280747151503,0.011081028515529834,0.0017494874481329692,0.014592281704760346,0.010995200172117192,-0.0015608740894900164,-0.04533611255862435,-0.03451910408432157,-0.05507246376811603,-0.09189699976376087,0.6534783142328994,28.66103387339217
2024-11-25,0.015228452607710441,True,0.013262630210852056,True,-0.006013956141500021,True,-0.03218107070578735,True,0.001603954145285913,True,0.015457767754733176,True,0.013624498462424528,-0.0021951375438811205,-0.007617910286785934,-0.033785024851073264,-0.006013956141500021,-0.007617910286785934,0.0,-0.028384279475982543,0.006502685891998983,0.019508057675996726,-0.17253839205058719,0.7493071984728696,6.97468619003152
2024-11-26,-0.0004166762034097937,True,0.010471261056501868,True,-0.003924351233866252,True,-0.041775324934702596,True,0.0015818825175988316,True,0.0019231667879251457,True,-0.0019985587210086253,0.008548094268576722,-0.005506233751465084,-0.04335720745230143,-0.003924351233866252,-0.005506233751465084,-0.0005617977528090679,0.029792017987633646,0.020328599275967862,0.018379281537176384,-0.15217909025958565,0.9358264320731633,3.7211223067506154
2024-11-27,0.010004158958229814,True,-0.010362749996030152,True,-0.009193169115696675,True,0.0066167233873304365,True,0.005369114938211128,True,-0.011748520051593436,True,0.004635044020018686,0.0013857700555632846,-0.014562284053907804,0.0012476084491193085,0.0066167233873304365,0.0012476084491193085,-0.0040938864628821126,0.034530008221430375,0.04166666666666652,0.02511037527593807,-0.11283292978208237,0.7686420504228522,50.191052865669164
2024-11-28,-0.003714409999513557,True,-0.023560131661374384,True,-0.013130655598564966,True,-0.011539720356408156,True,-0.007873450045409514,True,-0.015167516755981714,True,0.0041590400458959564,-0.00839261490539267,-0.005257205553155453,-0.0036662703109986428,-0.011539720356408156,-0.0036662703109986428,0.0,-0.02516556291390737,-0.01314025207830527,-0.007776883883078511,-0.07949280663252867,0.8453304566935034,75.46711065085918
2024-11-29,0.0,False,-0.016085792692155598,True,0.0,False,0.0,False,0.0,False,-0.0016064141835966383,True,0.0,-0.01447937850855896,0.0,0.0,0.0,0.0,0.0,0.01413043478260878,0.012205044751830929,0.04258204502305407,-0.09958404697822354,0.707589469600344,40.386427671712454
2024-12-02,0.009941995740939458,True,0.01089915525615548,True,0.0162854565187609,True,0.021501471980371445,True,0.008786908992322928,True,-0.001632385004971093,True,0.0011550867486165295,0.012531540261126572,0.007498547526437971,0.012714562988048517,0.0162854565187609,0.007498547526437971,0.017952840300107242,0.0028954988154776817,-0.011416709911779899,-0.009600415153087627,-0.05327245053272445,0.8043284954749385,60.491651952628445
2024-12-03,0.020508614323688112,True,0.032344933318477986,True,0.02370621096707981,True,0.0027486397348592817,True,0.01088794956689143,True,0.021310710275126432,True,0.009620664756796682,0.011034223043351554,0.01281826140018838,-0.008139309832032149,0.020508614323688112,0.009620664756796682,-0.002624671916010568,0.0028947368421052833,0.0005250721974270345,-0.006825938566553003,-0.06571848945561543,0.8038806038562925,80.3614726288467
2024-12-04,-0.01567521715448561,True,0.002611021343174924,True,0.0022189404164103532,True,0.011757937336102975,True,0.003066132762058915,True,0.012777945571064597,True,-0.018741349916544525,-0.010166924227889673,-0.0008471923456485619,0.00869180457404406,0.0022189404164103532,-0.0008471923456485619,-0.0020991865652059127,-0.013936366026820912,-0.0068855932203388814,0.018273305084745894,-0.08190797398217309,0.5591904087714992,80.61149836646265
2024-12-05,0.005716594159120625,True,0.02604164364418149,True,0.016947105008034535,True,0.03479254552041078,True,0.012363021913511796,True,0.009895539123634611,True,-0.006646427754391171,0.016146104520546878,0.0045840830945227395,0.022429523606898982,0.016947105008034535,0.0045840830945227395,0.0016000000000000458,0.022630457933972226,-0.010561566202988204,-0.0010303967027305294,-0.07132243684992567,0.5007540883318915,31.572366864536633
2024-12-06,0.006902155180124492,True,0.0,True,-0.017139730523755503,True,-0.0004822672696747077,True,-0.0027711157808910647,True,0.0005422144066602463,True,0.009673270961015557,-0.0005422144066602463,-0.014368614742864438,0.002288848511216357,-0.0004822672696747077,0.002288848511216357,-0.00026034886748238506,0.0033854166666666963,0.0,-0.005969374513366321,-0.055569215638062386,0.9111418410578352,75.6921683343806
2024-12-09,-0.006854841996926431,True,-0.012690384285677925,True,0.0012485039963705535,True,-0.01806152923907589,True,0.008949539183683353,True,-0.003209133409747267,True,-0.015804381180609783,-0.009481250875930658,-0.007701035187312799,-0.027011068422759243,-0.006854841996926431,-0.015804381180609783,0.0010381520892810414,-0.015556131708581833,0.006094329623741235,-0.001324854266030795,-0.0441577772264945,0.6865692189384187,79.22493025886244
2024-12-10,0.003654086709481197,True,0.04884325205585549,True,-0.010216754470572131,True,-0.025484476901564634,True,-0.007787646517527724,True,0.003448434410777468,True,0.011441733227008921,0.04539481764507802,-0.002429107953044407,-0.01769683038403691,-0.010216754470572131,-0.002429107953044407,0.018962338688438107,-0.05272680279141895,-0.008655666756829827,-0.013794968893697579,-0.07795046138902373,0.6153652551073124,33.62040815872696
2024-12-11,0.01860845487858831,True,-0.004901987220487625,True,-0.02515544518780788,True,-0.026943241254343886,True,-0.003407207904712939,True,-0.006366533332259117,True,0.02201566278330125,0.001464546111771492,-0.02174823728309494,-0.023536033349630947,-0.02515544518780788,-0.02174823728309494,-0.008185538881309573,0.012104539202200781,0.0049166894291177154,0.022671401256487256,-0.10325422069977974,1.6986085393403154,9.053074295438606
2024-12-12,0.006354243267392645,True,0.0738916389643991,True,0.024470584103320592,True,0.0313910005223772,True,0.01790218936384913,True,-0.00957614927178041,True,-0.011547946096456485,0.08346778823617951,0.0065683947394714615,0.013488811158528069,0.024470584103320592,0.0065683947394714615,0.00027181299266110237,0.010054347826087051,-0.005883926183471444,0.01925648569136129,-0.13414921157919502,1.034327815826669,21.258254211658922
2024-12-13,0.005919479780072345,True,0.011467915869026957,True,-0.009684655926832875,True,-0.014141092453724302,True,-0.006453704839132657,True,0.0062509705449778075,True,0.012373184619205002,0.005216945324049149,-0.003230951087700218,-0.007687387614591645,-0.009684655926832875,-0.003230951087700218,-0.009685230024213065,0.029611518609073517,-0.0010542962572482883,-0.021876647337901955,-0.09341463414634132,1.2444464669092403,54.445579208821115
2024-12-16,0.009807767840126269,True,0.052154154927860796,True,0.025146841150405663,True,-0.02249888217388718,True,0.0076544422217661445,True,-0.0011420375760532453,True,0.0021533256183601246,0.05329619250391404,0.01749239892863952,-0.030153324395653325,0.009807767840126269,0.0021533256183601246,0.0021108179419524475,-0.004739336492890933,0.01749663526244949,0.03822341857335143,-0.02795588612464739,2.691268567529585,82.60839640465976
2024-12-17,0.03574203902387918,True,0.0366378924902977,True,0.01507074345640591,True,-0.01675983001316883,True,0.014400506489513187,True,0.0008435932473851437,True,0.021341532534365992,0.03579429924291255,0.0006702369668927233,-0.031160336502682018,0.01507074345640591,0.0006702369668927233,0.0,0.03465608465608483,-0.008869741510390328,-0.027116066903193126,0.0013245033112581073,1.393870141758988,70.64312379302116
2024-12-18,-0.015753941436526864,True,-0.027027011131071865,True,-0.012991046470848144,True,-0.012196987643766977,True,-0.004403810181930812,True,-0.0009501180399593689,True,-0.011350131254596052,-0.026076893091112496,-0.008587236288917333,-0.007793177461836165,-0.012991046470848144,-0.008587236288917333,0.00025568908207618257,-0.005112474437627745,0.005165289256198413,-0.0010330578512396382,0.0038501026694044427,1.9854352291049273,93.87747181780946
2024-12-19,-0.04878051439826525,True,0.010683785224933517,True,-0.031885098407577916,True,-0.011350402055248843,True,-0.036076890512969695,True,0.006545316375484278,True,-0.012703623885295556,0.004138468849449239,0.004191792105391778,0.024726488457720852,-0.031885098407577916,0.004191792105391778,-0.014902363823227072,0.027647365675534497,0.00999743655472951,0.0030761343245322426,0.0002570033410433936,1.1363745017508917,76.34925444884144
2024-12-20,-0.009214725587846972,True,-0.02536998335427121,True,-0.01289318365194625,True,0.013730238912613046,True,-0.004453351572027975,True,-0.010204294103727585,True,-0.004761374015818998,-0.015165689250543624,-0.008439832079918275,0.01818359048464102,-0.009214725587846972,-0.004761374015818998,-0.002538071065989911,-0.005852417302798951,0.0,-0.00102380342974151,0.024973985431841816,0.9763896969111702,87.83019701958487
2024-12-23,0.0032349342978927886,True,0.0,True,0.01607578218928052,True,0.03076231284490949,True,0.008732450249890444,True,-0.01840203207273594,True,-0.005497515951997656,0.01840203207273594,0.007343331939390074,0.022029862595019045,0.01607578218928052,0.007343331939390074,0.00025595085743534973,-0.023285568065506523,-0.014204545454545414,-0.008264462809917328,0.06632096069868987,0.7904117514003106,52.672552450267546
2024-12-24,0.005642938331750225,True,0.0021691750629895257,True,0.031373163576051466,True,0.03689696004921017,True,0.009742787648310491,True,0.02640082018191703,True,-0.004099849316560267,-0.024231645118927503,0.021630375927740975,0.02715417240089968,0.031373163576051466,0.021630375927740975,0.009169504846738397,0.019730010384215957,0.012371134020618735,0.011855670103092741,0.07219101123595495,0.7842434209496115,16.54597437570858
2024-12-25,0.01563123758407814,True,-0.02380948331095689,True,0.008626895917988486,True,0.0039379824718595025,True,0.013559762595849678,True,0.0006795708770699349,True,0.002071474988228461,-0.024489054188026826,-0.004932866677861192,-0.009621780123990176,0.008626895917988486,-0.004932866677861192,0.0005091649694499711,-0.01781170483460548,-0.0143003064351378,0.01634320735444339,0.072052401746725,0.7826569087212262,68.99711948988285
2024-12-26,0.0,False,0.03547670094065225,True,0.0,False,0.0,False,0.0,False,0.004320483869864056,True,0.0,0.031156217070788195,0.0,0.0,0.0,0.0,-0.004922279792746287,0.07055454308773768,0.026973026973026837,0.02647352647352652,0.02251655629139071,0.6776734212200909,38.980139258464014
2024-12-27,0.01183895956014469,True,0.008565356902659582,True,-0.001750383904992825,True,-0.002068299601767465,True,-0.0006793478260869179,True,0.0011545410278845925,True,0.012518307386231609,0.00741081587477499,-0.001071036078905907,-0.001388951775680547,-0.001750383904992825,-0.001071036078905907,0.0,-0.0024319066147858726,-0.00340136054421758,-0.015792031098153525,0.11739130434782585,1.6433184137965473,85.55560024514811
2024-12-30,-0.02340087708283367,True,0.038216498873003824,True,-0.010082507941807983,True,-0.020867774852203702,True,-0.013292957746151468,True,0.0012363018552592475,True,-0.010107919336682203,0.036980197017744576,0.003210449804343485,-0.007574817106052234,-0.020867774852203702,-0.007574817106052234,-0.005363237445148883,-0.0004901960784312598,0.006416584402763936,-0.029615004935834244,0.09914255091103974,1.0877138500286474,80.66883804170439
2024-12-31,-0.013578280357691819,True,-0.016359942782272152,True,-0.015056340193528195,True,0.003503365184645446,True,-0.013299828447066675,True,-0.003672522989560889,True,-0.00027845191062514374,-0.012687419792711263,-0.0017565117464615199,0.01680319363171212,-0.013578280357691819,-0.00027845191062514374,0.004168710152035349,-0.031746031746031855,0.008905852417302906,0.005852417302799173,0.07034120734908123,0.9252524860551429,63.311077089428224
2025-01-02,0.0020242605472129416,True,0.004158026847102425,True,-0.010177423460681845,True,-0.02327426686176215,True,-0.008494855728440664,True,-0.006688153383762052,True,0.010519116275653606,0.010846180230864477,-0.0016825677322411803,-0.014779411133321485,-0.010177423460681845,-0.0016825677322411803,-0.013114754098360604,-0.012266802964477463,-0.02962591011800153,-0.02108963093145866,0.04040934138021535,1.1996496188230117,20.920892523247446
2025-01-03,-0.006868689951270546,True,-0.014492734759583903,True,0.010818865474096162,True,0.02993489432474772,True,-0.0019560069116136836,True,-0.008814334035584737,True,-0.004912683039656862,-0.005678400723999166,0.012774872385709846,0.0318909012363614,0.010818865474096162,0.012774872385709846,-0.0015523932729623047,0.01062451412282961,0.013250194855806585,0.030137698103403388,0.03066666666666662,0.720894194456541,9.574554314805482
2025-01-06,0.014646078578884003,True,-0.004201703424335124,True,0.02896366951265672,True,0.04453784728705279,True,0.016365098398270383,True,0.003339174500631481,True,-0.0017190198193863804,-0.007540877924966605,0.012598571114386337,0.028172748888782406,0.02896366951265672,0.012598571114386337,0.010000000000000009,0.012693577050012728,0.008851795649974736,0.030854830551340306,0.015360583181463161,0.8145247138146499,34.45728270271832
2025-01-07,0.0036086668268104916,True,-0.004219365912051409,True,0.03315069685204253,True,0.03433238744214284,True,0.011492906282355886,True,0.0279117234558639,True,-0.007884239455545394,-0.03213108936791531,0.02165779056968664,0.022839481159786956,0.03315069685204253,0.02165779056968664,0.0005013787916769985,0.05963417689802064,0.02496364517692684,0.009936984973339946,0.03529717103555674,0.671875905861307,72.68434476283466
2025-01-08,-0.005593339718594881,True,-0.004237310992734278,True,-0.023786738748013958,True,-0.062169580578878336,True,-0.017844203164284034,True,0.004397819984492957,True,0.012250863445689153,-0.008635130977227234,-0.005942535583729924,-0.0443253774145943,-0.023786738748013958,-0.005942535583729924,-0.01371482620004727,0.009590026372572558,0.016413227130098962,0.05237750422399223,0.11377403213062953,1.2235982643719183,93.41086178307458
2025-01-09,0.001205330951433714,True,-0.006382979861778826,True,-0.00712485014720321,True,-0.00021396753894098453,True,0.00017479901249917162,True,-0.01031401095838369,True,0.0010305319389345424,0.0039310310966048645,-0.007299649159702382,-0.00038876655144015615,-0.00021396753894098453,-0.00038876655144015615,0.029921633816195614,-0.010606409960802421,-0.011062456787278241,-0.023507720672966248,0.14897680763983634,0.8743323983768795,83.8655609573941
2025-01-10,0.0,False,-0.008565289593522762,True,0.0,False,0.0,False,0.0,False,-0.013935772156041248,True,0.0,0.005370482562518486,0.0,0.0,0.0,0.0,-0.018876718713586427,-0.002375296912114022,0.00190839694656475,-0.019322519083969536,0.16634955150856223,1.2164218050461832,91.54522084575649
2025-01-13,-0.009630809405433038,True,-0.023758125745821146,True,-0.02002139831319738,True,-0.02997649784217782,True,-0.015681258638749584,True,-0.0030012170892772527,True,0.006050449233316546,-0.020756908656543893,-0.004340139674447796,-0.014295239203428234,-0.02002139831319738,-0.004340139674447796,-0.02619047619047621,-0.0066014669926649505,-0.02682634730538913,-0.03760479041916165,0.12994350282485856,0.889761844292962,43.95183885490503
2025-01-14,0.0028362922997833273,True,-0.09955747104374912,True,-0.01027590729025607,True,-0.019718984296538844,True,-0.0032136676995995206,True,-0.022750412660863084,True,0.006049959999382848,-0.07680705838288604,-0.007062239590656549,-0.016505316596939323,-0.01027590729025607,-0.007062239590656549,0.0,0.02731971449667725,0.025804866060457288,0.0014745637748834195,0.07203166226912927,0.8282751991222591,17.13267491335951
2025-01-15,0.01858582159485489,True,0.02456992475686448,True,0.003270163274790683,True,-0.011033582340205239,True,-0.0009495543614392865,True,0.013748884512583492,True,0.019535375956294176,0.010821040244280988,0.004219717636229969,-0.010084027978765953,0.003270163274790683,0.004219717636229969,-0.005989458552946858,-0.06772716317184868,-0.0382894082545997,-0.02436598707110882,0.10423280423280423,1.1657797505518155,58.33262709503643
2025-01-16,0.016263457740991027,True,-0.021582663313874595,True,0.02350881597748855,True,0.0340014778505866,True,0.023006260109420085,True,-0.012411403721450665,True,-0.006742802368429057,-0.00917125959242393,0.0005025558680684661,0.010995217741166519,0.02350881597748855,0.0005025558680684661,0.006721820062047579,0.006933744221879978,0.015014237639140449,0.03132280610924165,-0.010994630529276406,1.5527520412392233,15.591927100192933
2025-01-17,0.010538584760761305,True,0.0024510321315258654,True,0.0042991108277723455,True,-0.019597890974702215,True,-0.007005939502324532,True,0.022675507006747475,True,0.017544524263085837,-0.02022447487522161,0.011305050330096877,-0.012591951472377683,0.0042991108277723455,0.011305050330096877,-0.011731701096658997,0.025032258064516144,0.004044489383215222,0.020222446916076775,0.007451181911613647,1.0591814683668577,32.67891902827682
2025-01-20,-0.013518674483284587,True,0.03667474352987621,True,0.023623611271126554,True,0.03099502681305988,True,0.016878419712516246,True,0.005341148174661026,True,-0.030397094195800833,0.03133359535521518,0.006745191558610308,0.014116607100543632,0.023623611271126554,0.006745191558610308,0.007301107754279945,0.027243189202699414,0.00024336821611092851,0.009491360428327988,0.008121827411167404,0.8618503737055301,51.55321913504403
2025-01-21,0.0,False,0.037735830872473786,True,0.0,False,0.0,False,0.0,False,0.005129593209210137,True,0.0,0.03260623766326365,0.0,0.0,0.0,0.0,0.0048661800486617945,0.015980629539951607,0.015980629539951607,0.05665859564164655,0.05195802405938066,1.022567188880139,80.75412547662091
2025-01-22,0.010571595173706205,True,-0.004545479224544513,True,0.016031012486122043,True,0.022656284022364526,True,0.005865137928780628,True,0.0014264713733647127,True,0.004706457244925577,-0.005971950597909226,0.010165874557341414,0.016791146093583897,0.016031012486122043,0.010165874557341414,0.008102955195424144,0.07754137115839255,0.054848414718815075,0.061096968294376275,0.09929263819753742,0.7925721846873682,89.01016690709041
2025-01-23,0.0333204427797984,True,0.018264868036907966,True,0.018217253458479243,True,0.04430891487154609,True,0.012785746959265376,True,0.009673832452960607,True,0.020534695820533022,0.00859103558394736,0.005431506499213867,0.031523167912280714,0.0333204427797984,0.020534695820533022,0.0032909170688897316,-0.01618193745899832,-0.014025860179706306,-0.025860179706333586,0.160386965376782,1.806683139923376,97.61680657410928
2025-01-24,-0.032245992046921246,True,0.0,False,-0.0011978269535355413,True,0.0010197382758445617,True,0.0021260210007978397,True,0.0,False,-0.034372013047719085,0.0,-0.003323847954333381,-0.001106282724953278,-0.0011978269535355413,-0.003323847954333381,-0.009113136252500653,0.0020188425302827273,0.004497413986957577,-0.04654823476501013,0.16554404145077717,1.0876785479370457,77.76499627697945
2025-01-27,0.0023247336122649287,True,0.0,False,-0.019936292426640856,True,-0.031245797851700674,True,-0.00565104420665119,True,0.0,False,0.007975777818916119,0.0,-0.014285248219989666,-0.025594753645049484,-0.019936292426640856,-0.014285248219989666,-0.044101186478620935,-0.025995316159250548,-0.011174512601046072,-0.11008083689966719,0.08633268482490286,0.7956507008717575,63.710520909743416
2025-02-05,-0.06068811562587395,True,-0.03139016392148597,True,-0.07670247044678169,True,-0.1680689918683803,True,-0.009742726020086523,True,-0.03109187954181858,True,-0.05094538960578743,-0.00029828437966739063,-0.06695974442669517,-0.1583262658482938,-0.07670247044678169,-0.06695974442669517,-0.020197162779514333,-0.08122699386503074,0.0002671653753671954,-0.012556772642265512,0.013895660653339803,1.091059562832409,14.224100785753151
2025-02-06,0.01975314669363848,True,0.009259309788721914,True,0.023481147497859123,True,0.05208597122172298,True,0.004537858994349886,True,0.016127918339116087,True,0.015215287699288593,-0.006868608550394173,0.018943288503509237,0.047548112227373096,0.023481147497859123,0.018943288503509237,0.002136752136752351,0.013326226012793096,0.02728992164279931,0.06268576060524178,-0.08190289357528191,1.2910392754492197,4.598567333617439
2025-02-07,0.07828888510703291,True,0.002293626430731832,True,0.004896036411007776,True,0.030842039463432336,True,0.005219644866467199,True,0.00669296009715703,True,0.07306924024056571,-0.004399333666425198,-0.0003236084554594232,0.025622394596965137,0.030842039463432336,0.025622394596965137,0.0013150973172013636,0.027055424218544788,-0.019066733567486116,-0.03035624686402416,-0.041109709962169116,2.0261562778254603,19.77352798768368
2025-02-10,-0.036302370444661336,True,0.0434782421052442,True,-0.013489053167879739,True,0.009014425434703988,True,-0.012613264319500495,True,0.006933683495169651,True,-0.02368910612516084,0.03654455861007455,-0.0008757888483792442,0.021627689754204482,-0.013489053167879739,-0.0008757888483792442,0.002557544757033181,-0.00025510204081646837,0.010311936065996452,0.028357824181490132,0.011642949547218562,1.7612872249096188,49.61842888785609
2025-02-11,-0.009708737864077666,True,-0.02631579310172738,True,0.018857135288795623,True,0.02872779532289771,True,0.012105084236611052,True,-0.009631412824059216,True,-0.021813822100688718,-0.016684380277668165,0.006752051052184571,0.016622711086286657,0.018857135288795623,0.006752051052184571,-0.003062005613676866,0.013309444586639518,0.0010113780025287067,0.0,0.004871794871794899,0.9331909231045145,52.559786511145
2025-02-12,0.03450977101045494,True,-0.0067567577134577395,True,0.0010015114342338816,True,-0.005764750619071335,True,-0.0023807327888545338,True,0.005673032792007815,True,0.03689050379930947,-0.012429790505465554,0.0033822442230884153,-0.003384017830216801,0.0010015114342338816,0.0033822442230884153,-0.005304369790351093,0.007872016251904368,0.0005041593143433332,-0.028989160574741546,-0.007520681875156643,0.8705485708023547,68.7677112983594
2025-02-13,-0.027293378933283097,True,0.0,True,-0.005442800607962761,True,-0.012500102240783906,True,0.0005872187758919623,True,-0.004032696564515326,True,-0.02788059770917506,0.004032696564515326,-0.006030019383854723,-0.013087321016675868,-0.012500102240783906,-0.013087321016675868,-0.003527336860670194,-0.03539823008849552,-0.007285974499089298,0.020036429872495543,-0.06148025537952251,0.8307386524391147,73.3245399682089
2025-02-14,0.01948558078617557,True,0.027210816955314243,True,0.013721748291063873,True,0.03164565674542952,True,0.014385931798162721,True,0.004708515817043901,True,0.00509964898801285,0.022502301138270342,-0.0006641835070988478,0.017259724947266797,0.01948558078617557,0.00509964898801285,0.005504587155963359,0.010948905109489093,-0.00793041698644159,0.015605014070094736,-0.09403942056518633,1.222482174075792,13.34688391831645
2025-02-17,0.011085661973198935,True,-0.0022074828485181275,True,0.002619904371060189,True,0.02631397423209214,True,0.004198372407072659,True,-0.010547307799725902,True,0.006887289566126276,0.008339824951207775,-0.0015784680360124703,0.022115601825019482,0.011085661973198935,0.006887289566126276,-0.00206291903042799,0.04728682170542631,0.008208955223880654,0.028606965174129417,-0.09624796084828713,1.1448546741271826,48.088669078443665
2025-02-18,0.0,False,-0.004424733219728139,True,0.0,False,0.0,False,0.0,False,0.015234598287045209,True,0.0,-0.019659331506773348,0.0,0.0,0.0,0.0,-0.0032075006168270637,0.03193069306930685,-0.013487931850449608,-0.02366303833412209,-0.03500000000000003,1.3929111869639303,83.91536226370255
2025-02-19,-0.01550093896354754,True,0.051111071683580755,True,0.014411271638329337,True,0.0039610182913103475,True,0.002266898309154053,True,0.006840120787098725,True,-0.017767837272701592,0.04427095089648203,0.012144373329175284,0.0016941199821562947,0.0039610182913103475,0.0016941199821562947,-0.000719597025665708,0.001920307249160036,0.006268081002893,-0.0009643201542911539,0.026089096726556793,1.22560643274822,91.60046558728118
2025-02-20,0.011520707623388082,True,0.01691327793263353,True,0.004371265243916067,True,-0.0012196140453268889,True,0.0002783419810690191,True,-0.0026210179244977594,True,0.011242365642319063,0.01953429585713129,0.004092923262847048,-0.001497956026395908,0.004371265243916067,0.004092923262847048,0.0,0.01437470052707246,0.01291866028708144,0.01291866028708144,0.0,0.7325023418528804,91.93274704890916
2025-02-21,-0.012148811426365147,True,-0.03534299947523922,True,0.0017874561641424425,True,0.0063205529720180564,True,-0.004244589386404485,True,-0.0049406348495265595,True,-0.007904222039960662,-0.030402364625712663,0.006032045550546927,0.010565142358422541,0.0017874561641424425,0.006032045550546927,-0.0004723665564478896,0.004017013232514133,0.0066334991708125735,-0.02274342572850041,0.09462254395036185,0.7804883080812473,95.8617337984182
2025-02-24,-0.02536509745583737,True,0.012931036818769837,True,-0.030294716332917138,True,-0.040539584386111494,True,-0.020754855985509302,True,0.010336965036197743,True,-0.004610241470328069,0.002594071782572094,-0.009539860347407836,-0.01978472840060219,-0.030294716332917138,-0.009539860347407836,-0.011532125205930832,-0.04785714285714282,-0.01816842622145831,-0.04689418119322364,0.08365212955878598,0.9226467224552918,96.67212077112634
2025-02-25,-0.028785545426484926,True,-0.04893620123347209,True,-0.0262811169736461,True,-0.03087105387324096,True,-0.011803982172283733,True,-0.006950599050789652,True,-0.016981563254201193,-0.041985602182682435,-0.014477134801362368,-0.019067071700957228,-0.028785545426484926,-0.016981563254201193,-0.013503375843960996,-0.01444866920152088,-0.0017971758664955262,-0.003337612323491723,0.00679758308157119,1.2890974143256682,12.84237575943925
2025-02-26,-0.015834324114378018,True,-0.03131987024136962,True,-0.021239004160649055,True,-0.028016671189648235,True,-0.01259938807505312,True,-0.011864466763289783,True,-0.0032349360393248983,-0.019455403478079836,-0.008639616085595936,-0.015417283114595115,-0.021239004160649055,-0.008639616085595936,0.0018004115226337714,0.014120667522464547,0.007653061224489832,-0.0033163265306123124,-0.0540145985401459,1.0860696905920073,7.255440421160287
2025-02-27,0.02433994051810484,True,0.02540418554513768,True,0.023378855750255223,True,0.03672111734115413,True,0.0024155229486071406,True,0.005017241236141778,True,0.0219244175694977,0.020386944308995902,0.020963332801648082,0.03430559439254699,0.02433994051810484,0.0219244175694977,0.0020253164556962577,-0.04042445679636186,-0.02390131071703927,-0.07915702904137745,-0.058627264061010376,0.965280004868691,37.58734288363442
2025-02-28,-0.0293999011067001,True,0.0,True,-0.061643919032341565,True,-0.08478052956410298,True,-0.02777120843625469,True,-0.014928761271182256,True,-0.0016286926704454086,0.014928761271182256,-0.033872710596086875,-0.05700932112784829,-0.061643919032341565,-0.033872710596086875,-0.028436018957345932,-0.04959349593495932,-0.025020850708924014,-0.1000834028356965,-0.1667397981570864,1.4864416320062954,14.436741403870968
2025-03-03,0.0004149472499397344,True,0.0,False,0.017395920513638696,True,0.03970041840577965,True,0.015791488639426365,True,0.0,False,-0.015376541389486631,0.0,0.001604431874212331,0.023908929766353282,0.017395920513638696,0.001604431874212331,-0.007698887938409005,-0.054597701149425304,0.012931034482758674,-0.009852216748768461,-0.22049344298733065,1.9386826194460505,4.2988172840819345
2025-03-04,-0.04894235899227439,True,-0.022522572908771465,True,-0.041929785280218734,True,-0.08693572351278789,True,-0.021882503880941817,True,-0.01288020531332612,True,-0.027059855111332576,-0.009642367595445345,-0.020047281399276917,-0.06505321963184607,-0.04894235899227439,-0.027059855111332576,-0.0462006079027355,0.07106437221159978,0.030981595092024472,0.04325153374233115,-0.26348779941795386,1.714063748566531,2.0997359717372888
2025-03-05,-0.007413871523393456,True,0.025345578730300522,True,0.009954668023990365,True,0.01692096058424153,True,-0.003017805909346638,True,-0.007003312963471564,True,-0.004396065614046818,0.032348891693772086,0.012972473933337003,0.019938766493588167,0.009954668023990365,0.012972473933337003,-0.0002975304968758641,0.008333333333333304,0.0056396556841793455,0.01395072721875934,-0.19187304640538594,1.0655935567461687,26.65274727667925
2025-03-06,0.01757467550561298,True,0.006741645257834827,True,0.01851438060750188,True,0.011294101416027935,True,0.013036128646156664,True,0.012170685545562776,True,0.004538546859456316,-0.005429040287727949,0.005478251961345215,-0.0017420272301287287,0.01757467550561298,0.004538546859456316,0.003837072018890053,0.016465745369009133,-0.003459210147016334,-0.017296050735082003,-0.09508547008546997,0.7624112898890612,38.402288043544594
2025-03-07,-0.019861791342976054,True,0.01785716916855451,True,-0.0419354410390701,True,-0.05737427874985679,True,-0.027509385208026926,True,-0.006841176310348751,True,0.007647593865050872,0.02469834547890326,-0.014426055831043172,-0.029864893541829862,-0.0419354410390701,-0.014426055831043172,-0.016488284639861184,-0.018823529411764683,-0.013017751479289852,-0.005325443786982187,-0.09074171488690164,0.7736500473368408,66.13187908629605
2025-03-10,0.011453670167169472,True,0.0,True,0.024160545749467133,True,0.0191734341788814,True,0.007353527090654621,True,-0.006135009415062398,True,0.0041001430765148505,0.006135009415062398,0.01680701865881251,0.011819907088226778,0.0191734341788814,0.011819907088226778,0.003297362110311841,0.009560800717060003,0.005355548943766664,0.022314787265694802,-0.14680306905370843,0.9347504729454162,25.643786706398416
2025-03-11,-0.04660277602309815,True,-0.03508777009084929,True,-0.04691460613338738,True,-0.05067006208868008,True,-0.03875635371348751,True,-0.005178931508299844,True,-0.007846422309610634,-0.029908838582549446,-0.00815825241989987,-0.011913708375192567,-0.04691460613338738,-0.00815825241989987,-0.016868896123113375,0.03853100541842269,-0.002601908065915093,-0.009251228678808898,-0.1377902526154633,0.5955899517278702,48.18889724853134
2025-03-12,0.0073092668740672995,True,-0.04999998571210584,True,-0.0014450093772567785,True,0.01663870679978907,True,-0.0023904388695242806,True,-0.017278505202805272,True,0.00969970574359158,-0.03272148050930057,0.0009454294922675022,0.019029145669313352,0.0073092668740672995,0.00969970574359158,0.0017391304347826875,0.02372685185185186,0.013463191062732971,0.003437410484102177,-0.12856782015660517,0.9347208084052777,74.11100122482186
2025-03-13,-0.0018140140391244008,True,0.03827749361161947,True,0.029409085287183334,True,0.06427589439270998,True,0.011280785296880147,True,0.009390996671090779,True,-0.013094799336004548,0.028886496940528694,0.018128299990303187,0.05299510909582983,0.029409085287183334,0.018128299990303187,0.004804974561899211,-0.023909985935302247,-0.009420496717099547,0.004282043962317905,-0.10859158478206099,1.2672341644488099,88.44359047729475
2025-03-14,-0.03816447723092842,True,0.0,True,-0.004398712585469644,True,-0.0013824904283024075,True,-0.017990547546147484,True,-0.014214677219695382,True,-0.020173929684780934,0.014214677219695382,0.01359183496067784,0.016608057117845076,-0.004398712585469644,0.01359183496067784,0.00028818443804023985,0.03053874963987324,0.02200000000000002,0.02571428571428558,-0.09043250327653996,0.7949936370018454,47.66332889676308
2025-03-17,0.031176185405458412,True,-0.002304123768087196,True,0.031974518323147016,True,0.052690747361293644,True,0.02417058375471237,True,0.0002901004768605109,True,0.007005601650746041,-0.002594224244947707,0.007803934568434645,0.028520163606581272,0.031974518323147016,0.007803934568434645,0.013698630136986134,-0.010204081632652962,0.011840992387933458,0.009303636876233368,-0.07761732851985559,1.094627159167838,78.64742289826945
2025-03-18,0.013742521214338943,True,0.02078522292028162,True,0.010548603732913442,True,-0.017588530428456872,True,0.0064836885976422565,True,0.0068545033705731395,True,0.0072588326166966866,0.013930719549708481,0.004064915135271185,-0.02407221902609913,0.010548603732913442,0.004064915135271185,0.0008358874338256772,0.02171492204899783,0.027435610302351643,0.0005599104143338973,-0.11448309893905739,0.9183854637163432,81.15042763685139
2025-03-19,-0.014459995795731095,True,0.009049751551951424,True,-0.015461229001847654,True,-0.03430099162866984,True,-0.017047449283154714,True,0.0069190115551449605,True,0.002587453487423619,0.0021307399968064633,0.0015862202813070603,-0.017253542345515127,-0.015461229001847654,0.0015862202813070603,-0.013623978201634857,-0.0301104972375692,-0.01154279279279291,-0.025619369369369482,-0.11969297193571593,1.1860027515537241,92.70105149271473
2025-03-20,0.03668047519480355,True,-0.03139016392148597,True,0.00882795896056976,True,0.018106187814252106,True,0.013381370085123523,True,-0.013956737184071533,True,0.02329910510968003,-0.017433426737414437,-0.004553411124553763,0.004724817729128583,0.018106187814252106,0.004724817729128583,-0.0002848191398461264,-0.014245014245014231,0.0014471780028944004,0.006078147612156304,-0.1588404408241494,1.191581517542504,27.219180222803715
2025-03-21,0.0008845002156205872,True,0.016203755749050197,True,-0.001583058900560208,True,0.008594236500600871,True,-0.0033894239476881527,True,0.018962383754100642,True,0.00427392416330874,-0.0027586280050504453,0.0018063650471279447,0.011983660448289024,0.0008845002156205872,0.00427392416330874,-0.006936416184971206,-0.006984866123399325,-0.015863859244303558,-0.0014421690222095052,-0.18280585734529997,0.5695703461154016,18.73119043885383
2025-03-24,0.0061865356689800866,True,0.01366735664934926,True,-0.01004180185349779,True,-0.007002441329968301,True,0.0032966622258223666,True,-0.007514778753577311,True,0.00288987344315772,0.021182135402926572,-0.013338464079320156,-0.010299103555790667,-0.007002441329968301,-0.010299103555790667,-0.0032239155920281704,0.013819464863275455,-0.00548024228439592,-0.008941447937698355,-0.19698752647681805,0.5319220207208595,11.802965277070243
2025-03-25,0.028546315567097302,True,-0.03820220909476846,True,0.02607104717697184,True,0.0315208925704582,True,0.021944320876631007,True,-0.004613378578019911,True,0.006601994690466295,-0.03358883051674855,0.004126726300340833,0.009576571693827196,0.028546315567097302,0.006601994690466295,0.004060324825986061,-0.018486424032351234,-0.00875145857642956,-0.02042007001166868,-0.13778444611152796,0.5429671186915809,43.27488609071892
2025-03-26,-0.022630259817205678,True,0.011682269759396569,True,-0.004249226639556958,True,-0.005930354013186867,True,0.005706583417969924,True,0.00753388228226104,True,-0.0283368432351756,0.004148387477135529,-0.009955810057526882,-0.01163693743115679,-0.005930354013186867,-0.01163693743115679,-0.00470865214832239,-0.012418687167356612,-0.011541876294761777,-0.039360757620597764,-0.12602880658436233,0.5182884518542036,21.73293224208942
2025-03-27,-0.024901691132503512,True,0.011547297670569723,True,-0.03326802258942607,True,-0.057419838731602835,True,-0.018400664764782415,True,-0.0005791891930048143,True,-0.006501026367721097,0.012126486863574537,-0.014867357824643657,-0.03901917396682042,-0.03326802258942607,-0.014867357824643657,-0.008682634730538874,-0.0033222591362126463,0.010101010101009944,0.009488827670645739,-0.1544303797468355,0.5656755513725349,10.085445441214361
2025-03-28,-0.03494618234594993,True,-0.0045661631849666096,True,-0.019188301022129983,True,-0.02048168250618676,True,-0.005698028834264179,True,-0.013860075941006245,True,-0.02924815351168575,0.009293912756039635,-0.013490272187865804,-0.01478365367192258,-0.02048168250618676,-0.01478365367192258,0.0,-0.014545454545454417,-0.019891500904159032,-0.014767932489451518,-0.1311216429699843,0.7630214921230795,5.798820083151327
2025-03-31,-0.03156918645651474,True,-0.029816494745617206,True,-0.025625750464038255,True,-0.0157946412465374,True,-0.026327755065839842,True,-0.015892536377484667,True,-0.0052414313906749,-0.013923958368132539,0.0007020046018015869,0.010533113819302442,-0.025625750464038255,0.0007020046018015869,-0.0101476014760149,0.018949984467225844,0.003671970624234966,0.00030599755201943246,-0.07271171941830612,0.6719583698235525,2.8705978246890567
2025-04-01,-0.016778541286141757,True,-0.04964539744927521,True,-0.0032992486243150765,True,-0.011762662023505066,True,-4.2596365101399414e-05,True,-0.04198467002028805,True,-0.016735944921040358,-0.007660727428987157,-0.003256652259213677,-0.011720065658403667,-0.011762662023505066,-0.011720065658403667,0.005182926829268242,-0.009099181073703333,-0.0030515715593530945,0.0024412572474823424,-0.003039513677811634,0.6663326762028645,38.87888487055212
2025-04-02,0.009751284902921986,True,-0.009950302440589809,True,0.004823425286271554,True,0.016331510142628902,True,0.008061082906019035,True,0.028231172368546442,True,0.0016902019969029514,-0.03818147480913625,-0.0032376576197474805,0.008270427236609867,0.009751284902921986,0.0016902019969029514,0.0033670033670032407,0.015253203172666208,0.010015174506828428,-0.015174506828528056,-0.02796786670633733,0.5402903875275873,28.922479253551415
2025-04-03,0.017865806643651894,True,-0.02010045409369865,True,0.0075297416583757215,True,0.00245110463235787,True,0.007298461936132483,True,0.0008482442253172628,True,0.01056734470751941,-0.020948698319015913,0.00023127972224323834,-0.004847357303774613,0.0075297416583757215,0.00023127972224323834,-0.029747596153846256,-0.04645401052957576,-0.04704425874342322,-0.14237078303930673,-0.017709563164108655,0.7337213582055775,79.11502485828987
2025-04-07,-0.1565464539375756,True,0.0,False,-0.15549535714387852,True,-0.14589741975252968,True,-0.11231759630337546,True,0.0,False,-0.04422885763420015,0.0,-0.043177760840503066,-0.03357982344915422,-0.15549535714387852,-0.043177760840503066,-0.10003247807729776,0.0,0.0,-0.09599422591122342,-0.10934336129592126,1.5320720809997186,11.69459205688645
2025-04-08,0.010686086578820753,True,-0.10000001611967502,True,0.022676981691908127,True,0.03530902401108693,True,0.002413356937839506,True,-0.09699735590808689,True,0.008272729640981247,-0.0030026602115881262,0.02026362475406862,0.032895667073247425,0.022676981691908127,0.02026362475406862,-0.0627932154456875,-0.03966114747785898,-0.0004008016032063244,-0.04048096192384765,-0.16936450839328532,0.391515277902927,3.7624841631647
2025-04-09,-0.022259300713106445,True,-0.09971505787232104,True,-0.02677123494352407,True,-0.013723833639819327,True,-0.01800862025446459,True,-0.04016151985134908,True,-0.004250680458641853,-0.05955353802097196,-0.008762614689059478,0.004284786614645264,-0.022259300713106445,-0.004250680458641853,-0.053728949478748955,0.07669491525423733,0.022123893805309658,0.12429605792437659,-0.2619118082272861,1.3622877143118621,1.694806780823285
2025-04-10,0.12919752402911944,True,-0.09810134514909563,True,0.17160330336412133,True,0.18722739822251433,True,0.120030921549936,True,-0.057865243314972226,True,0.009166602479183439,-0.040236101834123406,0.05157238181418533,0.06719647667257833,0.17160330336412133,0.05157238181418533,0.09799291617473438,-0.023297491039426466,-0.025044722719141266,-0.03971377459749548,-0.2634782608695653,1.885279909700329,17.146229021475975
2025-04-11,-0.051411312999945946,True,0.09824559894242713,True,-0.06934495011505659,True,-0.05912703732812474,True,-0.04253227247697644,True,0.09247307649849001,True,-0.008879040522969506,0.0057725224439371114,-0.02681267763808015,-0.016594764851148303,-0.05912703732812474,-0.016594764851148303,-0.020183486238532167,0.03670411985018718,0.027849981433345716,0.04567396955068692,-0.2297908422837761,1.7799420057737332,62.857018505892135
2025-04-14,-0.009032947877289144,True,0.09265181237472464,True,0.025992492978354154,True,0.031235470383954134,True,0.018423162585973207,True,0.027828390478427556,True,-0.02745611046326235,0.06482342189629708,0.007569330392380946,0.012812307797980926,0.025992492978354154,0.007569330392380946,0.0372109826589595,-0.02612330198537094,-0.008158921603405478,-0.02092940759134443,-0.20230547550432265,1.347944488705217,70.47133443003916
2025-04-15,0.0016086159388282173,True,0.05555553513101552,True,0.0014902531362224192,True,-0.0019832118903629903,True,0.006778061514849387,True,-0.0008029019685500405,True,-0.00516944557602117,0.05635843709956556,-0.005287808378626968,-0.008761273405212378,0.0014902531362224192,-0.005287808378626968,-0.005722460658083017,-0.009352517985611541,0.0,-0.020697167755991286,-0.2183393905507408,1.1154762664651667,76.69360400644706
2025-04-16,0.007494613884435841,True,0.06371195332606394,True,0.0064977047810279576,True,0.013458447344353308,True,0.0011146934519115081,True,0.0176589192631309,True,0.006379920432524333,0.04605303406293304,0.005383011329116449,0.0123437538924418,0.007494613884435841,0.006379920432524333,-0.008351488743645663,-0.031856462834126575,-0.010849233071455244,-0.007856341189674598,-0.23265533574811925,0.71556517334575,46.98905482292765
2025-04-17,-0.0069075006840916275,True,-0.04687500767416175,True,-0.04223336642701536,True,-0.06871645115282399,True,-0.030153393922566107,True,-0.019623144276647686,True,0.02324589323847448,-0.027251863397514065,-0.012079972504449255,-0.03856305723025788,-0.04223336642701536,-0.012079972504449255,-0.0037821482602118373,0.0030372057706911093,-0.00900225056264059,0.0011252813203301848,-0.2795640326975477,1.1353507102791733,15.514131576824028
2025-04-18,-0.0021402308391833547,True,0.0027322981621442644,True,-0.009364584738639326,True,-0.028710965993549165,True,-0.0001801600352460131,True,-0.006640103310560974,True,-0.0019600708039373416,0.009372401472705238,-0.009184424703393312,-0.02853080595830315,-0.009364584738639326,-0.009184424703393312,0.0049205147615443146,0.04444444444444451,0.05037878787878802,0.04886363636363655,-0.24750783252634578,0.6966367500014754,15.14522947093522
2025-04-21,0.0,False,0.005449534803329881,True,0.0,False,0.0,False,0.0,False,0.002911195655576959,True,0.0,0.0025383391477529216,0.0,0.0,0.0,0.0,-0.00036062026685901305,0.01406926406926412,0.016636528028933117,-0.0025316455696202667,-0.19855491329479769,1.3125671282374525,79.37904550387516
2025-04-22,-0.023592522415949113,True,0.0027099991668879664,True,-0.02441180022398526,True,-0.0451274783927359,True,-0.024746713286055155,True,-0.014891964002938463,True,0.0011541908701060422,0.01760196316982643,0.000334913062069897,-0.020380765106680743,-0.02441180022398526,0.000334913062069897,-0.009960868018498825,-0.01688825008983108,-0.007616974972796564,0.019586507072905324,-0.17614302461899178,0.8967358229377421,85.67160471628813
2025-04-23,0.01647452825327078,True,-0.03783778870167531,True,0.021668519342020298,True,0.020431112761523318,True,0.02625207257312412,True,-0.016370054958029567,True,-0.009777544319853337,-0.021467733743645745,-0.004583553231103821,-0.005820959811600801,0.020431112761523318,-0.005820959811600801,0.019736842105263053,0.006810035842294004,0.0003561253561255029,-0.008547008547008517,-0.20649651972157768,0.8188361704814558,38.86119899447629
2025-04-24,0.03241493106701987,True,0.08707863506789293,True,0.03652949862518762,True,0.03862882356408037,True,0.02267820590451408,True,0.04500035126970481,True,0.009736725162505788,0.04207828379818812,0.013851292720673536,0.01595061765956629,0.03652949862518762,0.013851292720673536,0.0017799928800286136,-0.018479033404406486,-0.01003584229390675,0.03655913978494629,-0.1733372572101236,1.260574655506784,70.37340604370367
2025-04-25,0.04866563450929551,True,-0.020671865057776517,True,0.05057562986088082,True,0.036218536969549575,True,0.028137077389807974,True,-0.008163803151391757,True,0.020528557119487534,-0.01250806190638476,0.022438552471072848,0.008081459579741601,0.04866563450929551,0.020528557119487534,0.009051412020275151,0.04772156440617148,-0.01980530379321921,-0.030547163477677053,-0.17305389221556877,0.6347612640644726,42.299527625021675
2025-04-28,0.018962033104108933,True,0.029023779964437946,True,0.014356117530045731,True,0.04303307964843439,True,0.011148045427806785,True,0.02022299672390404,True,0.007813987676302148,0.008800783240533905,0.003208072102238946,0.031885034220627606,0.018962033104108933,0.007813987676302148,-0.003424657534246478,-0.020962199312714924,-0.01110725442554672,-0.04616452620617839,-0.11515151515151512,1.7455171900585822,84.32967918328205
2025-04-29,-0.00685599359086031,True,-0.01282054175326286,True,-0.0062273555221386,True,-0.020538662054564893,True,-0.0003174156216478874,True,0.008135756068057276,True,-0.006538577969212422,-0.020956297821320136,-0.005909939900490713,-0.020221246432917006,-0.00685599359086031,-0.006538577969212422,-0.026325026325026313,-0.0036049026676279183,0.009495982468955555,0.01570489408327247,-0.12392373923739242,0.8454581517926189,50.96509656585498
2025-04-30,0.006903322727233929,True,0.03116883710665741,True,-0.0017090123151339842,True,0.0026670682909188947,True,0.0066044193131680196,True,0.009894012430566201,True,0.0002989034140659097,0.02127482467609121,-0.008313431628302004,-0.003937351022249125,0.0026670682909188947,-0.003937351022249125,-0.0014471780028942893,0.01086956521739113,0.007583965330444142,0.07583965330444187,-0.15731707317073162,0.905087424716672,26.171942524393756
2025-05-06,0.21988245613822066,True,0.08816117257068967,True,0.03480911563333522,True,0.04402862366026983,True,0.021870290475094922,True,0.014845295062595687,True,0.19801216566312574,0.07331587750809399,0.012938825158240297,0.022158333185174905,0.04402862366026983,0.022158333185174905,0.016487455197132572,0.05888575458392098,0.013499831252109518,0.009449881876476551,-0.1460055096418733,0.6597566604750106,43.10446109380293
2025-05-07,0.008831766949101372,True,0.02314820170937848,True,-0.009282656438385106,True,-0.002459968311452565,True,-0.00930176229005375,True,-0.0005065209940824378,True,0.01813352923915512,0.023654722703460918,1.910585166864376e-05,0.006841793978601185,-0.002459968311452565,0.006841793978601185,0.007659007659007733,-0.010575016523463376,-0.0026648900732844094,0.02398401065956035,-0.09765625,1.5289217906256747,88.04168760560019
2025-05-08,0.0318345074065165,True,-0.02941174588100226,True,0.02054826955532163,True,0.031002233220849273,True,0.003925875136615575,True,0.0011645894015797076,True,0.027908632269900924,-0.030576335282581968,0.016622394418706055,0.027076358084233698,0.031002233220849273,0.027076358084233698,0.01736806947227798,0.030860144451740013,0.009646302250803762,0.0035369774919613572,-0.027606365703150337,0.8162234131079347,82.5329947913506
2025-05-09,0.008098691939881775,True,0.04428902635552179,True,0.008771920670926914,True,0.002648207663911606,True,0.010324925030824827,True,-0.00015038304424519477,True,-0.0022262330909430528,0.04443940939976698,-0.0015530043598979137,-0.007676717366913222,0.008098691939881775,-0.0022262330909430528,-0.009554140127388422,-0.0009646302250804206,-0.005123278898495065,0.0022414345180916673,0.13316492241068212,1.3891298356857318,94.23535183575079
2025-05-12,0.027544041220913362,True,0.008928549502394967,True,0.006532973302129985,True,-0.00613435283858077,True,-0.0006553518354477372,True,0.01809041662083355,True,0.0281993930563611,-0.009161867118438582,0.007188325137577722,-0.005479001003133033,0.006532973302129985,0.007188325137577722,0.017058255551979373,0.0025316455696202667,0.010526315789473717,0.014354066985645897,0.24578989574979948,0.726230131662103,72.32944999941796
2025-05-13,0.07594932843718993,True,0.01769914150745522,True,0.06271267509114398,True,0.05443618186453314,True,0.04074020380178256,True,0.010255778120184855,True,0.035209124635407374,0.007443363387270363,0.021972471289361417,0.01369597806275058,0.06271267509114398,0.021972471289361417,0.018939393939394034,-0.030978934324659257,-0.0022328548644338087,0.042424242424242475,0.24675324675324672,1.1482846349288423,85.1185252607325
2025-05-14,0.03114185572352768,True,-0.026086960681163784,True,0.03432875976289562,True,0.05634140625082584,True,0.015240777588025889,True,0.009493892029855955,True,0.01590107813550179,-0.03558085271101974,0.019087982174869733,0.041100628662799954,0.03432875976289562,0.019087982174869733,0.013645224171539905,0.014102564102564052,-0.02043343653250762,-0.03653250773993799,0.14788990825688075,0.8452559004241683,52.99531310959711
2025-05-15,-0.005033544374851151,True,0.008928549502394967,True,0.009895780740629911,True,0.04163782656521553,True,0.005992896451384677,True,0.021224825639188705,True,-0.011026440826235828,-0.012296276136793738,0.0039028842892452342,0.03564493011383085,0.009895780740629911,0.0039028842892452342,-0.004108723135271775,-0.019358933671850265,-0.006111289803795494,-0.0016082341588935511,0.1616311970473847,1.3985590321471835,82.25648936159827
2025-05-16,-0.018549721556043952,True,0.015486705354743613,True,-0.003467873655732978,True,-0.003768255933513931,True,0.0010990589211707924,True,-0.002415620287910758,True,-0.019648780477214745,0.01790232564265437,-0.0045669325769037705,-0.004867314854684723,-0.003768255933513931,-0.004867314854684723,-0.009708737864077555,0.007843137254901933,-0.002587322121604174,-0.019081500646830674,0.12310197339095663,0.6711192305486927,39.711938297855504
2025-05-19,0.009278366124544801,True,-0.01742915182570004,True,-0.0028729678843365525,True,0.004227710718982092,True,0.004352584948024596,True,0.005220347355644694,True,0.004925781176520205,-0.022649499181344734,-0.007225552832361148,-0.00012487422904250423,0.004227710718982092,-0.00012487422904250423,-0.004539559014267169,-0.006514657980456029,0.012616201859229736,0.005312084993359889,0.1380158515747425,0.4915040233527447,36.638914655285376
2025-05-20,0.001702391407280901,True,-0.022172929375777306,True,-0.00166386250521533,True,0.0012554154762043357,True,0.0009586232783760362,True,-0.014643102104449635,True,0.0007437681289048648,-0.0075298272713276715,-0.002622485783591366,0.00029679219782829946,0.0012554154762043357,0.00029679219782829946,0.0,0.0075409836065574165,0.00853298326222518,0.005251066622907752,0.172293255864582,0.5953793636436037,19.51987262442512
2025-05-21,-0.0020394108017263157,True,0.006802722058196986,True,-0.0019105304090838438,True,-0.008777792383861449,True,-0.003333247382411808,True,0.00010217599479345196,True,0.0012938365806854923,0.006700546063403534,0.0014227169733279643,-0.005444545001449641,-0.0020394108017263157,0.0012938365806854923,-0.006508298080052044,0.012119226989846021,0.008814887365328206,0.014365001632386631,0.18202762083106427,0.4804634056046753,50.690536410271775
2025-05-22,-0.015667608387552434,True,0.09909906593346696,True,-0.01657564089001773,True,-0.01919922573356725,True,-0.013896605385834593,True,0.012909062583843056,True,-0.0017710030017178413,0.0861900033496239,-0.002679035504183136,-0.005302620347732656,-0.01657564089001773,-0.002679035504183136,-0.006472491909385036,0.01596091205211736,0.0019274012206875746,0.010600706713780994,0.13241728005810138,0.49487376653911075,68.64349757019437
2025-05-23,0.004844335600174388,True,0.024590168158205694,True,-0.0027332847782280956,True,0.007814839420440034,True,0.0018713291540455312,True,-0.0060974943391927106,True,0.0029730064461288563,0.030687662497398405,-0.004604613932273627,0.005943510266394503,0.004844335600174388,0.0029730064461288563,-0.003526771401090145,-0.01962676962676957,-0.020257234726688167,-0.017363344051447016,0.12759309345254577,0.8031857267351539,86.01517794535714
2025-05-26,-0.015495893552084694,True,-0.02600004626991559,True,-0.013994420562939647,True,-0.011593818349999951,True,-0.009260787172290508,True,-0.0008638612371177912,True,-0.006235106379794186,-0.025136185032797798,-0.004733633390649139,-0.0023330311777094437,-0.013994420562939647,-0.004733633390649139,-0.003938299967180758,0.00626029654036242,-0.004238669709814236,-0.028366481904140928,0.1317597358639686,0.6705969512196818,22.931725859467704
2025-05-27,0.0,False,-0.0020533024722634297,True,0.0,False,0.0,False,0.0,False,-0.005342168783596057,True,0.0,0.0032888663113326277,0.0,0.0,0.0,0.0,-0.007858546168958647,-0.0363036303630363,-0.015840916750926914,-0.008426019548365304,0.10488015073530477,0.5983053078588736,32.550401251514046
2025-05-28,0.041622963543422875,True,0.002057527197945719,True,0.03171325449719942,True,0.03206636329232615,True,0.02352521872984803,True,-0.009287980727548772,True,0.018097744813574845,0.011345507925494491,0.008188035767351387,0.00854114456247812,0.03206636329232615,0.00854114456247812,0.005136986301369939,0.02419080068143087,0.014170040485829816,0.053643724696356365,0.0743778725368156,0.9113452349688285,5.633182215756506
2025-05-29,0.006044271110707822,True,0.012320395737712708,True,-0.010654342507763759,True,-0.005092129095887188,True,-0.004432120028781794,True,0.0009927402266578511,True,0.010476391139489616,0.011327655511054857,-0.006222222478981965,-0.0006600090671053938,-0.005092129095887188,-0.0006600090671053938,0.007984031936127733,0.03069306930693072,-0.010456273764258506,-0.03168567807351075,0.04617419332235562,0.9490920057261799,54.222975461884694
2025-05-30,-0.00267022450436305,True,0.05476674242766699,True,0.007096863996014724,True,0.03249010545369657,True,0.001965821684326796,True,-0.0004878761184228253,True,-0.004636046188689846,0.05525461854608982,0.005131042311687928,0.030524283769369775,0.007096863996014724,0.005131042311687928,-0.007364713416586621,-0.000645161290322549,0.017739816031537403,0.016754270696452078,0.1139800493522718,1.2339845599437778,80.93431225142132
2025-06-03,-0.0013386549297910166,True,-0.019230812242401307,True,-0.0031956413005361783,True,-0.013003615339166608,True,0.006308620599365655,True,-0.016142080316433494,True,-0.007647275529156672,-0.0030887319259678137,-0.009504261899901834,-0.019312235938532263,-0.0031956413005361783,-0.009504261899901834,-0.010652033570045294,0.013703099510603556,-0.0006432936635574205,0.055001608234158894,0.1390459722938302,0.8441174828100044,64.78045623596762
2025-06-04,0.08545573807040996,True,0.05294112462547296,True,0.022564697606214157,True,0.027951421984596214,True,0.007816985921343278,True,0.005914415066209822,True,0.07763875214906668,0.047026709559263136,0.014747711684870879,0.020134436063252936,0.027951421984596214,0.020134436063252936,0.018023817186997082,0.049320265570660826,0.008508052263749732,0.02734731084776687,0.13170941253281665,0.6817796933322019,69.20578161810124
2025-06-05,-0.0006174886736819429,True,-0.0018621197820900548,True,0.01189759522582734,True,0.004956935935277906,True,0.0027879935957388913,True,0.02324806129025947,True,-0.003405482269420834,-0.025110181072349524,0.009109601630088449,0.002168942339539015,0.004956935935277906,0.002168942339539015,0.00030129557095515125,0.05843373493975901,0.03505154639175245,0.04683357879234151,0.12318112926104119,2.20373884750032,95.5496451766066
2025-06-06,-0.008032076926548837,True,0.04104470434573315,True,-0.0017875046131602401,True,-0.01359928652977882,True,-0.007527076821469025,True,0.0026061434732305155,True,-0.0005050001050798114,0.038438560872502636,0.005739572208308785,-0.006072209708309795,-0.008032076926548837,-0.0005050001050798114,-0.004553215708594349,0.012864493996569637,0.003114382785956993,0.0291619479048697,0.19274564395785299,2.2875730352581862,98.27087547994786
2025-06-09,0.03456868854725981,True,-0.030465919130843733,True,0.005690423562760838,True,0.012358018883645627,True,0.009775193389901071,True,-0.0006352892070761174,True,0.024793495157358736,-0.029830629923767615,-0.004084769827140233,0.002582825493744556,0.012358018883645627,0.002582825493744556,0.01637030764888503,0.0111080255484588,0.0024779735682818327,-0.004955947136563887,0.14667246054261218,1.4238721487457118,98.53696032818328
2025-06-10,0.07465380647520159,True,0.029574905830628273,True,0.01673714668338544,True,0.0064212490030381986,True,0.0014720627609992043,True,0.0059845316493087886,True,0.07318174371420239,0.023590374181319484,0.015265083922386236,0.004949186242038994,0.01673714668338544,0.015265083922386236,-0.008514144465806006,0.021329639889196672,-0.00913732867508743,-0.0008062348830959465,0.19090550736625178,1.707663965572034,99.28283935732586
2025-06-11,0.013725430064365884,True,0.010771994439736643,True,0.01988647532400134,True,0.009324867335357867,True,0.006613966333383736,True,0.02073637303314224,True,0.007111463730982148,-0.009964378593405598,0.013272508990617604,0.002710901001974131,0.013725430064365884,0.007111463730982148,0.0002712232167074724,-0.004067245119306007,-0.007565522831667115,0.02837071061875185,0.18273062589847822,1.5519341934412074,99.51497367765057
2025-06-12,0.010776546536198861,True,0.0035523611761862917,True,-0.0007250429629130917,True,-0.007780716472404636,True,-0.0033695302515637238,True,0.010248967858730973,True,0.014146076787762585,-0.006696606682544681,0.002644487288650632,-0.0044111862208409125,-0.0007250429629130917,0.002644487288650632,-0.005717397222978371,0.041894852135815785,-0.008598228243877126,0.008598228243877015,0.19330665302527916,0.9871285326256855,83.13519510468818
2025-06-13,-0.004374074743034528,True,-0.014159257571686124,True,0.004849517777727019,True,0.015193078911973856,True,0.0023479557523646832,True,-0.008112082280176014,True,-0.006722030495399212,-0.00604717529151011,0.002501562025362336,0.012845123159609173,0.004849517777727019,0.002501562025362336,-0.003942181340341633,0.018997361477572472,-0.003611971104231171,0.03611971104231171,0.20259165613147911,1.3939854667337173,95.8904543818133
2025-06-16,-0.028555660437041608,True,-0.0017953700288442231,True,-0.023408732582757108,True,-0.02089672908011564,True,-0.012554867295774819,True,-0.009640740581055907,True,-0.01600079314126679,0.007845370552211683,-0.01085386528698229,-0.00834186178434082,-0.023408732582757108,-0.01085386528698229,0.009580528223718465,0.03308540651449077,-0.003956478733926683,-0.008160237388723957,0.2498381877022655,0.9694425252134795,97.51417078397654
2025-06-17,0.0483323638453399,True,0.005395797539717195,True,0.02486490053634771,True,0.019158996115234528,True,0.013910004680561805,True,-0.0010442115322505385,True,0.034422359164778094,0.006440009071967734,0.010954895855785907,0.005248991434672723,0.02486490053634771,0.010954895855785907,0.009930486593842991,-0.002458210422812246,0.014753688422105338,0.04051012753188288,0.30609597924773,1.2490079683560262,99.24702273981111
2025-06-18,-0.018603360039642358,True,-0.03756708689531263,True,-0.006796289720717885,True,-0.003939442697410311,True,-0.009751273953418682,True,0.007332888142830063,True,-0.008852086086223676,-0.04489997503814269,0.002954984232700797,0.005811831256008371,-0.006796289720717885,0.002954984232700797,0.002464268112370771,0.09734513274336276,0.05307855626326963,0.0573248407643312,0.33049180327868855,1.1236984283664275,99.39856173152029
2025-06-19,0.015659331618955274,True,-0.02044617614883104,True,0.0038227344686929676,True,0.009436483476548574,True,-0.00017006941015884625,True,0.006534454580739535,True,0.01582940102911412,-0.026980630729570576,0.003992803878851814,0.00960655288670742,0.009436483476548574,0.00960655288670742,0.019041218637992907,-0.026819081116728927,-0.01138901295221073,-0.03617686467172854,0.45265213146762107,1.6446665651241605,99.90671398362166
2025-06-20,0.0,False,0.0018974539808360724,True,0.0,False,0.0,False,0.0,False,-0.01579973732043427,True,0.0,0.017697191301270343,0.0,0.0,0.0,0.0,-0.00474361870341089,-0.01929187471629601,0.009579439252336508,-0.011682242990654235,0.43268608414239496,1.5622633133864683,86.57460110614326
2025-06-23,-0.0075737783269895775,True,0.009469659536133879,True,-0.008835072811883782,True,-0.011204148692462002,True,-0.004083173440120436,True,0.0019197052457564645,True,-0.003490604886869142,0.007549954290377414,-0.004751899371763346,-0.007120975252341566,-0.008835072811883782,-0.004751899371763346,-0.01781994908585982,0.00023562676720079168,0.008553100498930766,0.014730339748158627,0.3853799294645721,1.2080467188523767,49.06168118571537
2025-06-24,0.007086458052936395,True,0.011257156694228554,True,0.006339631092279641,True,0.0022245164468006617,True,0.010282276105059385,True,-0.014230445418921711,True,-0.0031958180521229895,0.025487602113150265,-0.003942645012779744,-0.008057759658258723,0.006339631092279641,-0.003942645012779744,0.005418138987043575,-0.015932521087160256,-0.0033222591362126463,0.013526340768865719,0.39317361339021994,1.0514668647659318,30.259991110756033
2025-06-25,0.024898461432998564,True,0.03984817742461466,True,0.03672873169757929,True,0.02587209983946237,True,0.01529219163676121,True,0.02101692545040379,True,0.009606269796237354,0.018831251974210872,0.021436540060818077,0.01057990820270116,0.02587209983946237,0.01057990820270116,0.020952380952381056,-0.012826492537313494,-0.00188634755953776,0.0035369016741335635,0.37524557956778004,0.7978981529661086,20.814128685126718
2025-06-26,0.03512019721592563,True,-0.007299218492893944,True,0.013478693092461524,True,0.04334029953891072,True,0.0025563550262583945,True,0.010899645222608445,True,0.032563842189667236,-0.01819886371550239,0.01092233806620313,0.040783944512652326,0.03512019721592563,0.032563842189667236,0.024096385542168752,-0.032295271049596286,-0.017104029990627878,-0.0133552014995314,0.4496575342465754,0.8913950992014017,45.68236925788239
2025-06-27,0.016836730473640316,True,-0.009191252282559237,True,0.007267474035240751,True,0.004601055042856794,True,0.009350422397540914,True,0.0027520638301874456,True,0.007486308076099402,-0.011943316112746682,-0.0020829483623001632,-0.00474936735468412,0.007267474035240751,-0.0020829483623001632,-0.006912991656734313,0.02736437830052818,0.01205958855521394,0.011113738472452006,0.3955422488356619,0.9665566647617326,26.509206964040303
2025-06-30,0.009784229394797173,True,0.024118825150377665,True,0.004401159389048059,True,0.017610671311378168,True,0.0034234739105527545,True,0.0039008940370151013,True,0.006360755484244418,0.020217931113362564,0.0009776854784953048,0.014187197400825413,0.009784229394797173,0.006360755484244418,0.006542056074766434,-0.0116063138347261,-0.007227792026113344,0.029144322685940693,0.3704771053474223,0.8656350695153596,74.46136413737536
2025-07-01,0.014161483101222894,True,0.06884047884652089,True,0.0016521225420609298,True,0.0015214758286448138,True,0.006477020266003164,True,-0.014351611940869091,True,0.00768446283521973,0.08319209078738998,-0.004824897723942234,-0.00495554443735835,0.0016521225420609298,-0.004824897723942234,-0.013621418506341021,0.05023809523809519,0.00432604735883424,-0.038023679417122036,0.37443511943189156,0.8289907472771048,55.66120355569699
2025-07-02,-0.004899577766650842,True,-0.0016948251990127616,True,-0.01090077676239709,True,-0.029685428104048728,True,-0.008429465356301846,True,0.013376209140048223,True,0.003529887589651004,-0.015071034339060985,-0.0024713114060952446,-0.02125596274774688,-0.01090077676239709,-0.0024713114060952446,-0.01632282929041029,-0.020281170776676682,-0.01231412639405205,0.00975836431226762,0.41969745735436126,0.8576269381767326,90.17269540700465
2025-07-03,0.02806497832656496,True,-0.013582350572854618,True,0.019612821974617445,True,0.02576627714054114,True,0.006965485938607685,True,0.0010649919614669212,True,0.021099492387957275,-0.014647342534321539,0.01264733603600976,0.018800791201933453,0.02576627714054114,0.018800791201933453,0.009409550693954438,0.03495688650664186,0.023507720672966137,0.10440193592993774,0.28080747213015966,0.6899351773894682,34.31307304664399
2025-07-04,0.05411882727651163,True,-0.0017211845990319219,True,0.008426747380002153,True,0.013291020788839036,True,0.009840159684269656,True,0.0059895484378065245,True,0.04427866759224197,-0.007710733036838446,-0.0014134123042675029,0.0034508611045693804,0.013291020788839036,0.0034508611045693804,0.05156496284620604,0.012847965738757905,0.005313496280552554,-0.01657810839532403,0.26380193511667627,0.97275941723156,73.41955707132473
2025-07-07,0.0,False,0.03620687791425592,True,0.0,False,0.0,False,0.0,False,-0.007285295494271593,True,0.0,0.04349217340852751,0.0,0.0,0.0,0.0,-0.002114164904862492,-0.029661016949152685,0.010368409441870785,0.03992940657401278,0.33502681343494234,1.255803009589674,90.54449200802473
2025-07-08,-0.04861425187175372,True,-0.008319434199927422,True,-0.013609744893377407,True,-0.006903357601449889,True,-0.007532792265596,True,-0.00526795861514584,True,-0.04108145960615772,-0.003051475584781582,-0.006076952627781407,0.0006294346641461113,-0.013609744893377407,-0.006076952627781407,-0.007641921397379736,0.07964796479647962,0.011961229119406003,0.004330789853578043,0.25789618236748146,0.8128339782292098,54.25755314805258
2025-07-09,0.01790830899885054,True,0.058724801067299826,True,0.013297128488172438,True,0.011122229689026097,True,0.0005614041331265529,True,-0.002962771383824059,True,0.01734690486572399,0.061687572451123884,0.012735724355045885,0.010560825555899545,0.013297128488172438,0.012735724355045885,-0.004075810067250885,-0.021690198485778467,-0.01625514403292183,-0.027983539094650234,0.3308923243829671,1.133484991871127,83.35021393742474
2025-07-10,0.03190242965695744,True,0.023771792815148407,True,0.006843545088749625,True,0.0180000053536733,True,0.007079082001265391,True,0.007366883497436749,True,0.024823347655692052,0.016404909317711658,-0.0002355369125157658,0.010920923352407907,0.0180000053536733,0.010920923352407907,0.012340514536707703,-0.023760330578512345,-0.0054725320985055115,0.0075773521363924345,0.3016607677647698,0.8490126995877283,55.934625411992066
2025-07-11,-0.0025005820903482023,True,-0.027863817447655648,True,0.007357433240608335,True,0.0074902403086287705,True,-0.0014382244996593574,True,0.007379596142790046,True,-0.001062357590688845,-0.035243413590445694,0.008795657740267693,0.008928464808288128,0.007357433240608335,0.008795657740267693,-0.0031746031746031633,0.003397027600849256,-0.00568062276456982,0.010309278350515427,0.24178712220762155,0.8709397488251204,43.28053456413895
2025-07-14,0.0052415573527289094,True,-0.011146491672039294,True,-0.00010434156744454359,True,0.004996947749327463,True,-0.002250358830547361,True,0.0025461005750608834,True,0.00749191618327627,-0.013692592247100177,0.0021460172631028174,0.007247306579874824,0.004996947749327463,0.007247306579874824,0.000846381718154765,0.015010570824524283,0.001460158531497724,0.04297037964121819,0.22371828068358357,0.8417872249659433,43.735134601396716
2025-07-15,0.004307382092041845,True,-0.0016103193468451904,True,-0.007547983495274857,True,-0.005153983715270205,True,0.00362675175577154,True,-0.005980326954644122,True,0.0006806303362703048,0.004370007607798931,-0.011174735251046397,-0.008780735471041745,-0.005153983715270205,-0.008780735471041745,0.020412414080400065,0.05001020616452334,0.019017432646592836,0.021790808240887527,0.1919066534260181,0.5696999327075619,74.45099188993608
2025-07-16,0.033634349980310896,True,0.03225813487389728,True,0.01920643665779176,True,0.040409509883660544,True,0.0009167947504504781,True,0.009770905870307711,True,0.03271755522986042,0.02248722900358957,0.01828964190734128,0.039492715133210066,0.033634349980310896,0.03271755522986042,0.008942457231726264,-0.05761078998073221,-0.04248238057948317,-0.024471417384494876,0.2676195170034499,1.2572065881026295,95.73707620716478
2025-07-17,0.0004367865770644741,True,-0.007812564528450361,True,-0.0052269749086676365,True,0.003924951620251083,True,0.0010238052361617456,True,0.009062948249833447,True,-0.0005870186590972715,-0.016875512778283808,-0.006250780144829382,0.002901146384089337,0.0004367865770644741,-0.0005870186590972715,-0.002249028828460453,0.08831967213114766,0.054397458804844145,0.0702799285288862,0.0956541218637994,0.9266441908933979,42.949253439459135
2025-07-18,0.008950007315458253,True,0.006299265037346347,True,0.008400140406231937,True,0.009511641480478783,True,0.008092942759585275,True,0.003054255543222917,True,0.0008570645558729773,0.0032450094941234298,0.00030719764664666194,0.0014186987208935076,0.008950007315458253,0.0008570645558729773,0.00753153831670117,-0.0263502149131003,-0.017537243069960406,-0.034320196115406376,0.19968375875310596,1.1870171793587494,79.8455658902367
2025-07-21,-0.02574648225827436,True,0.03286383305573737,True,-0.004799193040435523,True,-0.003410435657248967,True,-0.000961219240383282,True,0.011675174216255968,True,-0.02478526301789108,0.0211886588394814,-0.003837973800052241,-0.002449216416865685,-0.004799193040435523,-0.003837973800052241,-0.0040307101727447,-0.007708614376565781,0.007632093933463757,0.03033268101761255,0.20573941217310798,0.9072367695113127,60.90221517340429
2025-07-22,0.05418615384302594,True,0.007575727237311813,True,0.0006888901308290674,True,-0.005973958915558075,True,0.005184595806513315,True,-0.00182055656943525,True,0.04900155803651263,0.009396283806747063,-0.004495705675684247,-0.01115855472207139,0.0006888901308290674,-0.004495705675684247,-0.004466886774130985,0.0037065938353493255,-0.03470919324577848,-0.05159474671669795,0.21295641931684317,0.8598594465209795,47.33655091711391
2025-07-23,-0.05119023051796312,True,-0.018045078033182116,True,-0.017693015408060564,True,-0.025382260131014744,True,-0.005175483270000059,True,-0.015108489973571504,True,-0.04601474724796306,-0.002936588059610612,-0.012517532138060505,-0.020206776861014686,-0.025382260131014744,-0.020206776861014686,-0.01846452866861037,-0.01663366336633665,-0.00799041150619273,0.009388733519776205,0.2250000000000001,0.8807146905797679,45.992982759776595
2025-07-24,0.03152748978865527,True,0.0,True,0.004345205823901743,True,0.022450891508008386,True,0.004561076885380766,True,0.014387991654924104,True,0.026966412903274506,-0.014387991654924104,-0.00021587106147902269,0.01788981462262762,0.022450891508008386,0.01788981462262762,0.020136931131695457,-0.019147256217923347,-0.013500099265435717,-0.01310303752233466,0.1731632412000943,0.9555149309930502,12.991243041702148
2025-07-25,-0.047137293798201974,True,0.013782562150252975,True,0.004151987545212288,True,0.017332420827243844,True,0.0021284641988010833,True,0.0023612215902308886,True,-0.04926575799700306,0.011421340560022086,0.0020235233464112046,0.01520395662844276,0.004151987545212288,0.0020235233464112046,-0.006037432078889071,0.0030370520348248498,-0.0032193158953722767,0.005030181086519203,0.1845053635280096,0.8039877513803989,15.034789963131303
2025-07-28,0.023040443804305255,True,0.019637438812611707,True,-0.0010771826297359954,True,-0.001381448096738569,True,0.0024071069471325313,True,-0.00040000501364123586,True,0.020633336857172724,0.020037443826252943,-0.0034842895768685267,-0.0037885550438711,-0.0010771826297359954,-0.0034842895768685267,0.007468712151796453,0.056702063714686446,0.0650242326332795,0.07895799676898219,0.1574766355140187,0.45157970662449554,12.175232047553962
2025-07-29,0.014572749703474441,True,0.022222224245830535,True,0.013635352056435401,True,0.018731992791827023,True,0.0031250958639144066,True,0.002080072639951913,True,0.011447653839560035,0.020142151605878622,0.010510256192520995,0.015606896927912617,0.014572749703474441,0.011447653839560035,0.0068259385665527805,0.03917137476459498,0.04231205137891947,0.019644880997355507,0.23860967590418047,1.2046805438099573,90.36484280028644
2025-07-30,0.055930351515837806,True,0.013043497239369817,True,0.005112979385150318,True,-0.007015659077064473,True,-0.0015489271998813114,True,-0.009031782082688844,True,0.05747927871571912,0.02207527932205866,0.0066619065850316295,-0.005466731877183162,0.005112979385150318,0.0066619065850316295,-0.009061254077564307,-0.003657644476956934,0.014336250232731329,0.06832991994042081,0.25096350034005876,1.1343163495052995,95.91331301237022
2025-07-31,0.004328093208809003,True,0.011444927983684794,True,0.011471601880230775,True,0.02142349663816301,True,0.001339853955918846,True,0.011214833214890696,True,0.002988239252890157,0.00023009476879409796,0.010131747924311929,0.020083642682244163,0.011471601880230775,0.010131747924311929,0.031571218795888534,0.001245551601423589,-0.028655273606076226,-0.029863628517175833,0.2815808045165842,0.7314279547213224,72.09307018516735
2025-08-01,-0.030371425326067403,True,0.05940590960528214,True,-0.02524815982252049,True,-0.007809623615357086,True,-0.0052991760980343194,True,0.0034438577266941994,True,-0.025072249228033083,0.05596205187858794,-0.01994898372448617,-0.002510447517322767,-0.02524815982252049,-0.01994898372448617,-0.01706060067531545,-0.026396673295968176,-0.03390742734122709,-0.04090419806243273,0.267056969151092,1.1910991884510667,87.706967332712
2025-08-04,-0.08275131952194936,True,,True,-0.01672548256777251,True,-0.023331642927457374,True,-0.019698877473008247,True,-0.004593334699434237,True,-0.06305244204894112,,0.002973394905235738,-0.0036327654544491272,-0.023331642927457374,-0.0036327654544491272,-0.017084493964716785,0.019081806159078063,0.00018542555164091645,-0.004450213239384437,0.13847780126849885,0.9813678234787557,34.90359086453279
2025-08-05,0.03437936486434978,True,,True,0.02197569281681888,True,0.036150194478114184,True,0.01845160294892234,True,-0.0023658148505263377,True,0.01592776191542744,,0.0035240898678965404,0.017698591529191843,0.03437936486434978,0.01592776191542744,0.013904338153504003,-0.038581093435728686,-0.002277039848197382,0.01195445920303606,0.17772925764192138,0.6708768480218898,37.69367238674274
2025-08-06,-0.02186043535369042,True,0.0124309577542705,True,-0.010648191614492375,True,-0.009666693916578928,True,-0.0067894744861422,True,0.01204718422705664,True,-0.015070960867548222,0.0003837735272138598,-0.0038587171283501753,-0.0028772194304367282,-0.010648191614492375,-0.0038587171283501753,-0.009319132750094994,0.009406795930120948,-0.019395747855277867,-0.015665796344647487,0.07153046668025254,0.8610714547601624,16.421772374466528
2025-08-07,-0.014595197535209659,True,0.004092803418141111,True,-0.0016719071929435225,True,0.006507367339324555,True,0.012583339213995792,True,-0.009012052115274116,True,-0.02717853674920545,0.013104855533415227,-0.014255246406939315,-0.006075971874671238,-0.0016719071929435225,-0.014255246406939315,0.0,-0.025865348041080205,-0.023450905624404217,-0.02535748331744525,0.09976992261033257,0.7252826105915822,16.421772374466528
2025-08-08,0.0034714540397389193,True,0.010869571571799685,True,0.0157001659006768,True,0.007524316044121848,True,0.003384234098574357,True,0.023730184169192814,True,8.721994116456244e-05,-0.012860612597393128,0.012315931802102442,0.004140081945547491,0.007524316044121848,0.004140081945547491,-0.00409996095275289,0.0013722799451088008,-0.004288499025341119,0.006237816764132598,0.08402116402116389,1.1410112575035767,5.041460278205122
2025-08-11,0.044280399951999616,True,0.09946236114961993,True,0.00827838229267841,True,0.010676460120619735,True,0.009328343721527466,True,0.0007286453218204869,True,0.03495205623047215,0.09873371582779944,-0.0010499614288490555,0.0013481163990922695,0.010676460120619735,0.0013481163990922695,-0.001566170712607673,0.02019607843137261,0.007552285050348662,0.005422153369481153,0.08082945408379172,0.6518241669579812,4.411974070745856
2025-08-12,-0.014796779748405209,True,0.07701707523002077,True,-0.0004429238816484604,True,-0.0035030579022208297,True,-0.0029590031882051893,True,0.004755796968586967,True,-0.01183777656020002,0.0722612782614338,0.002516079306556729,-0.0005440547140156404,-0.0035030579022208297,-0.0005440547140156404,0.0007687872381318961,0.01747647397733809,0.005313092979126965,0.0557874762808348,0.08373255571755878,0.8096752084991551,64.5254751000902
2025-08-13,0.045281336698635766,True,0.04653806250946246,True,0.022835764459990138,True,0.006042028029048074,True,0.012568824005062762,True,0.0009471266391829491,True,0.032712512693573004,0.045590935870279514,0.010266940454927376,-0.006526795976014688,0.022835764459990138,0.010266940454927376,0.016610041525103814,0.08206461195692549,0.02804727465161405,-0.0017639795378372458,0.02993779160186638,0.9588979849167695,84.2877493862476
2025-08-14,-0.03581389546191749,True,-0.002169215329121621,True,0.003932094231122951,True,-0.008571672667480601,True,0.0004999924323754179,True,0.008761363011638768,True,-0.03631388789429291,-0.010930578340760388,0.0034321017987475333,-0.009071665099856019,-0.008571672667480601,-0.009071665099856019,-0.00514756348661638,-0.05018972059330795,-0.02340840574569958,-0.004256073771945368,0.19157636475158446,1.7063755314403266,97.82254535165845
2025-08-15,-0.05204626779888055,True,0.013043452697991453,True,0.002124222188804481,True,0.002367841827155104,True,-0.0007755319100544167,True,-0.00541320542258239,True,-0.051270735888826136,0.018456658120573843,0.0028997540988588977,0.0031433737372095205,0.002124222188804481,0.0028997540988588977,-0.0034501543490103037,0.008564139941690918,0.0016286644951140072,-0.023887079261672106,0.036904537751835775,1.1836166436417275,47.871222590798446
2025-08-18,-0.01923978684595329,True,-0.0010729043377968317,True,-0.020767085763974014,True,-0.008625357992819938,True,-0.00439742117334585,True,0.003976419807175002,True,-0.014842365672607438,-0.005049324144971834,-0.016369664590628163,-0.004227936819474087,-0.01923978684595329,-0.014842365672607438,-0.00036133694670281713,0.011386228086029293,0.010108303249097617,0.038086642599278075,0.062380038387715775,1.044286406167657,52.13513132660855
2025-08-19,0.0004784798595387496,True,0.02792692664367058,True,0.004092647109986025,True,0.008644964444897596,True,-0.00039834113143344396,True,0.006083510296844397,True,0.0008768209909721936,0.021843416346826183,0.004490988241419469,0.00904330557633104,0.004092647109986025,0.004490988241419469,-0.0023230879199428456,-0.015762135052838855,-0.029494878134934566,-0.06905687036382901,0.08681297339289196,1.1918478326982593,64.71171560145476
2025-08-20,-0.03156383798318363,True,-0.021943562795099902,True,-0.02017781381975703,True,-0.03499799059183495,True,-0.013567505729100482,True,-0.005269863303297595,True,-0.017996332254083147,-0.016673699491802307,-0.006610308090656547,-0.021430484862734467,-0.03156383798318363,-0.017996332254083147,-0.024021838034576914,0.01901920566846904,0.01807004470938889,-0.0065201192250372575,0.06802721088435382,1.123756851834382,34.60341181175161
2025-08-21,-0.010864163622444023,True,-0.052350466499838655,True,-0.006566534721342943,True,-0.0013665042641969327,True,-0.0059373111394762645,True,-0.02989552002278928,True,-0.0049268524829677585,-0.022454946477049376,-0.000629223581866678,0.004570806875279332,-0.006566534721342943,-0.000629223581866678,0.0005489478499542955,-0.02029992684711046,0.023304680038204406,0.049665711556829084,0.10048328634716075,0.8427010020969378,27.110227512297357
2025-08-22,0.017972975070487562,True,0.012401386703411177,True,-0.005191079394910814,True,-0.0023945457588205876,True,-0.004629916418058766,True,0.014251223005524505,True,0.02260289148854633,-0.001849836302113328,-0.0005611629768520476,0.0022353706592381783,-0.0023945457588205876,0.0022353706592381783,-0.0003733432891543931,0.038842203548085985,0.01237488626023664,0.010009099181073733,0.07808412155363276,1.2146272709469004,10.593567519914416
2025-08-25,0.08950469924319693,True,0.02227169403675333,True,0.021498742847649854,True,0.017202073354147362,True,0.015427492843584245,True,-0.008248855555042067,True,0.07407720639961268,0.0305205495917954,0.006071250004065609,0.0017745805105631174,0.021498742847649854,0.006071250004065609,0.012403379471508158,0.028941761363636465,0.05748175182481763,0.05310218978102199,0.12293096487686728,1.3913716203847897,73.10390125047905
2025-08-26,-0.007652490440075099,True,0.014161270662956804,True,0.000953592359751676,True,0.010225230416380127,True,-0.00288455005409205,True,0.021583066698916742,True,-0.004767940385983049,-0.007421796035959938,0.003838142413843726,0.013109780470472177,0.000953592359751676,0.003838142413843726,-0.00345125107851596,-0.0017316017316018062,0.001563585823488367,0.05194579569145241,0.09878649981039045,1.4972242350991163,89.55422543143163
2025-08-27,0.01769105866630616,True,-0.016111708762937327,True,0.009628387667664828,True,0.010900452565673069,True,0.004015110568667879,True,0.0011417520761634048,True,0.01367594809763828,-0.01725346083910073,0.005613277098996949,0.00688534199700519,0.010900452565673069,0.00688534199700519,-0.0041630529054640375,0.02577948092666782,-0.039001305483028714,-0.03622715404699739,0.04476259514316783,1.0048732815744765,77.32331220968638
2025-08-28,-0.008246020519110053,True,0.039301298908536175,True,0.0030665147748427657,True,-0.0009351750270146786,True,0.0015368358122413994,True,0.008837683642618943,True,-0.009782856331351453,0.030463615265917232,0.0015296789626013663,-0.002472010839256078,-0.0009351750270146786,-0.002472010839256078,0.004924435388011572,0.08347414667117281,0.07964303754840896,0.08267385081663581,0.08094713656387675,1.3559109957141773,89.34878786448475
2025-08-29,0.053932618559076495,True,0.021008383286113874,True,0.004098640947719501,True,-0.007874514497031027,True,0.006259949107671359,True,-0.011560045814190012,True,0.047672669451405136,0.032568429100303886,-0.002161308159951858,-0.014134463604702385,0.004098640947719501,-0.002161308159951858,0.005926388022457818,0.06651162790697684,0.05879636755425599,0.041865476373710964,0.13950595343877747,1.3927022657661443,98.05398578755171
2025-09-01,-0.04968020800103856,True,0.03909465788277333,True,-0.02874053088498585,True,-0.03324652152828622,True,-0.01157550092204418,True,-0.0001382054501782859,True,-0.03810470707899438,0.03923286333295162,-0.01716502996294167,-0.021671020606242042,-0.03324652152828622,-0.021671020606242042,0.005669428696031487,0.008962127782595974,0.04101416853094708,0.05279642058165557,0.27743732590529246,1.3226739362635642,99.20879887687961
2025-09-02,0.0,False,-0.0960396076962654,True,0.0,False,0.0,False,0.0,False,-0.006659038390721239,True,0.0,-0.08938056930554417,0.0,0.0,0.0,0.0,-0.00859598853868182,-0.028612716763005808,-0.04149436760302294,-0.052759161557108025,0.2940304041527624,1.2001637475443212,99.37040607708192
2025-09-03,0.008750266823396968,True,-0.04709746689562322,True,-0.013124824878776864,True,-0.01952001267395287,True,-0.008380082185272753,True,-0.002282809370366512,True,0.01713034900866972,-0.04481465752525671,-0.0047447426935041115,-0.011139930488680116,-0.013124824878776864,-0.0047447426935041115,-0.009818506396905624,-0.00871394230769229,0.004873591227535945,-0.035638135851355446,0.2784328642069227,1.2401901703786897,48.6269999539913
2025-09-04,0.028247341717635432,True,0.016091945739669322,True,-0.00017460514553024886,True,-0.0009366891129908295,True,0.007867493026234351,True,0.0034776305075121527,True,0.02037984869140108,0.01261431523215717,-0.0080420981717646,-0.00880418213922518,-0.00017460514553024886,-0.0080420981717646,0.006820248560169828,-0.10612674996236648,-0.039469427369783205,-0.036395988353283726,0.2548497527577027,0.8498959241442691,32.6168217444817
2025-09-05,-0.003460952822764596,True,-0.012443472343315776,True,0.011974938824088621,True,0.006095353053086949,True,0.009051342381911631,True,0.0033007400549494026,True,-0.012512295204676227,-0.01574421239826518,0.00292359644217699,-0.002955989328824682,0.006095353053086949,-0.002955989328824682,-0.011620074099023325,0.09286079400238556,0.07653575025176229,0.036589459550184555,0.15931276844982434,1.0856332962334088,7.240359637625772
2025-09-08,0.03538096546369984,True,0.005727424445981066,True,0.011798912814461993,True,-0.027030073543164446,True,0.0014430664345266297,True,0.013016229374229527,True,0.03393789902917321,-0.00728880492824846,0.010355846379935363,-0.028473139977691075,0.011798912814461993,0.010355846379935363,-0.002650452135952608,-0.05627637955291542,-0.011947626841243952,-0.019967266775777426,0.2556773688332028,1.2000485805011154,56.29145960323837
2025-09-09,-0.014675068170718286,True,0.022779021432555835,True,0.011047359350439656,True,0.007723476233777449,True,0.004877891778796828,True,0.00215561079559623,True,-0.019552959949515114,0.020623410636959605,0.006169467571642828,0.002845584454980621,0.007723476233777449,0.002845584454980621,-0.021036938876925593,0.0049069373942469685,-0.009010512264308379,0.046554313365593236,0.16029213915049012,0.9863205060267622,30.632580795889425
2025-09-10,0.012765924981299914,True,0.03563476521791631,True,0.004350507168580764,True,0.014556436295029451,True,0.002832985573536506,True,0.012538968205540568,True,0.009932939407763408,0.02309579701237574,0.0015175215950442578,0.011723450721492945,0.012765924981299914,0.009932939407763408,0.027277319414042767,0.04048516636616939,0.026686074721009145,0.09865760957464031,0.12098905247263114,0.6482014704485451,24.76402628277856
2025-09-11,0.038445417851213026,True,0.05161286698089795,True,0.010140653616377726,True,0.03847512663982333,True,0.00032742384064365915,True,0.013575043934189956,True,0.03811799401056937,0.038037823046708,0.009813229775734067,0.03814770279917967,0.038445417851213026,0.03811799401056937,0.03812224322621316,0.059635811836115105,0.027365013976754504,0.05987935854053261,0.08922443376801659,1.1157222031703482,71.05303249832195
2025-09-12,-0.022456010590704678,True,0.009202467483085508,True,0.010304854401929964,True,-0.0008458502230944687,True,0.005820548847466744,True,0.0009177735950691712,True,-0.028276559438171422,0.008284693888016337,0.004484305554463219,-0.006666399070561213,-0.0008458502230944687,-0.006666399070561213,-0.003293713303737733,0.033045977011494365,0.009406149094482785,-0.018531517618980864,0.2680225167968042,0.9985751635669282,90.0540821322343
2025-09-15,-0.03207779898282104,True,-0.013171210478428286,True,0.0012833032089629715,True,0.0036686553693894286,True,0.004417274512720226,True,0.01026858565050115,True,-0.036495073495541264,-0.023439796128929435,-0.0031339713037572547,-0.0007486191433307976,0.0012833032089629715,-0.0031339713037572547,-0.013908205841446475,-0.027644569816643316,-0.008057553956834607,0.012949640287769792,0.2990063233965674,1.062045867795116,93.03486659437559
2025-09-16,0.05623265004006783,True,-0.03696097564823653,True,0.009365129917173531,True,-0.00039352272772230634,True,0.008556783778664423,True,-0.004611663437352198,True,0.04767586626140341,-0.03234931221088433,0.0008083461385091084,-0.00895030650638673,0.009365129917173531,0.0008083461385091084,-0.0011604293588627357,0.045599767644496136,-0.00675955304179876,-0.0019313008690854394,0.23195139385275199,0.7156535253841633,50.09655687126455
2025-09-17,0.017611313866640277,True,-0.021322006611186328,True,0.000130155843185209,True,-0.016146376836162046,True,-0.0008450256739842565,True,0.010745701295846288,True,0.018456339540624533,-0.03206770790703262,0.0009751815171694656,-0.01530135116217779,0.000130155843185209,0.0009751815171694656,0.0,-0.015277777777777724,-0.017869511012605477,-0.022856351295193145,0.31028207461328483,0.775526043178209,74.46405238987597
2025-09-18,-0.024666832448283604,True,-0.023965139715797057,True,-0.006379995039575315,True,-0.02624654492487588,True,-0.001995963832969183,True,-0.007467550083917751,True,-0.02267086861531442,-0.016497589631879306,-0.0043840312066061315,-0.024250581091906698,-0.024666832448283604,-0.02267086861531442,-0.010719322990127012,0.0752780153977759,0.0475000000000001,0.03750000000000009,0.2973467520585542,0.5744541701242057,55.11527207498303
2025-09-19,0.07770755594837597,True,-0.0100446576340667,True,0.03839478990172407,True,0.034940465904016005,True,0.009016865703184829,True,0.013016200996530891,True,0.06869069024519114,-0.02306085863059759,0.02937792419853924,0.025923600200831176,0.03839478990172407,0.02937792419853924,0.009016176080615113,-0.0026281208935609035,-0.007583682008368231,0.01569037656903771,0.4078775434011572,1.0455869431990152,85.68460603107825
2025-09-22,-0.013626063940650135,True,-0.018038273562984708,True,-0.003975177354623827,True,0.0024396700010240746,True,0.006769402942208069,True,-0.007411524345470877,True,-0.020395466882858204,-0.010626749217513831,-0.010744580296831896,-0.004329732941183995,-0.003975177354623827,-0.010744580296831896,0.0050065876152831645,0.04955427372836918,0.010348308934881478,0.019939424533064187,0.3643717418658996,0.642072868916871,87.49365594522676
2025-09-23,0.0406754180742146,True,0.032146940667381774,True,0.02046184971630738,True,0.039282386991950524,True,0.005919994542386675,True,0.011815861562103347,True,0.03475542353182792,0.020331079105278427,0.014541855173920704,0.03336239244956385,0.039282386991950524,0.03336239244956385,0.036472645515863045,-0.061219570980959204,-0.04146671588532047,-0.07899593946105576,0.3815358067299395,0.7718352514030448,96.08004408810208
2025-09-24,0.04240411441531422,True,0.01223578205775988,True,-0.0014588393138809108,True,-0.02821204559530932,True,-0.00664215757904818,True,0.01417160099788184,True,0.0490462719943624,-0.0019358189401219583,0.005183318265167269,-0.02156988801626114,-0.0014588393138809108,0.005183318265167269,-0.024133504492939828,-0.020652459878979124,-0.01651254953764858,-0.018494055482166538,0.35125758889852543,1.008212476970538,56.08977864924711
2025-09-25,-0.04227094713385615,True,0.008791214283982107,True,-0.0018340876717506394,True,-0.008182492189240609,True,-0.0035105829529757937,True,-0.0019292856211109433,True,-0.03876036418088036,0.01072049990509305,0.0016764952812251543,-0.004671909236264815,-0.008182492189240609,-0.004671909236264815,0.00335795836131636,0.00013386880856747219,0.009458181326847503,-0.0017565193892719044,0.2642214297843437,0.765417704993989,24.077144483339936
2025-09-26,0.006648140083287846,True,-0.04575161210535006,True,-0.00015567959290307964,True,0.004068647130534231,True,-0.004311257815562852,True,-0.006599329621733818,True,0.010959397898850698,-0.03915228248361624,0.004155578222659773,0.008379904946097083,0.004068647130534231,0.008379904946097083,-0.0009369562307588453,-0.035101822079314116,-0.01585132549877033,-0.015714676141022177,0.16515907673112906,0.6914415746624657,30.091025934863552
2025-09-29,0.023298486458803946,True,-0.05821916895074952,True,0.002367213139763402,True,0.002813830455718369,True,0.004110892537597222,True,-0.01704318552145412,True,0.019187593921206725,-0.041175983429295404,-0.0017436793978338194,-0.0012970620818788525,0.002813830455718369,-0.0012970620818788525,-0.003054707025826109,0.03495821727019499,0.01906198573779494,0.02578167855183766,0.04695449920046535,0.6729411558581113,11.402234372716066
2025-09-30,0.03531734069227532,True,0.0,False,0.002610084367583587,True,0.020539918243418942,True,0.004631067768362973,True,0.0,False,0.03068627292391235,0.0,-0.002020983400779386,0.01590885047505597,0.020539918243418942,0.01590885047505597,0.004844570044408636,-0.01607071112896752,-0.0013592496941687848,0.037787141497893195,0.06461318051575926,0.6122828896144558,56.9379478593373
2025-10-09,0.013506472368777,True,0.055757589845903066,True,0.07255321236197743,True,0.039922911796365756,True,0.021228288365998216,True,0.05798830338630068,True,-0.007721815997221215,-0.002230713540397611,0.05132492399597921,0.01869462343036754,0.039922911796365756,0.01869462343036754,0.016877637130801704,-0.010172667648239764,-0.030163934426229444,-0.059016393442622994,0.09297828027372823,0.5385916787856833,41.347660570545216
2025-10-10,-0.034341335442572674,True,-0.0034443453161010495,True,-0.0024851289438175828,True,0.018296262883585657,True,-0.001210211549833029,True,0.008802950564221979,True,-0.033131123892739645,-0.012247295880323028,-0.0012749173939845537,0.019506474433418686,-0.0024851289438175828,-0.0012749173939845537,-0.012035158891142705,-0.004106214070626835,-0.009663808357152526,-0.0336191642847421,0.120794180054562,0.7889643933374679,55.32706676175681
2025-10-13,-0.0520169604192765,True,0.0,False,-0.05755912695428611,True,-0.048865362827820946,True,-0.034714216415298926,True,0.0,False,-0.017302744003977577,0.0,-0.022844910538987184,-0.01415114641252202,-0.0520169604192765,-0.017302744003977577,-0.07916437603078619,0.052238805970149294,0.003844510892780706,0.023921401110636342,0.22532839339845046,0.70994406386222,25.358604630613783
2025-10-14,0.03639411873091758,True,-0.019585274096892147,True,0.044292108375192596,True,0.02817213093671711,True,0.02122123525764197,True,-0.013863493889187506,True,0.015172883473275611,-0.005721780207704641,0.023070873117550628,0.006950895679075142,0.03639411873091758,0.015172883473275611,0.019858156028368823,-0.08484005563282349,-0.06067094932191297,-0.04953604568165593,0.0991580916744621,0.8358450640232212,8.29417882948421
2025-10-15,-0.005042297595030165,True,-0.03290245206793829,True,-0.018395814745809203,True,-0.04402090212326881,True,-0.006660857138055087,True,-0.004838520946744862,True,0.0016185595430249222,-0.02806393112119343,-0.011734957607754115,-0.037360044985213725,-0.018395814745809203,-0.011734957607754115,0.0,0.036322188449848136,0.01715393794749387,0.011485680190930658,0.08994533708795771,1.0371308570316558,2.1833167282445203
2025-10-16,0.053574644062853505,True,0.0036452307055288014,True,0.024827546324981187,True,-0.0011108518887370522,True,0.007056738366830961,True,0.018010593746521364,True,0.04651790569602254,-0.014365363040992563,0.017770807958150225,-0.008167590255568014,0.024827546324981187,0.017770807958150225,-0.005719313682358118,-0.008112094395280156,-0.013785012465170832,-0.035049127438040784,0.14817309311331872,0.682370491819338,44.08257259037255
2025-10-17,0.004123031819988743,True,0.007263908103559036,True,0.0044472282165577415,True,0.011010386767360991,True,-0.0037029192628171836,True,0.01364430807973327,True,0.007825951082805926,-0.006380399976174234,0.008150147479374925,0.014713306030178175,0.0044472282165577415,0.008150147479374925,-0.006691449814126393,-0.0393712574850299,-0.005732878834831201,0.034087387666563274,0.05938878386893509,0.5176529699740575,32.972723762111286
2025-10-20,-0.022070160798787763,True,-0.028846170895091006,True,-0.0013690483780660623,True,0.007755441369297289,True,0.006566768173184245,True,-0.012496442248141726,True,-0.02863692897197201,-0.01634972864694928,-0.007935816551250308,0.0011886731961130437,-0.0013690483780660623,-0.007935816551250308,0.017765310892940533,0.02511100903383867,-0.014571680894907235,-0.01324698263173374,-0.08105398825719601,0.8331018483308154,12.435221893262025
2025-10-21,0.013820869797694924,True,0.02475245227494094,True,0.012805243608227324,True,-0.0031656739134645617,True,0.012600680143079357,True,0.014147553157768167,True,0.0012201896546155666,0.010604899117172772,0.00020456346514796664,-0.01576635405654392,0.012805243608227324,0.00020456346514796664,-0.00029873039581773675,0.04661586732406975,0.03349070522277953,0.027441723222189518,-0.06884561891516006,0.8889193994440158,58.78120797523708
2025-10-22,-0.021742918371733144,True,0.01570053939610805,True,-0.005529688041661651,True,-0.008103418112909044,True,-0.00026151618823311296,True,0.0023034471151326397,True,-0.02148140218350003,0.013397092280975409,-0.005268171853428538,-0.007841901924675931,-0.008103418112909044,-0.007841901924675931,-0.012847965738757905,0.011569052783803269,-0.003419290497221783,-0.02407750391793695,0.016100957354221235,1.1256285174658904,81.09577457833952
2025-10-23,-0.017639795805690084,True,-0.04756245305916129,True,-0.019403366687671952,True,-0.0048575137462666396,True,-0.009633996208226914,True,-0.0037294058215946446,True,-0.00800579959746317,-0.04383304723756665,-0.009769370479445039,0.004776482461960274,-0.017639795805690084,-0.00800579959746317,-0.008863473909935693,-0.017885475263233697,0.004277286135693226,0.048377581120943924,-0.028472222222222232,0.6755955903360334,78.35893085221065
2025-10-24,0.04866229064459349,True,-0.0037453493921317804,True,0.018310654500729884,True,0.010428205201299834,True,0.00840656049171784,True,-0.004218986931701196,True,0.040255730152875646,0.0004736375395694159,0.009904094009012043,0.0020216447095819934,0.018310654500729884,0.009904094009012043,0.02863856660302555,0.04383209594517412,0.036433229373405096,0.06889707967110859,-0.03963328631875873,0.5553451741744903,34.742248171335774
2025-10-27,0.005993124400279326,True,0.0,False,0.01838758757489667,True,0.022507568534544387,True,0.010678258155274456,True,0.0,False,-0.00468513375499513,0.0,0.007709329419622213,0.01182931037926993,0.01838758757489667,0.007709329419622213,0.03405826836274106,0.025264550264550323,0.026894541600424038,0.02331743508214079,-0.03062848050914868,1.206098186933548,83.70425242449616
2025-10-28,0.00255321746176862,True,0.02255642456792395,True,0.02506114616974986,True,0.028079190583268687,True,0.01780919628224753,True,0.016757472785653427,True,-0.01525597882047891,0.005798951782270523,0.007251949887502329,0.010269994301021157,0.02506114616974986,0.007251949887502329,-0.01690104502644818,0.04986876640419946,0.024458957613010535,0.0440517351773595,0.021212121212121238,1.311652973760636,92.96153931817318
2025-10-29,0.005263116308367843,True,0.03553920885511941,True,0.00880699388531725,True,0.049819821007157206,True,0.007689819568517553,True,-0.0015904147839432836,True,-0.0024267032601497096,0.03712962363906269,0.0011171743167996961,0.04213000143863965,0.00880699388531725,0.0011171743167996961,0.030749999999999833,-0.0373514431239389,-0.00874125874125875,-0.0197302697302697,-0.0007494379215587932,1.385859932405528,95.71599608344421
2025-10-30,0.07296064451311746,True,-0.015384597478859452,True,0.01514692938823825,True,0.029896036083715938,True,0.004502935977040101,True,0.012366435536016018,True,0.06845770853607736,-0.02775103301487547,0.01064399341119815,0.025393100106675837,0.029896036083715938,0.025393100106675837,-0.0010078105316200237,-0.045397225725094525,-0.023981433728726187,-0.06085611139762759,0.01899871630295258,1.4299091985154924,80.104710626117
2025-10-31,-0.024397910701135728,True,0.01802884757459089,True,-0.01323885726814189,True,-0.020044482387303164,True,-0.015288574889305684,True,-0.0002548508111497316,True,-0.009109335811830044,0.01828369838574062,0.0020497176211637935,-0.00475590749799748,-0.020044482387303164,-0.00475590749799748,-0.005680317040951177,-0.05726052876311949,-0.03258350374914798,-0.0561690524880708,0.016789791806581578,1.2185802406679123,27.28217449219298
2025-11-03,0.08422067513002629,True,0.09917357590994724,True,-0.001952071978719605,True,-0.001971530859184778,True,0.004823966225085963,True,-0.0019153205969807408,True,0.07939670890494033,0.10108889650692798,-0.006776038203805568,-0.006795497084270741,-0.001952071978719605,-0.006776038203805568,-0.012542277339346097,0.02226345083487935,0.024017155110793276,0.0477483917083632,-0.05019408379065726,1.2407605569526292,10.109302923858706
2025-11-04,0.039732230946324165,True,0.05907622144899416,True,0.008484434002836716,True,0.021680128369419682,True,0.004784918003958305,True,0.0035858385836509132,True,0.03494731294236586,0.055490382865343246,0.003699515998878411,0.016895210365461377,0.021680128369419682,0.016895210365461377,-0.001814882032667775,-0.006993006993006978,-0.022038567493112837,-0.06253443526170788,-0.005415162454873612,1.0459634985953217,23.6886671028074
2025-11-05,-0.05123803764598844,True,-0.020283956818175963,True,-0.03643811564247068,True,-0.03958816719273994,True,-0.020298093565999875,True,-0.007694810409372921,True,-0.03093994407998857,-0.012589146408803042,-0.016140022076470806,-0.019290073626740067,-0.03958816719273994,-0.019290073626740067,-0.041971830985915504,0.03484269332549261,0.03135531135531133,0.04908424908424891,-0.04454313013053435,0.8748398622413552,18.447782479525728
2025-11-06,0.05687127154924121,True,-0.038302276115309786,True,0.019106453451520844,True,-0.01751470682650169,True,0.006507799050240459,True,-0.014208708043573326,True,0.05036347249900075,-0.02409356807173646,0.012598654401280385,-0.02402250587674215,0.019106453451520844,0.012598654401280385,0.005966756641568427,0.024007908487501783,0.030996729702829517,0.0019906156689890597,-0.04192187287328164,0.8952431302789211,12.914696134072912
2025-11-07,-0.02783324316577851,True,0.03013992003057342,True,-0.023393597594595472,True,-0.03652477773914087,True,-0.01862719662402723,True,0.006580375706382924,True,-0.009206046541751278,0.023559544324190496,-0.004766400970568241,-0.017897581115113637,-0.02783324316577851,-0.009206046541751278,-0.0177906495655773,-0.024992979500140455,0.0031782721756716814,-0.02701531349321007,-0.01947261663286004,0.9297378721444568,71.76932222810325
2025-11-10,-0.02040815412116115,True,-0.029258083726799833,True,-0.008459362597635245,True,0.0003722181935406077,True,-0.0031552717941880637,True,-0.008890464487496197,True,-0.017252882326973085,-0.020367619239303636,-0.005304090803447181,0.0035274899877286714,-0.008459362597635245,-0.005304090803447181,-0.009504608294930827,-0.01730154114568183,0.0028189910979228294,0.006379821958456766,-0.04562946673996682,0.8826288808136677,24.268128289612747
2025-11-11,0.04751196209453412,True,0.03767490003821683,True,0.030650348422925022,True,0.05793249204463202,True,0.022124027306129612,True,0.007887467877500054,True,0.02538793478840451,0.029787432160716776,0.00852632111679541,0.03580846473850241,0.04751196209453412,0.02538793478840451,0.019381565320313765,-0.049637155297532654,-0.027909738717339594,-0.038895486935867085,-0.04127659574468079,0.9612633343633008,13.499688599721281
2025-11-12,-0.02890251338828298,True,0.03423239385160648,True,-0.021572541872000195,True,-0.029590595740832226,True,-0.0026634204600163303,True,-0.0030341598250608337,True,-0.02623909292826665,0.03726655367666731,-0.018909121411983865,-0.026927175280815896,-0.02890251338828298,-0.02623909292826665,-0.017868051313378208,-0.0029544394339915403,-0.008964451313755784,-0.023338485316847013,-0.004863221884498392,0.8804959019801224,6.708990699210588
2025-11-13,0.03875051049044509,True,0.09929785088944487,True,0.012761691189833169,True,0.0033134109524370903,True,-0.0007882655572938324,True,0.005835555923585645,True,0.03953877604773892,0.09346229496585923,0.013549956747127001,0.004101676509730923,0.012761691189833169,0.013549956747127001,-0.0021834061135372895,0.007502344482650747,0.0084480600750938,-0.03394868585732169,-0.05968617099281415,1.056461086654365,4.069875925319323
2025-11-14,-0.10496456065076465,True,0.03467159629842409,True,-0.03012398366125879,True,-0.035810284690717564,True,-0.020415991488309637,True,-0.001557560988223461,True,-0.08454856916245501,0.03622915728664755,-0.009707992172949154,-0.015394293202407927,-0.035810284690717564,-0.015394293202407927,-0.028855103940428006,-0.01581469648562306,-0.010281124497992011,0.029397590361445847,-0.041486988847583506,0.6968322666838437,19.836774559410856
2025-11-17,0.07749603023610141,True,-0.04056438288387365,True,0.0004640442087557872,True,0.017713822791540768,True,0.0007558400715381719,True,-0.018136056365454567,True,0.07674019016456324,-0.022428326518419084,-0.0002917958627823847,0.016957982720002596,0.017713822791540768,0.016957982720002596,0.007953254341827698,0.004830917874396157,-0.013126680373240496,0.005851652696504894,-0.03989403147888426,0.8358568754302439,5.282177389823801
2025-11-18,-0.053684389477292815,True,-0.012867640204590525,True,-0.013566132232519679,True,-0.018772651562635634,True,-0.008540514517706321,True,0.0018180690528333265,True,-0.045143874959586494,-0.014685709257423851,-0.005025617714813357,-0.010232137044929313,-0.018772651562635634,-0.010232137044929313,-0.008173076923076894,0.018258200032315486,-0.006933501418216137,0.020642924676961716,-0.06796116504854366,0.8017414601434666,32.66966232545512
2025-11-19,-0.015542372431156415,True,-0.05586598157749756,True,-0.02059936885815139,True,-0.028081469277870252,True,-0.012175704624246442,True,-0.02518248208944085,True,-0.003366667806909973,-0.03068349948805671,-0.008423664233904948,-0.01590576465362381,-0.02059936885815139,-0.008423664233904948,0.007616629641383543,0.0012598425196850283,-0.00919432756739913,0.007947639083684122,-0.10035688793718778,0.8297107655311299,53.688339920845856
2025-11-20,0.014682609539597768,True,0.02958586266321439,True,0.018452390246680217,True,0.02845174000170858,True,0.005970021553326488,True,-0.006577934530601293,True,0.00871258798627128,0.03616379719381568,0.01248236869335373,0.022481718448382093,0.018452390246680217,0.01248236869335373,0.0349166404529726,-0.013069908814589692,0.006041828040278974,-0.0131680867544538,-0.09106504646175839,0.8301144452323983,70.38753380803348
2025-11-21,-0.09055540974195508,True,0.09961685507941964,True,-0.04224609289746606,True,-0.03152479724769053,True,-0.023671818927784583,True,0.03183733789520926,True,-0.0668835908141705,0.06777951718421038,-0.018574273969681476,-0.007852978319905946,-0.04224609289746606,-0.018574273969681476,-0.03603326147212804,-0.01757188498402562,-0.029815428300993818,-0.005994636377977591,-0.04626229989719499,1.0389012649312344,89.23732054646983
2025-11-24,0.005816940088108069,True,-0.04181187019647736,True,0.003168317540239718,True,-0.009743162817541062,True,0.007512924126732878,True,-0.03614843327615369,True,-0.0016959840386248093,-0.005663436920323672,-0.0043446065864931604,-0.01725608694427394,0.003168317540239718,-0.0043446065864931604,0.016260162601626105,-0.02624000000000004,-0.018703643985811036,0.06949371170590135,-0.15880180549856382,0.9236035319268674,21.145336311539737
2025-11-25,0.10460965181333415,True,-0.01818185678925366,True,0.03983065062595981,True,0.020516696793347,True,0.025573198471581682,True,0.002621560052100236,True,0.07903645334175247,-0.020803416841353894,0.014257452154378125,-0.005056501678234682,0.03983065062595981,0.014257452154378125,0.027604337824515213,0.07051487048289107,0.0,0.048991784914115044,-0.21481099213004773,1.023043915881028,16.469314583276514
2025-11-26,0.05497381522344935,True,0.10000003414839087,True,0.0026245250191057057,True,-0.025910841755897196,True,0.006163605805661554,True,0.015391110399419539,True,0.0488102094177878,0.08460892374897133,-0.0035390807865558482,-0.03207444756155875,0.0026245250191057057,-0.0035390807865558482,0.015683345780433067,0.0710294117647059,0.024476016317344085,0.02335068223378811,-0.16312500000000008,1.2294270321773062,83.96267848023453
2025-11-27,-0.0032112277600817585,True,0.02693604296322749,True,0.022646307408519917,True,0.013721685932220451,True,0.008835780611114563,True,0.018481197988450715,True,-0.012047008371196322,0.008454844974776776,0.013810526797405354,0.004885905321105888,0.013721685932220451,0.004885905321105888,-0.02018399011396399,-0.017236547085201837,-0.04468056123143993,-0.06143577169322967,-0.0825144872763921,2.771348506265651,93.73612851401286
2025-11-28,0.0,False,0.02786888120203046,True,0.0,False,0.0,False,0.0,False,0.005289772806627235,True,0.0,0.022579108395403225,0.0,0.0,0.0,0.0,-0.0035648082133181713,-0.0061534058385803725,0.013276918587685982,0.03311934636708491,-0.07357992073976227,2.0279831270623103,60.09995215452267
2025-12-01,0.027676077966177104,True,0.009569358758948932,True,0.013143203569370376,True,-0.01808492846544285,True,0.008107209107914404,True,0.00261122848805706,True,0.0195688688582627,0.006958130270891871,0.005035994461455973,-0.026192137573357255,0.013143203569370376,0.005035994461455973,0.0028797696184306165,0.035032304379037926,0.018364175731035326,0.011159768328859787,-0.0212795941375421,1.0509400716835424,50.89987501665683
2025-12-02,-0.0324878707520998,True,-0.017377613468461228,True,0.0019302721029321734,True,0.016497197970264388,True,-0.0033589662464492687,True,-0.01027822462568817,True,-0.029128904505650532,-0.007099388842773058,0.005289238349381442,0.019856164216713657,0.0019302721029321734,0.005289238349381442,-0.001942016923290324,-0.014176511466295949,-0.009495880463622264,0.014104175394498153,0.006421890269440178,1.367416530720664,77.56569582054193
2025-12-03,-0.016936693667681357,True,-0.03536977205982195,True,0.01833066100996228,True,0.008559426101467649,True,0.007825981116655889,True,0.008109719183892139,True,-0.024762674784337246,-0.043479491243714086,0.01050467989330639,0.0007334449848117597,0.008559426101467649,0.0007334449848117597,-0.0011278725504020315,0.009738884968242933,-0.021340629274965606,-0.029138166894664752,-0.0009859154929577896,0.8167454764082613,52.50640794764605
2025-12-04,0.00014984473753520966,True,-0.01833328057406991,True,0.013744001073819234,True,-0.010305434879725905,True,0.002443807366697026,True,0.008299495511413513,True,-0.0022939626291618165,-0.026632776085483423,0.011300193707122208,-0.012749242246422932,0.00014984473753520966,-0.0022939626291618165,-0.00964495387195996,-0.0011291460832745237,0.018859775410308144,-0.01209329110279278,0.016337547947151698,1.0215834899691167,64.55126428625553
2025-12-05,0.09107240873439948,True,-0.011884543706447315,True,-0.0076021790123871336,True,0.02116062209880032,True,-0.0009301751961083848,True,9.613468300440076e-05,True,0.09200258393050786,-0.011980678389451715,-0.006672003816278749,0.022090797294908704,0.02116062209880032,0.022090797294908704,0.0032499646742971677,-0.034788732394366195,0.0019005847953215138,0.005116959064327409,-0.023996690111708796,0.7248246674268027,39.35424820698477
2025-12-08,0.01235587000449545,True,0.024054969752272726,True,0.007798746951656721,True,-0.00528960288028224,True,0.004077464441420986,True,0.006662167696174004,True,0.008278405563074465,0.017392802056098722,0.003721282510235735,-0.009367067321703226,0.007798746951656721,0.003721282510235735,0.0010214504596526286,0.038775510204081876,0.027393310265282578,0.03503460207612474,-0.013104838709677491,1.073965552056861,12.03097982887219
2025-12-09,0.022918395584014428,True,-0.013422826405771193,True,0.011332988471199457,True,0.01721391514737669,True,-0.0019186387370906388,True,0.011539613810094718,True,0.024837034321105067,-0.02496244021586591,0.013251627208290095,0.01913255388446733,0.01721391514737669,0.01913255388446733,-0.006314903171484754,0.042931789295297174,0.0057197330791227685,-0.03009669072586152,0.05429797307293982,1.2196623504552524,67.3260915448142
2025-12-10,0.017367062883385076,True,0.013605449999283925,True,0.0012210128841778634,True,-0.003125748033105724,True,0.0012334522222670063,True,-0.0042813960011827135,True,0.01613361066111807,0.01788684600046664,-1.2439338089142993e-05,-0.0043592002553727305,0.0012210128841778634,-1.2439338089142993e-05,-0.007447528774542911,-0.009686221009549745,0.025572195535461972,0.02415936705283972,0.1278252901649357,1.6559888438732002,85.09864555785987
2025-12-11,0.012509761678347608,True,0.0335570144480688,True,0.01382118711104341,True,-0.006433576610347602,True,0.004095683212486545,True,0.007739912655269743,True,0.008414078465861063,0.025817101792799058,0.009725503898556864,-0.010529259822834147,0.012509761678347608,0.008414078465861063,-0.005234880837581057,-0.024788810414069995,-0.026406746854693686,-0.049218858011889965,0.13209606986899547,1.096192920017625,55.64781052004616
2025-12-12,0.032689845756613156,True,-0.02110387131981939,True,-0.00858059304361436,True,-0.015507709331023523,True,-0.0032343971092777535,True,-0.013238408398111412,True,0.03592424286589091,-0.007865462921707977,-0.005346195934336606,-0.012273312221745769,-0.00858059304361436,-0.005346195934336606,-0.0018460664583924702,0.006828851899274291,0.02535496957403649,0.01869023471457565,0.09246044058330738,0.7199550144068309,25.38620605609229
2025-12-15,-0.08487036066670484,True,0.02487562341197247,True,-0.04521557905597107,True,-0.03266452212921567,True,-0.019118231888010206,True,0.0061827324507801595,True,-0.06575212877869463,0.01869289096119231,-0.02609734716796086,-0.013546290241205461,-0.04521557905597107,-0.02609734716796086,-0.01752154867881861,-0.012944052926794236,-0.02375533428165011,-0.016216216216216273,0.14867716279824705,0.8563047097428216,36.52165586042931
2025-12-16,-0.01879337120635549,True,-0.024271846108660067,True,-0.0034451637777591637,True,0.0072562775198450336,True,-0.0050195197438474,True,-0.011741252883312847,True,-0.013773851462508091,-0.01253059322534722,0.0015743559660882367,0.012275797263692434,-0.0034451637777591637,0.0015743559660882367,-0.009179659041235522,0.005735294117647172,-0.022301644031451073,-0.009864188706218746,0.09983974358974357,0.7093789830269799,12.927990985538457
2025-12-17,-0.06134636517870362,True,-0.014925394434281425,True,-0.0027203432490249257,True,0.008111747940743541,True,0.0019818593380056537,True,-0.011852011859090683,True,-0.06332822451670927,-0.0030733825751907418,-0.0047022025870305795,0.006129888602737887,-0.0027203432490249257,-0.0047022025870305795,0.0008773212457962032,0.051862673484295074,0.03597122302158273,0.0038848920863308045,0.08521104411298008,0.7779517071869871,11.291794760341048
2025-12-18,-0.08945727736307896,True,-0.013468021481613746,True,-0.036085721713999375,True,-0.038149917021432556,True,-0.018537016545344343,True,-0.0004172704427407581,True,-0.07092026081773461,-0.013050751038872987,-0.017548705168655032,-0.019612900476088213,-0.038149917021432556,-0.019612900476088213,-0.023194444444444517,-0.03156547703682633,-0.02435181206130932,-0.03036814209998573,0.132431582258572,1.0170471436143493,81.5476318404371
2025-12-19,0.08947701109124129,True,0.005119496347375074,True,0.02361164778003144,True,0.018719963394855155,True,0.014490181044790384,True,-0.0020577756708046735,True,0.0749868300464509,0.007177272018179748,0.009121466735241057,0.00422978235006477,0.02361164778003144,0.009121466735241057,0.013067097342534195,-0.021449275362318887,-0.007058823529411784,0.029117647058823692,0.04881429011395144,0.9585300601165964,30.126584725716455
2025-12-22,0.04903862118217517,True,0.03225801738652745,True,0.025860342303254624,True,0.039336204513061634,True,0.01303535250420107,True,0.008293866411184903,True,0.0360032686779741,0.023964150975342546,0.012824989799053554,0.026300852008860565,0.039336204513061634,0.026300852008860565,0.012292654028436045,0.044476956839795356,0.01651715790972519,0.04157767335896345,0.09788617886178863,0.5635841432202667,25.289326871671022
2025-12-23,0.00738852362537834,True,0.06907891344764727,True,0.01288282212469194,True,0.014917857266596002,True,0.0047934562375751,True,0.01636645341419163,True,0.0025950673878032404,0.052712460033455644,0.00808936588711684,0.010124401029020902,0.01288282212469194,0.00808936588711684,0.0,0.0004202269225381805,-0.021375719375171354,-0.008084406686763579,0.17302004600722976,1.1694370165517172,75.94933952100536
2025-12-24,0.009731943542481636,True,0.001538474341077345,True,0.009619102968188686,True,0.030050782655380637,True,0.004683453235986956,True,0.00571339720700248,True,0.0050484903064946796,-0.004174922865925135,0.00493564973220173,0.02536732941939368,0.009731943542481636,0.0050484903064946796,0.015401848221786585,0.009514616657473773,0.025637433454749115,0.02227514710002798,0.06676624346527271,0.8645386370674558,76.19955148467042
2025-12-25,0.013968432059699998,True,0.026113699412266822,True,0.002781170160370161,True,-0.003171176350336591,True,0.0029254616164215985,True,0.0021726860803557013,True,0.0110429704432784,0.02394101333191112,-0.00014429145605143745,-0.006096637966758189,0.002781170160370161,-0.00014429145605143745,-0.000956153530938253,-0.009570686354935742,0.001105583195135429,-0.01133222775013809,0.005217630097487547,1.0093567492387514,89.38185744595013
2025-12-26,0.0,False,0.0,False,0.0,False,0.0,False,0.0,False,0.0,False,0.0,0.0,0.0,0.0,0.0,0.0,-0.001932633903920511,-0.007192254495159034,0.00602662929222153,0.01303433777154872,0.0329388278910594,0.6841683820538542,60.53581088725144
2025-12-29,-0.011985055256620525,True,0.04341316511222981,True,0.004640612520293352,True,0.01017970646506039,True,-6.409644817340077e-05,True,0.006486648427758146,True,-0.011920958808447124,0.036926516684471666,0.004704708968466753,0.01024380291323379,0.004640612520293352,0.004704708968466753,-0.0018110894399553379,0.07103977669225392,0.07044218161528804,0.07030269214674312,0.03354931605471556,0.6836545091647989,38.97368422940198
2025-12-30,-0.007111016837005435,True,0.0,True,-0.004509905325937313,True,-0.012124016339494892,True,-0.004840622751142942,True,0.008925301842964695,True,-0.0022703940858624927,-0.008925301842964695,0.00033071742520562886,-0.00728339358835195,-0.007111016837005435,-0.0022703940858624927,-0.0031274433150898506,-0.024967320261437886,-0.030291211648465932,-0.03211128445137801,0.06450270495214316,1.6598580854276699,90.39502141541357
2025-12-31,-0.011093960478642972,True,-0.007173572426545705,True,-0.0024710851365958852,True,-0.0036128388270515455,True,-0.0023193379001987813,True,-0.0036014077792848598,True,-0.008774622578444191,-0.003572164647260845,-0.00015174723639710397,-0.0012935009268527642,-0.0036128388270515455,-0.0012935009268527642,0.011261563212226822,-0.03128728622563981,-0.02871195001993898,-0.026186361823740567,0.051600169180882505,1.1118664226566524,52.2367271915439
2026-01-05,0.0026981318708700908,True,-0.0708093005408128,True,0.027497152023084226,True,0.006985198412517102,True,-0.010186672445946288,True,0.022387458037803842,True,0.012884804316816378,-0.09319675857861665,0.037683824469030514,0.01717187085846339,0.006985198412517102,0.01717187085846339,0.009990420145066459,0.029132791327913354,0.036718536718536754,0.024433524433524312,0.021386636846519425,0.8952045558886232,32.711952499937
2026-01-06,-0.037105264465865706,True,-0.013996814799519752,True,0.011492120774729608,True,-0.003865453797424312,True,0.007942853963580854,True,0.025731972423427285,True,-0.04504811842944656,-0.03972878722294704,0.0035492668111487546,-0.011808307761005166,-0.003865453797424312,-0.011808307761005166,-0.012508229098090906,-0.01733333333333331,-0.0013550135501354532,-0.0060975609756097615,0.0731948565776459,1.233967219003294,72.15371189742694
2026-01-07,0.03618177911112341,True,0.044164013999374196,True,0.026563200499415185,True,-0.004677861544826856,True,0.008786634057363907,True,0.01565391487357415,True,0.027395145053759506,0.028510099125800048,0.017776566442051278,-0.013464495602190762,0.026563200499415185,0.017776566442051278,-0.006648575305291837,0.0042343942084415165,0.006020799124247356,0.003284072249589487,0.0754414125200642,1.2046449888819608,37.66088038133829
2026-01-08,-0.003832457839065162,True,-0.02870095781899129,True,-0.006707616057653465,True,0.00998708250744107,True,0.000962429680596566,True,-0.004605857298844995,True,-0.004794887519661728,-0.024095100520146295,-0.007670045738250031,0.009024652826844504,-0.003832457839065162,-0.004794887519661728,-0.004760609357997714,-0.026513598469318,-0.02062422659150287,-0.05362298913790742,0.03171484703901206,0.9276790177945873,34.98496946685874
2026-01-09,-0.047306920495686744,True,-0.017107260574636185,True,-0.01568744013217782,True,-0.021521800297446436,True,-0.005688941336362441,True,-0.002461598922053443,True,-0.0416179791593243,-0.014645661652582742,-0.00999849879581538,-0.015832858961083995,-0.021521800297446436,-0.015832858961083995,-0.015021760494173919,-0.0022805017103761926,0.004736615472943795,-0.02066886751830055,-0.03547731888964112,1.131784474599424,12.45948302378632
2026-01-12,0.10499546184538233,True,0.007911360549967217,True,0.027019868957532944,True,-0.0009727675505442068,True,0.009960147171985012,True,-0.002357988966201874,True,0.09503531467339732,0.01026934951616909,0.017059721785547932,-0.010932914722529219,0.027019868957532944,0.017059721785547932,-0.0028571428571428914,-0.009742120343839478,0.012450563937307813,0.05287827742786,-0.03567984570877525,1.0669433599491542,7.365243136175366
2026-01-13,0.0542772372131477,True,0.045525894488678054,True,0.003699713367478541,True,0.00043278968903170956,True,0.0008298325333249146,True,0.00918909452108041,True,0.053447404679822785,0.036336799967597644,0.0028698808341536264,-0.000397042844293205,0.003699713367478541,0.0028698808341536264,0.01765046296296302,-0.012794995735001535,-0.021971830985915486,0.004225352112676051,-0.018460664583925035,1.1016929575081882,4.6467184361179505
2026-01-14,0.1970727769213605,True,-0.016516469122840438,True,0.0022269879410024007,True,0.004704210650191332,True,-0.0014828122674713784,True,0.004577823055845309,True,0.19855558918883187,-0.021094292178685747,0.003709800208473779,0.00618702291766271,0.004704210650191332,0.00618702291766271,0.008064516129032251,0.051714285714285824,0.010430963491627754,-0.0024704913532801465,-0.01879327398615216,1.0706284288243617,24.826199882236153
2026-01-15,0.035178022891948046,True,0.035114512269818654,True,-0.00812196430847123,True,-0.014369548439946755,True,-0.010682909994248702,True,0.007638548470983331,True,0.04586093288619675,0.027475963798835323,0.0025609456857774715,-0.003686638445698054,-0.00812196430847123,0.0025609456857774715,-0.0052974735126324335,0.034412126177795876,0.03866721513780336,0.025503907856849084,0.07270872796153283,1.8073927577833624,88.48581167121475
2026-01-16,0.04537924818843364,True,-0.014749293558982246,True,0.02075446744410603,True,0.021349825621544527,True,0.003599455252849104,True,-0.004240196321329548,True,0.04177979293558454,-0.010509097237652698,0.017155012191256924,0.017750370368695423,0.021349825621544527,0.017750370368695423,0.0034323432343235094,0.013024602026049159,0.028311965811965933,0.01348824786324787,0.10761807281766345,1.1285661588063038,93.81967650629915
2026-01-19,0.001090194337840078,True,0.01347307345263471,True,0.010040137608940292,True,-0.0043839311405146075,True,-0.0008363320530784257,True,0.01941278415104075,True,0.0019265263909185038,-0.005939710698406042,0.010876469662018717,-0.003547599087436182,0.001090194337840078,0.0019265263909185038,-0.00922077922077913,-0.012845720277887107,-0.011420320294040498,-0.03793646626411129,0.06944444444444442,1.2887449789634255,95.99645356831188
2026-01-20,0.0,False,-0.07828656961099223,True,0.0,False,0.0,False,0.0,False,0.007341591644532297,True,0.0,-0.08562816125552453,0.0,0.0,0.0,0.0,-0.005311379630859148,-0.05046055266319582,-0.024547449259462506,-0.017004936917169422,0.1057113492879167,0.8756109759667962,49.16898532737584
2026-01-21,-0.03148203383747061,True,0.009615365672121179,True,-0.024975647828731407,True,-0.04381676302343995,True,-0.021247070363040854,True,0.003814914160573224,True,-0.010234963474429759,0.005800451511547955,-0.0037285774656905524,-0.0225696926603991,-0.03148203383747061,-0.010234963474429759,-0.001687051876845036,0.04210674552879867,0.013420980553273232,0.04533004656258566,0.05346563981042651,1.123038102083193,14.406201523838874
2026-01-22,0.02085250820142348,True,-0.053968213702578205,True,0.029560126013304933,True,0.029482894549578642,True,0.013518466424559117,True,-0.01617195376823788,True,0.007334041776864364,-0.037796259934340326,0.016041659588745816,0.015964428125019525,0.029482894549578642,0.015964428125019525,0.021621621621621623,0.009788359788359902,0.016511318242343753,-0.01371504660452727,0.036559742260820816,1.0736009513055216,56.57044396098004
2026-01-23,-0.023430498677594613,True,0.05033557323846227,True,0.002214352411255449,True,0.008291414334357983,True,0.007269304425451262,True,0.015992608141158327,True,-0.030699803103045875,0.034342965097303946,-0.005054952014195813,0.001022109908906721,0.002214352411255449,-0.005054952014195813,0.0020958868221114813,-0.057516339869281174,-0.021444082519001206,-0.03501628664495127,0.06888826659199099,1.1272922856989327,75.91633002121138
2026-01-26,-0.025735693300995677,True,0.0319488507321557,True,-0.006777247745122117,True,0.015310547591580459,True,0.003157356478796336,True,0.006786024824792181,True,-0.028893049779792013,0.025162825907363517,-0.009934604223918453,0.012153191112784123,-0.006777247745122117,-0.009934604223918453,-0.004160887656033285,-0.002089136490250554,-0.0006973500697349255,-0.02357043235704326,-0.015161863133451803,1.4126434642195007,29.03891661132664
2026-01-27,-0.004104392795481027,True,0.030959723158263452,True,-0.0031742583551109815,True,-0.00639415348837058,True,0.004400269315128824,True,0.0032229317820207104,True,-0.00850466211060985,0.027736791376242742,-0.007574527670239806,-0.010794422803499404,-0.004104392795481027,-0.00850466211060985,-0.004884856943475291,0.0040673211781208085,0.015460992907801563,0.040851063829787204,-0.010905577029265534,0.6169474138117911,25.67383340772082
2026-01-28,-0.0002113139981696488,True,0.03003009488453423,True,0.021137336444929433,True,0.010993712336374806,True,0.009065231755267522,True,0.007902828245345717,True,-0.009276545753437171,0.022127266639188514,0.012072104689661911,0.0019284805811072836,0.010993712336374806,0.0019284805811072836,0.020114541137030262,-0.013693002875530658,-0.01261137765592879,-0.027827278958190593,-0.002646976873781015,0.9132694391544252,24.904246732036597
2026-01-29,0.03572558113954982,True,0.0495626427698832,True,0.023032547287446192,True,0.015913429851231564,True,0.0033113909811974818,True,0.015035014375913036,True,0.03241419015835234,0.03452762839397017,0.01972115630624871,0.012602038870034082,0.023032547287446192,0.01972115630624871,-0.0031931139802860997,-0.036908077994428856,-0.01551822323462404,-0.0214977220956718,-0.06137607505863951,0.9015339205275407,47.83716890419879
2026-01-30,-0.015409679964838885,True,-0.03888886944327796,True,0.0021361498702181514,True,0.005169079151165157,True,-0.00598522437627802,True,-0.008156086050381428,True,-0.009424455588560865,-0.030732783392896534,0.008121374246496171,0.011154303527443177,0.0021361498702181514,0.008121374246496171,-0.01156905278380349,0.02048280907095834,0.013071895424836777,0.029193899782135047,-0.0729320284220405,0.9319128614946057,9.571772900084625
2026-02-02,0.017827461976191783,True,0.013005798959056403,True,-0.03367502857002935,True,-0.00716841606749119,True,-0.01201090373626934,True,-0.014522855203057627,True,0.029838365712461123,0.02752865416211403,-0.021664124833760012,0.00484248766877815,-0.00716841606749119,0.00484248766877815,-0.0040143369175627,-0.005757881099755391,-0.025673578784031648,-0.012836789392015713,-0.045435883399480015,0.61212787273707,32.17690718666442
2026-02-03,0.046435899487773824,True,0.00713263872295733,True,0.01117833208036223,True,-0.0288807731158095,True,0.006866562242869634,True,-0.013713951210479136,True,0.03956933724490419,0.020846589933436466,0.004311769837492596,-0.03574733535867913,0.01117833208036223,0.004311769837492596,0.013464601129289155,-0.006000000000000005,-0.00014369880729991902,-0.03678689466877427,-0.0905859117840685,0.5772089986520691,20.539083155298798
2026-02-04,0.04680807180421298,True,0.0694050637573167,True,-0.025222463696185304,True,-0.028392994576350472,True,-0.01536396384183314,True,0.018066327752278566,True,0.06217203564604612,0.05133873600503813,-0.009858499854352165,-0.013029030734517333,-0.025222463696185304,-0.009858499854352165,-0.014371945961483168,-0.032516768737241186,-0.0025556223692122515,0.003908598917618855,-0.05590230664857532,0.689245245907077,48.48642211816251
2026-02-05,-0.10551267552589949,True,0.05562919395948529,True,-0.039378404623127694,True,-0.03410221377522338,True,-0.017469240412525178,True,0.002933689007004636,True,-0.08804343511337431,0.052695504952480654,-0.021909164210602516,-0.0166329733626982,-0.039378404623127694,-0.021909164210602516,-0.012810851544837853,0.00717557251908385,0.0031934306569341153,0.0,-0.09752448313384121,0.9080313212282174,8.888411210564655
2026-02-06,-0.0378299661553656,True,-0.04642408782283536,True,-0.002486732937472369,True,-0.013261404689498213,True,-0.014395221638106248,True,-0.015129881759937458,True,-0.023434744517259354,-0.0312942060628979,0.011908488700633879,0.0011338169486080352,-0.013261404689498213,0.0011338169486080352,-0.013794148855540311,0.06301875192130324,0.04566071968551544,0.09419413365588158,-0.07384528990593853,0.6118071851151354,7.455716413892432
2026-02-09,0.06480881271690997,True,-0.01973684316944424,True,0.05400578942639256,True,0.0787177112002726,True,0.021137936669279433,True,-0.0005770087057992423,True,0.043670876047630536,-0.019159834463644998,0.032867852757113125,0.057579774530993166,0.06480881271690997,0.043670876047630536,0.022267206477732948,0.012588401697312568,-0.016620879120879062,-0.004120879120879106,-0.012000000000000122,1.1582108405597569,75.03015615449874
2026-02-10,-0.006086411675558345,True,0.06979865605692259,True,0.012448649510719667,True,0.024971660514827576,True,0.007660074439934883,True,0.0195607961848121,True,-0.013746486115493228,0.05023785987211049,0.004788575070784784,0.017311586074892693,0.012448649510719667,0.004788575070784784,-0.0011174745076127923,0.010488043630261457,-0.004134509371554573,-0.018054024255788392,0.03573495370370394,0.9596343644697665,88.17964630378667
2026-02-11,-0.04296801969408448,True,0.06148051955664102,True,-0.004647692510086454,True,-0.007893035105149604,True,-0.004639285022135731,True,0.020625133919167205,True,-0.03832873467194875,0.04085538563747382,-8.407487950723436e-06,-0.0032537500830138733,-0.007893035105149604,-0.0032537500830138733,-0.006919457514530825,-0.03274804905239703,-0.009277761918355831,-0.0168427062517843,0.04061059907834097,0.5903697898951382,90.83975176728156
2026-02-12,-0.019942360927084124,True,-0.0200945837747194,True,0.024755382873604237,True,0.00800904593061702,True,0.002682105541488955,True,0.016108084869157713,True,-0.02262446646857308,-0.03620266864387711,0.022073277332115282,0.005326940389128065,0.00800904593061702,0.005326940389128065,0.0,-0.006627287134418625,0.002617420386796576,0.011342155009451904,-0.057185547405596227,0.7162867366088476,31.167595331923124
2026-02-13,0.004679002154909684,True,0.0,False,-0.020902679621125242,True,-0.01636418228460701,True,-0.020338825937092464,True,0.0,False,0.025017828092002148,0.0,-0.0005638536840327779,0.0039746436524854545,-0.01636418228460701,0.0039746436524854545,-0.006091370558375608,0.009338975631110413,-0.010018605982539008,0.009016745384285096,-0.08976897689768981,0.7128534921106593,25.714771873603667
2026-02-24,0.15726195554111522,True,-0.013268960692121023,True,0.016670408942024206,True,0.024660347113186765,True,0.001281776112836308,True,0.004985782968901065,True,0.1559801794282789,-0.018254743661022088,0.015388632829187898,0.023378571000350457,0.024660347113186765,0.023378571000350457,0.012143993060575342,0.0335666333380944,0.0036061026352289804,0.04022191400832176,-0.10168831168831183,0.6554438839713957,36.36395227595826
2026-02-25,-0.0014038514555078097,True,0.018337409599027188,True,0.015210227439033552,True,0.006786747007672789,True,0.010741486606593798,True,0.027464288213389976,True,-0.012145338062101607,-0.009126878614362788,0.004468740832439755,-0.003954739598921009,0.006786747007672789,-0.003954739598921009,0.008844665561083431,0.06301369863013684,0.048648648648648596,0.10000000000000009,-0.03917142477758606,1.1390570439962149,87.66098428698504
2026-02-26,0.020243708752467393,True,0.014405733781042152,True,0.01670006665436241,True,0.014052296937936859,True,0.014493219410373515,True,0.02052545137509143,True,0.0057504893420938785,-0.006119717594049279,0.0022068472439888964,-0.0004409224724366556,0.01670006665436241,0.0022068472439888964,0.017912371134020555,0.08064311938220037,0.03316388283708549,0.01888162672476401,0.0909602136932377,1.9009593586698106,96.61782987834343
2026-02-27,-0.01194197174783218,True,-0.02248517533509209,True,-0.03320347703888116,True,-0.054561210045126374,True,-0.012064483343630195,True,4.004083061670549e-05,True,0.00012251159579801385,-0.022525216165708795,-0.021138993695250963,-0.04249672670149618,-0.03320347703888116,-0.021138993695250963,0.0,-0.020618556701030966,0.00324012960518405,-0.015120604824193085,0.1535135135135135,2.056273383507885,98.92628936116556
2026-03-02,-0.030866490983468386,True,0.0,False,-0.013689023360490382,True,-0.04164637217148226,True,-0.0032007731474020806,True,0.0,False,-0.027665717836066306,0.0,-0.010488250213088302,-0.03844559902408018,-0.030866490983468386,-0.027665717836066306,-0.019138755980861122,-0.001585365853658427,0.006639616377720481,-0.010205336284273892,0.09510086455331423,1.699462193348117,75.53903732884817
2026-03-03,0.08403686028158641,True,-0.0472155142961983,True,4.926429483109729e-05,True,0.029854862425945372,True,0.0013173568394246882,True,-0.00901886354995296,True,0.08271950344216172,-0.03819665074624534,-0.0012680925445935909,0.028537505586520684,0.029854862425945372,0.028537505586520684,0.0010993037742761391,-0.07003416300634446,-0.036896638867829235,-0.04308819812989639,0.13550624133148403,1.2915928636081013,51.570849748601965
2026-03-04,-0.07920351281630256,True,-0.026683595242805613,True,-0.03772242559430383,True,-0.013316469827987176,True,-0.010705670012813862,True,-0.021981462640061733,True,-0.0684978428034887,-0.00470213260274388,-0.02701675558148997,-0.0026107998151733147,-0.03772242559430383,-0.02701675558148997,-0.0087903437418001,0.0059563203176704604,0.005690088659521031,0.02395130342728602,0.0637822749476622,1.3002663471315823,16.784613696376596
2026-03-05,0.010475697317840815,True,-0.0744125859586513,True,0.020559526914325277,True,0.01660648255510222,True,0.015243056661963017,True,-0.0435492612031565,True,-0.004767359344122202,-0.030863324755494803,0.00531647025236226,0.001363425893139203,0.01660648255510222,0.001363425893139203,0.026447368421052664,-0.01999743622612493,-0.015327150953116875,-0.037351880473982524,0.06160078223215537,0.9081935397172817,15.946921926061037
2026-03-06,-0.05887390600475584,True,0.038081862219187856,True,-0.009396141174268346,True,0.00163899427668035,True,-0.0030125655761713555,True,0.025710975461891383,True,-0.05586134042858448,0.012370886757296473,-0.006383575598096991,0.0046515598528517055,-0.009396141174268346,-0.006383575598096991,-0.005886200130804431,-0.007763157894736916,0.0128945601074546,-0.05842847548690411,0.06136332083853935,1.038046792109175,30.19835083617751
2026-03-09,-0.11157143634787081,True,0.07608691748751562,True,-0.03740991100693036,True,-0.03010806418782519,True,-0.015043268708536672,True,-0.002179861357059054,True,-0.09652816763933414,0.07826677884457467,-0.02236664229839369,-0.015064795479288517,-0.03740991100693036,-0.02236664229839369,-0.031958626176899596,0.01630136986301367,0.06350344036697231,0.09733371559633008,0.09052783803326125,0.6501992627969416,16.93007499568438
2026-03-10,0.10112614059052949,True,-0.03914142874228144,True,0.036288621103607976,True,0.02716230855539603,True,0.013355523441756834,True,-0.04431963003584727,True,0.08777061714877266,0.005178201293565832,0.022933097661851143,0.013806785113639197,0.036288621103607976,0.022933097661851143,0.02439681897829904,0.008552631578947478,-0.002602472348731122,-0.006636304489264666,0.06365591397849446,1.1871934979270744,8.33652303817334
2026-03-11,-0.0038223423028632686,True,0.0735874318268428,True,0.007505620335539476,True,0.011606985477137677,True,1.6526024154916996e-05,True,0.020599268819414984,True,-0.0038388683270181856,0.05298816300742781,0.007489094311384559,0.01159045945298276,0.007505620335539476,0.007489094311384559,-0.0032615786040443018,0.010994764397905588,0.014980289093298405,0.02036793692509864,0.10974373823657158,0.9627642011510932,69.91686935817164
2026-03-12,-0.010266492384490733,True,0.09914319976364139,True,0.009312189696405682,True,0.006873706730786022,True,-0.0001318029413015509,True,0.04095952619427945,True,-0.010134689443189182,0.05818367356936194,0.009443992637707233,0.007005509672087573,0.006873706730786022,0.007005509672087573,-0.013982392542723932,0.002363445378151363,-0.01496774193548378,-0.009161290322580617,0.11008910606496114,0.8662842322332713,77.24852754708752
2026-03-13,-0.05134117142219452,True,0.01447659770144516,True,-0.03216715441675411,True,-0.015535120518506584,True,-0.017163246964151946,True,-0.01560441591332784,True,-0.034177924458042575,0.030081013614773,-0.015003907452602161,0.0016281264456453615,-0.03216715441675411,-0.015003907452602161,0.00026198585276393516,0.06312205343111588,0.050601785945386446,0.0336482464086969,0.150565184626978,0.9428218831951248,44.3057694835738
2026-03-16,0.0011044673416160666,True,0.026344692399994152,True,-0.002061212223951725,True,-0.015780185389578927,True,-0.005927118275966703,True,-0.005405866913823942,True,0.0070315856175827696,0.031750559313818094,0.003865906052014978,-0.009853067113612224,-0.002061212223951725,0.003865906052014978,0.0027100271002709064,0.03132678132678124,0.04053049082796223,0.08874566187407029,0.23055934515688947,1.6866306628753243,90.0309677182978
2026-03-17,0.06476172535425251,True,-0.027807519747210407,True,0.017013985707092116,True,0.016477026622857327,True,0.011217504869518224,True,-0.001730779621546441,True,0.053544220484734284,-0.026076740125663966,0.005796480837573892,0.0052595217533391025,0.017013985707092116,0.005796480837573892,0.03633114949374616,-0.016206896551724137,-0.0391782667265379,0.04501571621014833,0.21385193753614806,1.5902033028666642,94.86064670468559
2026-03-18,0.010672456289483545,True,0.008800885667264335,True,0.0075141941363208176,True,-0.007040662858024294,True,0.004880223770939329,True,0.014817677741781221,True,0.005792232518544216,-0.006016792074516886,0.0026339703653814883,-0.011920886628963623,0.0075141941363208176,0.0026339703653814883,0.028274331113447904,0.033973412112259904,0.0001099021870536454,-0.023519068029453805,0.1955580388322391,2.04539684076218,96.73415304367319
2026-03-19,-0.02286244962069306,True,0.0,True,-0.008088065449469939,True,-0.008409877322820725,True,-0.01393968844637461,True,0.015131788114791656,True,-0.00892276117431845,-0.015131788114791656,0.005851622996904671,0.005529811123553885,-0.008409877322820725,0.005529811123553885,-0.02692307692307694,-0.025070581592320673,-0.021534625410858044,-0.011787373909101229,0.25934126764461674,1.6785890281133367,99.04089070457432
2026-03-20,0.018571024213622334,True,0.09596516390434484,True,0.003175248196112479,True,-0.010199621354571309,True,-0.0031603622078371085,True,-0.019182699065508957,True,0.021731386421459442,0.1151478629698538,0.0063356104039495875,-0.0070392591467342,0.003175248196112479,0.0063356104039495875,0.019344376230742588,-0.04204545454545461,-0.04400090723520078,-0.07813563166250848,0.24376890937905205,1.1522500944865193,44.62474735704584
2026-03-23,-0.05706634539591826,True,-0.016915440229819723,True,-0.025777430485229624,True,-0.03281800569058757,True,-0.01848165574914795,True,-0.00432775801380203,True,-0.03858468964677031,-0.012587682216017693,-0.007295774736081673,-0.014336349941439619,-0.03281800569058757,-0.014336349941439619,-0.02787663107947802,-0.020866381940207512,-0.010604192355117115,-0.009741060419235392,0.22262509064539526,0.9503401028844096,30.199525673480252
2026-03-24,0.107930928059911,True,-0.026315820580516958,True,0.0172064128638012,True,0.01702370190686442,True,0.011479043469861727,True,-0.02448670019784016,True,0.09645188459004927,-0.0018291203826767966,0.005727369393939474,0.005544658437002692,0.0172064128638012,0.005727369393939474,0.009845463609172489,0.015549796371714164,0.017181705809641512,0.03164400494437558,0.16004047997686865,0.8517319366220812,13.170172024334946
2026-03-25,0.05492013207834723,True,-0.07692307692307687,True,0.00825329902704941,True,-0.0025051173356209766,True,-0.0068368493321682156,True,-0.003369539785315956,True,0.061756981410515444,-0.07355353713776092,0.015090148359217626,0.004331731996547239,0.00825329902704941,0.015090148359217626,0.012273666302102137,-0.009363745498199294,-0.004223482563050718,-0.026185591890913518,0.13723051409618559,0.8029225396987586,44.675008131685395
2026-03-26,0.00944015474714277,True,0.038288329445954394,True,0.011226824594883666,True,0.019862999468737152,True,0.006575664604969944,True,0.02535456425815963,True,0.0028644901421728264,0.012933765187794766,0.004651159989913722,0.013287334863767208,0.011226824594883666,0.004651159989913722,-0.006301502666020364,-0.03646341463414626,-0.018874953433502983,-0.04482801440456974,0.0634020618556701,0.9364000327437763,48.840253929533226
2026-03-27,-0.11175925643355755,True,-0.004338430658243353,True,-0.04556160888260241,True,-0.04163861015929882,True,-0.02386793610202098,True,-0.0030350174734580238,True,-0.08789132033153657,-0.0013034131847853292,-0.02169367278058143,-0.017770674057277835,-0.04556160888260241,-0.02169367278058143,-0.025060118972281997,0.04686485784759187,0.033978715219900035,0.01089883318374163,-0.07439081537019676,0.8947775335892769,14.809562308499949
2026-03-30,-0.004795153580832823,True,0.0065359350211029454,True,-0.017303845187635725,True,-0.021723900917334227,True,-0.01953665327773091,True,-0.006750069219611743,True,0.014741499696898086,0.013286004240714688,0.002232808090095184,-0.002187247639603318,-0.017303845187635725,0.002232808090095184,-0.020337301587301626,0.002405063291139209,0.013956466069142248,-0.008834827144686308,-0.03540669856459322,0.7368465861642051,48.280022012222396
2026-03-31,-0.0752068735034096,True,-0.028138496029018856,True,-0.03131596852559282,True,-0.01402823229793726,True,-0.007643399496543024,True,-0.017951772733723503,True,-0.06756347400686658,-0.010186723295295352,-0.023672569029049795,-0.006384832801394236,-0.03131596852559282,-0.023672569029049795,-0.004924864250536731,-0.035913705583756284,-0.035913705583756284,0.0017766497461928488,-0.032734823500671695,0.4949999172226132,28.416619768019416
2026-04-01,0.10340918743622196,True,-0.04231626658405341,True,0.05756763629895589,True,0.055881746998466264,True,0.03385390303471736,True,-0.024453103067768933,True,0.0695552844015046,-0.017863163516284475,0.023713733264238535,0.022027843963748905,0.05756763629895589,0.023713733264238535,0.03330261945504809,0.010063694267516077,0.005452700989094783,-0.013441541973116977,-0.0032799790081343705,0.7198576310849958,10.050884418158986
2026-04-02,-0.0034900055869535596,True,0.10000004288402509,True,0.022352653783642484,True,0.007740841074583615,True,0.012353248936580297,True,0.045765864674125245,True,-0.015843254523533856,0.05423417820989984,0.009999404847062188,-0.004612407861996681,0.007740841074583615,-0.004612407861996681,-0.0036574599571195243,-0.03455696202531655,-0.020169578622816098,-0.018114080164439827,0.043289473684210655,0.7438318768970299,61.44070990862519
2026-04-03,0.004120328783831395,True,-0.043340413312318415,True,0.0008929410475944088,True,0.009331530522419529,True,0.0011465661844940467,True,-0.018158067453737603,True,0.0029737625993373484,-0.025182345858580812,-0.00025362513689963784,0.008184964337925482,0.004120328783831395,0.0029737625993373484,0.014684672872689264,-0.013826075720377418,-0.004565018912221275,0.011608190948219743,-0.00235448005232175,0.6029089670876577,30.1269836019856
2026-04-07,-0.018260221044245517,True,0.0,False,0.009329128246790441,True,0.0014092692603508983,True,0.006017362300125839,True,0.0,False,-0.024277583344371356,0.0,0.003311765946664602,-0.004608093039774941,0.0014092692603508983,-0.004608093039774941,0.0024895178197066326,-0.0010456149522938274,-0.007917964693665569,0.045820353063343644,0.012067365070945302,0.5663770437596995,31.286596517312674
2026-04-08,0.03751310430267574,True,0.024309389938670822,True,0.009899446440218451,True,0.0025895233556876285,True,0.0001529927014582988,True,0.020182425176967334,True,0.03736011160121744,0.004126964761703489,0.009746453738760152,0.0024365306542293297,0.009899446440218451,0.009746453738760152,0.03755069998691596,0.0601513240857503,0.025368947432613753,0.04927430174411529,0.03019274834883401,0.5855659825762968,35.9627514476429
2026-04-09,0.06606906534500667,True,0.07659119231458322,True,0.057564440816692874,True,0.02234704465123949,True,0.029732056399946583,True,0.046089884909003676,True,0.03633700894506009,0.030501307405579547,0.027832384416746292,-0.007385011748707093,0.057564440816692874,0.027832384416746292,0.0072558582133936955,0.013698630136986356,-0.0006984866123399547,0.004190919674039506,0.0968036529680365,1.137576714860458,93.87390004952586
2026-04-10,0.01587151940853837,True,0.09719439025868404,True,0.01747371582386026,True,0.01005057963567002,True,0.006764690477389479,True,0.0028704629430582607,True,0.009106828931148891,0.09432392731562578,0.01070902534647078,0.0032858891582805416,0.01587151940853837,0.009106828931148891,0.00838769804287054,0.020332717190387983,0.013308857273978791,0.01537402478201022,0.11134127395132043,1.134428347678055,95.68287937114302
2026-04-13,0.1298242280568167,True,-0.004566191590537283,True,0.01526807966697108,True,0.02566468527863064,True,0.0014421634998613708,True,0.01596814237549693,True,0.12838206455695533,-0.020534333966034213,0.013825916167109709,0.024222521778769268,0.02566468527863064,0.024222521778769268,-0.020606884057970953,0.025086705202312265,-0.014339706536238284,0.07681191640729224,0.1569295258056067,0.9762833940351936,97.6376656927286
2026-04-14,0.016462260557800423,True,-0.03211018693667378,True,0.014786649383990325,True,0.0036048719201053903,True,0.010342458753533679,True,0.0011141546387523071,True,0.006119801804266745,-0.033224341575426086,0.004444190630456646,-0.0067375868334282885,0.014786649383990325,0.004444190630456646,0.033946092252171045,0.06391797556719014,0.0,-0.011174902604059955,0.0922641044592265,0.8622707823453234,97.90537187318125
2026-04-15,-0.022269010021635283,True,0.09004750271096151,True,0.019533549270634998,True,0.038032848706683,True,0.018156976393979063,True,0.023657534273739955,True,-0.040425986415614346,0.06638996843722156,0.0013765728766559349,0.019875872312703935,0.019533549270634998,0.0013765728766559349,0.010867336477342615,-0.05902636916835691,-0.028379935071735196,-0.022620169651272337,0.16188207266229893,1.091560963483981,99.6894014412271
2026-04-16,-0.034288549469079665,True,0.013043425275997889,True,0.0022123893805310324,True,0.012009626504063453,True,0.013999461125057566,True,0.011737329455939083,True,-0.04828801059413723,0.0013060958200588058,-0.011787071744526534,-0.001989834620994113,0.0022123893805310324,-0.011787071744526534,-0.005712438025436528,0.023306233062330595,0.009193927731451668,0.0337823391062646,0.08400514078747512,1.593791074705522,52.08076171410131
2026-04-17,0.0028302044200105847,True,0.0,True,0.003973482986685983,True,-0.0026147732496876186,True,0.0048164068171479,True,0.011161628904905463,True,-0.0019862023971373155,-0.011161628904905463,-0.0008429238304619169,-0.007431180066835519,0.0028302044200105847,-0.0019862023971373155,-0.007627118644067732,0.04248505550811266,0.011391880695940326,0.009424192212096116,0.03736263736263745,0.96516549981163,63.83640580972856
2026-04-20,0.07962026455396876,True,0.008583656567630493,True,0.02058051037899644,True,0.01678841329925218,True,0.013084099653997816,True,-0.008824720325923185,True,0.06653616489997094,0.01740837689355368,0.007496410724998626,0.0037043136452543646,0.02058051037899644,0.007496410724998626,-0.006758140487405195,0.010309278350515427,-0.0018333672845793902,-0.009268690160929016,0.1312405884397081,1.1726529032019892,81.803065384765
2026-04-21,-0.0034062128679676063,True,0.02978722024097613,True,-0.00043091219720181595,True,0.00188418170800575,True,-0.0031748578483062895,True,0.004196813151811751,True,-0.00023135501966131677,0.02559040708916438,0.0027439456511044735,0.005059039556312039,-0.00043091219720181595,0.0027439456511044735,-0.015204081632652966,0.03429696404517646,0.013606823720552219,0.01817627944760347,0.1625148279952553,0.9946059124927834,83.51174899871354
2026-04-22,-0.004451137186716303,True,0.0123967466934507,True,0.0015087770926882627,True,-0.010788749382758311,True,-0.003803352544907046,True,0.01748727177527587,True,-0.000647784641809257,-0.00509052508182517,0.005312129637595309,-0.006985396837851265,-0.004451137186716303,-0.000647784641809257,0.0010018032458425363,0.03352682145716557,0.025215923756576997,0.07147820907376157,0.2440179461615155,0.9167500170347089,91.7775707142971
2026-04-23,0.011656679317146867,True,0.020408181697756378,True,0.02619115657521931,True,0.013107807107300529,True,0.016730653873212376,True,0.007269208348100964,True,-0.005073974556065508,0.013138973349655414,0.009460502702006934,-0.003622846765911847,0.013107807107300529,-0.003622846765911847,0.017042703592524466,0.01513853184804348,-0.0016853932584268705,-0.013483146067415741,0.2549519990278284,0.9389063700806877,97.16525930232861
2026-04-24,0.049483045445264606,True,0.011999951613098414,True,0.010527902339651174,True,-0.01412349352662512,True,-0.005632759995443659,True,-0.004338092798431781,True,0.055115805440708265,0.016338044411530195,0.016160662335094833,-0.00849073353118146,0.010527902339651174,0.016160662335094833,-0.006002626148940204,-0.033968673334591526,-0.011394360757049138,0.002414059482425568,0.2920504120213281,1.2688420115080417,98.75258976164123
2026-04-27,0.12054443746667376,True,0.0988142242555119,True,0.05103247074071415,True,0.04322782178848117,True,0.019127514037256654,True,0.03230220091059155,True,0.1014169234294171,0.06651202334492035,0.0319049567034575,0.024100307751224515,0.05103247074071415,0.0319049567034575,0.015921078335612515,0.009037592539178796,-0.0004761904761904079,-0.022095238095238057,0.29578534362738895,1.1861896415369308,40.8500480481373
2026-04-28,-0.03248101816196358,True,0.021582736358039645,True,-0.00035540769866826416,True,0.040044191332756496,True,0.0005271905772745722,True,0.01757483474460031,True,-0.033008208739238154,0.004007901613439335,-0.0008825982759428364,0.039517000755481924,-0.00035540769866826416,-0.0008825982759428364,-9.528346831833012e-05,-0.029159519725557526,-0.009720062208398161,0.0,0.3014632936507935,0.8941493084490545,65.42552618508468
2026-04-29,-0.04564057650430098,True,-0.021126763002067173,True,-0.029727843440595536,True,-0.015881097300298186,True,-0.01005674119631117,True,-0.0023954193004298574,True,-0.03558383530798981,-0.018731343701637315,-0.019671102244284366,-0.005824356103987016,-0.029727843440595536,-0.019671102244284366,-0.00863761287789555,0.009702970297029712,0.006911532385466046,0.024782780410742555,0.28652607652481366,0.6635903716132527,32.83392755078425
2026-04-30,-0.000654090706344812,True,-0.021582736358039645,True,0.017039545739681694,True,-0.01838906179589994,True,0.006113613321933942,True,-0.005521784247846995,True,-0.006767704028278754,-0.01606095211019265,0.010925932417747752,-0.024502675117833883,-0.000654090706344812,-0.006767704028278754,0.016081584624436207,-0.010133178922987929,-0.0095596755504056,0.0274237157203554,0.3423719889430039,0.6967458823433426,34.945129960945835
2026-05-06,0.16058183149857963,True,0.08823530475209407,True,0.04625889044856213,True,-0.06093194234174293,True,0.030291529377697524,True,0.037294110257356294,True,0.1302903021208821,0.050941194494737774,0.015967361070864605,-0.09122347171944045,0.04625889044856213,0.015967361070864605,0.02271619381885559,-0.0010486177311724854,-0.002190059036373926,-0.0064749571510187565,0.29360575104048414,0.6085816714901641,52.54601822379106
2026-05-07,0.03170821845177518,True,-0.02364863742383061,True,0.051789793563639774,True,0.05765907262779835,True,0.020774385215872604,True,0.009064727604973788,True,0.01093383323590258,-0.0327133650288044,0.03101540834776717,0.03688468741192574,0.051789793563639774,0.03101540834776717,0.0002862868594331047,0.029192902117916475,0.027330730406627923,0.0629463860584707,0.37393470565097675,0.8429102793180826,84.36976327013892
2026-05-08,-0.06602280829375984,True,0.003460193776636533,True,-0.01757136570156459,True,0.017658692123978526,True,-0.0011929535040877681,True,0.019323088936799904,True,-0.06482985478967207,-0.01586289516016337,-0.01637841219747682,0.018851645628066294,-0.01757136570156459,-0.01637841219747682,-0.014434717824548304,0.027213455541906795,0.0026747832503226654,-0.004427227448810189,0.41352201257861654,0.8613539026916242,94.54797896998573
2026-05-11,0.02302135128942573,True,-0.08275863004493378,True,0.04895390415954437,True,0.017494074517685476,True,0.023440885181338134,True,-0.007865731014896293,True,-0.00041953389191240475,-0.07489289903003749,0.025513018978206237,-0.005946810663652657,0.02302135128942573,-0.00041953389191240475,0.011866433630760786,-0.0119999999999999,0.017793594306049876,0.014703127926577908,0.42897052422565807,0.701111788636778,96.51224593077588
2026-05-12,0.0361071007737741,True,0.05263164705496304,True,0.017245066385727315,True,0.019702606404692125,True,0.0028963137231159397,True,0.0044735470056218585,True,0.033210787050658164,0.04815810004934118,0.014348752662611375,0.016806292681576185,0.019702606404692125,0.016806292681576185,0.013617960986382016,-0.013435003631081965,0.01342782543826937,0.030119358448340128,0.29875196228225476,0.9008165937048201,94.96871481695297
2026-05-13,0.0022700478846418015,True,-0.007142916101096186,True,-0.02613176523466887,True,0.006106455043874748,True,-0.008481796863919255,True,0.0025906094031222793,True,0.010751844748561057,-0.009733525504218465,-0.017649968370749614,0.014588251907794003,0.0022700478846418015,0.010751844748561057,-0.019782848730217184,0.05679151412747574,0.032370472260430994,0.005502063273727709,0.2719720115222408,0.8218285557113727,94.96871481695297
2026-05-14,0.03342315556725817,True,-0.02877695233009414,True,0.01997331309159245,True,0.02287344570440064,True,0.010562283683906104,True,-0.012502179290078241,True,0.022860871883352063,-0.0162747730400159,0.009411029407686344,0.012311162020494537,0.02287344570440064,0.012311162020494537,0.015988630307336882,-0.06434691379611823,-0.004835410079970348,-0.02343314115677897,0.28061863840349277,0.9368235745206747,99.4599549758764
2026-05-15,0.018066506697344442,True,0.05925929500967264,True,0.010271468149951168,True,0.043882590852662995,True,0.0071077082416364235,True,0.009117934959939067,True,0.010958798455708019,0.050141360049733574,0.003163759908314745,0.03677488261102657,0.018066506697344442,0.010958798455708019,-0.0011212857409829136,-0.03657623947614608,0.0036055349834338557,0.003702981874878164,0.21256735695107531,0.9786798613875071,28.054561850511035
2026-05-18,-0.0262988837032897,True,-0.09790213216905186,True,-0.03803990555455361,True,-0.04420125203837699,True,-0.015087657190182235,True,-0.013877038088223825,True,-0.011211226513107464,-0.08402509408082803,-0.022952248364371375,-0.029113594848194757,-0.03803990555455361,-0.022952248364371375,-0.013981939994174186,0.02668636139832592,0.001536983669548686,-0.03093179634966381,0.06079128060590766,0.8511713684426924,13.747237188226592
2026-05-19,-0.05073202977902791,True,-0.03100772312701161,True,-0.018298258653933197,True,-0.013314354489436409,True,-0.004302311194844144,True,-0.006813771830388338,True,-0.046429718584183766,-0.024193951296623273,-0.013995947459089053,-0.009012043294592265,-0.018298258653933197,-0.013995947459089053,-0.007577210819106117,-0.008408234270803172,0.03563137175734332,0.043706470172605316,0.12896632217120918,0.707948969824376,34.727607304306815
2026-05-20,0.016051888719378793,True,0.02799998544459048,True,-0.0040280344222384246,True,-0.00769168486710603,True,-0.006162428965955091,True,-0.01751601452995355,True,0.022214317685333884,0.04551599997454403,0.0021343945437166667,-0.0015292559011509388,-0.0040280344222384246,0.0021343945437166667,0.0,0.009551656920077978,-0.011735521419711903,0.023280221352924402,0.09192548138588452,0.8569444156167068,21.228713725670474
2026-05-21,0.04925343391283521,True,-0.038910540828218765,True,0.03805417739488859,True,0.012964088201498525,True,0.016563783317203207,True,-0.0038515527018477824,True,0.032689650595632,-0.03505898812637098,0.021490394077685382,-0.003599695115704682,0.03805417739488859,0.021490394077685382,0.01930874686232853,-0.017806402727789328,-0.04862385321100915,0.010550458715596456,0.0655573304774284,0.6962392106055512,46.00846605074319
2026-05-22,0.030644794654594687,True,0.040485867841844714,True,0.005702603144241314,True,-0.017720518937572316,True,0.0019069796363839764,True,0.03366724156274126,True,0.02873781501821071,0.006818626279103457,0.0037956235078573375,-0.019627498573956292,0.005702603144241314,0.0037956235078573375,0.022179363548698205,0.07613207547169809,0.0060857294055389755,0.08696419121538179,0.0630906906573192,1.164718593068672,49.870429620310766
2026-05-25,0.08805496905451204,True,0.03501941021048438,True,0.014862299022392778,True,-0.019042430153974776,True,0.004240633637315083,True,0.021749981256365514,True,0.08381433541719696,0.013269428954118867,0.010621665385077694,-0.02328306379128986,0.014862299022392778,0.010621665385077694,0.060927500657490974,0.01255990745331359,0.02698625544753619,0.06419711699631248,0.14807830547845113,1.5024141214241102,96.24851828380902
2026-05-26,0.0,False,0.07142856482630466,True,0.0,False,0.0,False,0.0,False,0.03256436796480777,True,0.0,0.03886419686149689,0.0,0.0,0.0,0.0,0.002937816223274048,0.08510984540276656,0.013142900554584891,-0.008584669148370416,0.1921237311232713,1.4447691561197589,98.50616533314141
2026-05-27,0.03701557943910294,True,0.014035118292040849,True,0.04480151130636223,True,-0.0021826484173934624,True,0.01775519420859828,True,-0.0027272077978219844,True,0.019260385230504662,0.016762326089862833,0.02704631709776395,-0.019937842625991742,0.03701557943910294,0.019260385230504662,-0.023620275944811087,-0.014745411258735963,-0.027369219105382925,-0.014253222137983301,0.25662166520362506,1.6576933905962061,99.41130648539531
2026-05-28,-0.03188625984567661,True,-0.0484428830240623,True,-0.011027359894549282,True,-0.010518506254522997,True,-0.001136579405231486,True,0.016804674357044913,True,-0.030749680440445126,-0.06524755738110721,-0.009890780489317796,-0.009381926849291511,-0.011027359894549282,-0.009890780489317796,-0.017070699197131445,0.055194290245836664,0.0359701027717223,0.06968234194954825,0.2589118291352306,1.4383007365725506,63.406617862666685
2026-05-29,-0.015104656791681714,True,-0.05090906489987124,True,0.007271229370014787,True,0.0077610683237732125,True,0.008430907104224783,True,-0.014017266590648503,True,-0.023535563895906497,-0.036891798309222734,-0.0011596777342099962,-0.0006698387804515704,0.007271229370014787,-0.0011596777342099962,0.0008266947241843958,-0.008485394608395258,-0.037469018807406385,-0.06801282985858004,0.2737456404862455,1.287527090698852,78.23761157639771
2026-06-01,-0.07492407779146915,True,0.011494206313730881,True,-0.0015004657793371567,True,-0.014515741840623653,True,0.0036840899135461846,True,0.02512808021606805,True,-0.07860816770501533,-0.013633873902337168,-0.005184555692883341,-0.018199831754169837,-0.014515741840623653,-0.018199831754169837,0.0,-0.07217509845501358,-0.04957331264546161,-0.05298681148176887,0.3020696432479657,1.2613145200447633,66.67984157977466
2026-06-02,-0.007368171599715256,True,0.0037878636186559067,True,0.014826448819402316,True,0.06261247606516585,True,0.006000274716762455,True,0.01352401006913162,True,-0.013368446316477711,-0.009736146450475713,0.008826174102639861,0.05661220134840339,0.014826448819402316,0.008826174102639861,0.012162272467553636,0.056451612903225756,0.08443708609271527,0.0992549668874172,0.2069080017219289,1.223960981662246,17.731839199044316
2026-06-03,0.041637628010478434,True,-0.037735791287592524,True,0.04014416431462253,True,-0.006864017859425142,True,0.004604447930300237,True,0.004839182854787127,True,0.037033180080178196,-0.04257497414237965,0.035539716384322295,-0.01146846578972538,0.04014416431462253,0.035539716384322295,0.0003053435114503955,-0.009462759462759318,-0.04453441295546545,-0.05719543614280442,0.28312384135233315,1.099119181271333,64.3541676023596
2026-06-04,0.0555618041288608,True,0.0862744496838519,True,0.009000177541716337,True,-0.0362175484022057,True,-0.0026132570557489965,True,0.019795979840295574,True,0.0581750611846098,0.06647846984355632,0.011613434597465333,-0.033604291346456705,0.009000177541716337,0.011613434597465333,-0.0209553158705702,0.10812086874409821,0.06536541080344982,0.036616734755636315,0.24443577161554253,1.3317766574308416,55.468110593134234
2026-06-05,-0.025105535930342704,True,-0.025270745946122553,True,-0.016256458254117145,True,0.019393936372648524,True,-0.004837399690344579,True,-0.01682551333517468,True,-0.020268136239998125,-0.008445232610947873,-0.011419058563772566,0.024231336062993103,-0.016256458254117145,-0.011419058563772566,-0.02641670217298675,-0.028300510576221738,-0.035127109437241955,-0.06598102411820084,0.31141768682939963,1.3639628001692607,87.40642090544043
2026-06-08,-0.09316166177164753,True,-0.025925913109740018,True,-0.09217093072068028,True,-0.06201409311178463,True,-0.04800095670568172,True,-0.013278310983176,True,-0.04516070506596581,-0.012647602126564017,-0.04416997401499856,-0.01401313640610291,-0.09217093072068028,-0.04416997401499856,-0.06170244708001804,0.09600000000000009,0.03560359815556735,0.038476075289137546,0.22546223898445406,1.1493281005812468,43.9395482239331
2026-06-09,0.06419287721672107,True,0.03422048824230162,True,0.04997449592079373,True,0.017259863209897475,True,0.015615670011939864,True,-0.03479315291232288,True,0.0485772072047812,0.0690136411546245,0.03435882590885386,0.0016441931979576108,0.04997449592079373,0.03435882590885386,0.007299270072992803,0.022391304347826102,0.03895434462444758,0.0014727540500736325,0.26058152373941845,1.358597301786813,62.493310683043426
2026-06-10,-0.025339186841206618,True,0.09926476304250587,True,-0.011953262839234813,True,-0.0021568077897530236,True,-0.011507290544565008,True,0.027622605307562997,True,-0.01383189629664161,0.07164215773494287,-0.00044597229466980526,0.009350482754811984,-0.011953262839234813,-0.00044597229466980526,-0.03607626337798575,-0.03970588235294126,-0.027043134917678624,-0.04209193175892112,0.2982149429517851,1.4126236051533585,78.1455563932332
2026-06-11,-0.010008084016194685,True,-0.050167268633104056,True,-0.03400963822772607,True,-0.03732170883628583,True,-0.019976500775947925,True,-0.03308177660269873,True,0.00996841675975324,-0.017085492030405325,-0.014033137451778144,-0.017345208060337902,-0.03400963822772607,-0.014033137451778144,-0.01171516079632462,-0.01673510498179276,-0.01848414539829868,0.014694508894044667,0.16006395452122923,1.1648976741951793,24.881795897849173
2026-06-12,0.08767146191472808,True,-0.0528168642184752,True,0.06750633352965307,True,0.022203355415576276,True,0.033775843891297175,True,-0.0017600272119220328,True,0.0538956180234309,-0.05105683700655317,0.0337304896383559,-0.011572488475720899,0.06750633352965307,0.0337304896383559,0.03742809865258856,-0.04906577548230284,-0.03692307692307695,-0.03769230769230769,0.18585311156793116,0.8613885262922923,16.817457420924327
2026-06-15,0.03653648893002237,True,-0.018587377244029035,True,0.01724507269688047,True,0.001562034792462752,True,0.005884676445148118,True,0.023628988702241616,True,0.030651812484874252,-0.04221636594627065,0.011360396251732352,-0.004322641652685366,0.01724507269688047,0.011360396251732352,0.02635782747603832,0.04093385214007772,0.05990491283676702,0.08074484944532467,0.21565200504903403,0.812699449878724,12.932617023337045
2026-06-16,0.0649832538626045,True,0.0,True,0.043776941498460564,True,0.035381798294886524,True,0.031413770612350955,True,0.027801130493521287,True,0.03356948325025355,-0.027801130493521287,0.012363170886109609,0.003968027682535569,0.043776941498460564,0.012363170886109609,0.00328947368421062,0.047988077496274206,0.02016538517336408,0.05505585376468858,0.28294647995396116,1.0633451884945957,73.71714436389368
2026-06-17,-0.03425917790377353,True,0.018939411225252556,True,-0.048060542048045996,True,-0.02372321070531347,True,-0.019005412853389303,True,0.009079966328300548,True,-0.015253765050384227,0.009859444896952008,-0.029055129194656693,-0.004717797851924166,-0.03425917790377353,-0.015253765050384227,-0.018771331058020424,0.061956521739130466,-0.002042900919305257,-0.02478719782090555,0.3707602339181286,1.146612049349801,87.61545897558408
2026-06-18,0.01563280433191183,True,0.018587377244029035,True,0.012938264128449672,True,-0.013307036154839746,True,-0.010070425515599668,True,0.0014887671372583178,True,0.0257032298475115,0.017098610106770717,0.02300868964404934,-0.0032366106392400784,0.012938264128449672,0.02300868964404934,-0.003752985329239289,0.013013698630137016,0.010314912220780181,0.03224263952455786,0.4148484263371308,1.004428530602993,93.51080607504235
2026-06-22,0.06778493191922674,True,-0.01094895063097101,True,0.05755090127049223,True,0.02951387968799768,True,0.025065482590181487,True,0.012812598662263142,True,0.042719449329045256,-0.023761549293234152,0.03248541868031074,0.004448397097816192,0.05755090127049223,0.03248541868031074,0.012778904665314395,-0.030242339274984986,-0.03017759380424634,-0.06456135665642937,0.42622950819672134,0.8448433497262368,94.66994926970528
2026-06-23,0.023239691011639918,True,0.029520358811833125,True,0.013684258039190489,True,-0.009682543514892727,True,-0.0025101621760993398,True,0.02746813790663727,True,0.025749853187739258,0.002052220905195856,0.01619442021528983,-0.007172381338793388,0.013684258039190489,0.01619442021528983,-0.0017898939832025063,-0.04482758620689653,-0.008944543828264706,-0.006797853309481128,0.27342859647584805,0.9224340161900646,55.73315884343633
2026-06-24,-0.03747687274127276,True,-0.08677250933991476,True,-0.0700542483038109,True,-0.041265258841880814,True,-0.03292899719133657,True,-0.013423606797903442,True,-0.004547875549936187,-0.07334890254201132,-0.03712525111247433,-0.008336261650544241,-0.041265258841880814,-0.008336261650544241,0.00021660649819499334,0.03479390745686839,0.012358757062146841,0.023163841807909646,0.13024318589848205,0.8462410238605221,17.941960423341314
2026-06-25,-0.016090410026005864,True,-0.007905138339920903,True,-0.005031757807628545,True,-0.005198940555783627,True,-0.004245791899862628,True,-0.02244229984227597,True,-0.011844618126143236,0.014537161502355067,-0.0007859659077659176,-0.000953148655920999,-0.005198940555783627,-0.000953148655920999,0.004534356470177858,0.0763194444444446,0.06157534246575347,0.049041095890410835,0.07491001799640062,0.739816292729714,58.408998693749446
2026-06-26,0.003957289068926562,True,-0.01195219123505975,True,0.02901832622725853,True,-0.016381866490950747,True,0.008105545686541538,True,0.004596950478834572,True,-0.004148256617614976,-0.016549141713894322,0.02091278054071699,-0.024487412177492285,0.003957289068926562,-0.004148256617614976,-0.012968578617975512,-0.037259772519283474,-0.019048887704808726,-0.016318103103769688,0.20812222308831574,1.0924209828383757,87.6479253921597
2026-06-29,-0.09061120372037046,True,-0.040322580645161255,True,-0.03967783465882202,True,-0.01639934947644628,True,-0.013763553147168484,True,-0.036395859356203264,True,-0.07684765057320198,-0.0039267212889579906,-0.025914281511653536,-0.0026357963292777953,-0.03967783465882202,-0.025914281511653536,0.0,-0.04223248234655075,-0.019122453236909864,0.018148946526667098,0.10686908161731545,0.8638058868636638,45.3826705380155
2026-06-30,-0.02449215262868476,True,-0.02941176470588236,True,0.03330553065689168,True,0.012673341139074923,True,0.024854164910073306,True,0.009605559714053191,True,-0.04934631753875807,-0.03901732441993555,0.008451365746818373,-0.012180823770998384,0.012673341139074923,-0.012180823770998384,0.00028356727633616075,0.08291991495393347,0.019346230820546984,0.041027351567711756,0.06831263253559539,0.8546224390876753,25.523834930009485
2026-07-01,0.001177736708292132,True,0.03896103896103886,True,0.037833530995638576,True,0.02626042914387461,True,0.017014713891123634,True,0.025022539113369602,True,-0.015836977182831502,0.013938499847669261,0.02081881710451494,0.009245715252750974,0.02626042914387461,0.009245715252750974,0.0,-0.05098167539267029,-0.0496133176038801,-0.12734303316293094,0.24724512284711464,0.9432998640895726,71.91542654040362
2026-07-02,-0.03914023717780779,True,0.016666666666666607,True,-0.054018191898792645,True,-0.012544317296997454,True,-0.015249963514154086,True,0.019361745317864276,True,-0.023890273663653705,-0.0026950786511976688,-0.03876822838463856,0.002705646217156632,-0.03914023717780779,-0.023890273663653705,-0.047307082270188205,-0.05530220774520456,-0.03254262416604903,-0.022979985174203077,0.10694656488549614,0.8750007481669043,39.370132501849206
2026-07-03,-0.13199778310255084,True,0.012295081967213184,True,-0.04540186788465472,True,-0.01391836946126257,True,-0.01733382526666305,True,-0.005845045481542077,True,-0.11466395783588779,0.01814012744875526,-0.028068042617991673,0.00341545580540048,-0.04540186788465472,-0.028068042617991673,-0.006589533369090406,0.043964519861164675,0.017669172932330834,-0.001353383458646662,0.00546995377503845,0.9410280152420234,14.664543180710623
2026-07-06,0.0,False,0.05668016194331993,True,0.0,False,0.0,False,0.0,False,0.0007800105377469002,True,0.0,0.05590015140557303,0.0,0.0,0.0,0.0,0.004802364240857004,-0.05272058823529402,-0.0229048160788774,-0.013879408418657424,-0.03884391421673061,0.9474530942718176,39.859054868970865
2026-07-07,-0.04224898396203203,True,-0.06130268199233713,True,0.020277246300241414,True,0.003695515201847188,True,0.014341917254311332,True,-0.004793234110779254,True,-0.05659090121634336,-0.05650944788155787,0.005935329045930082,-0.010646402052464143,0.003695515201847188,-0.010646402052464143,-0.014204765970659117,0.021417322834645702,0.00030845157310288585,-0.00694016039481804,-0.03295301005854967,0.8278390657430706,22.200131896687196
2026-07-08,-0.0355445316305536,True,-0.07346938775510203,True,-0.03781230522507606,True,0.007056972054506172,True,-0.018524717261255708,True,-0.023139277670325198,True,-0.017019814369297892,-0.050330110084776836,-0.019287587963820352,0.02558168931576188,-0.0355445316305536,-0.017019814369297892,0.009867406722170902,-0.021374045801526798,0.013919645681746307,0.06176842771274904,-0.053138686131386836,0.6739669973838416,30.594767270302754
2026-07-09,0.008398052746396711,True,0.013215859030837107,True,0.019864111360369696,True,0.03651042281166639,True,0.002833298395807704,True,0.0056135835718529314,True,0.005564754350589007,0.007602275458984176,0.017030812964561992,0.033677124415858684,0.019864111360369696,0.017030812964561992,0.02956318252730128,0.04023032047882413,0.04785163702968798,0.07608944516522942,-0.09136012474307187,0.540492917059308,22.355467423613945
2026-07-10,0.03221149529103173,True,-0.06521739130434778,True,0.024839764702782485,True,-0.006564759723208469,True,0.016642333885830585,True,-0.008304486270893752,True,0.015569161405201148,-0.05691290503345403,0.0081974308169519,-0.023207093609039053,0.024839764702782485,0.0081974308169519,0.002184996358339353,-0.059302325581395365,-0.07430451262247029,-0.07172995780590719,0.05130168453292505,0.9079314383511824,81.62069766890477
2026-07-13,-0.023538032610281534,True,0.0,False,0.005430123466312553,True,0.040339338414540515,True,0.003083152100227471,True,0.0,False,-0.026621184710509005,0.0,0.002346971366085082,0.037256186314313045,0.005430123466312553,0.002346971366085082,-0.013442521631643944,-0.023805794831636695,-0.02150706436420724,0.03061224489795933,0.019935387282326023,0.9165255068516611,35.203169379350385
2026-07-14,-0.06897026724345245,True,-0.027906976744186074,True,-0.041585573476523474,True,-0.035220001821865354,True,-0.01897984931090735,True,0.0005712794489258766,True,-0.049990417932545106,-0.02847825619311195,-0.022605724165616126,-0.016240152510958006,-0.041585573476523474,-0.022605724165616126,0.031204877266164166,0.06674445740956814,0.038627584639854495,0.07528591986669686,-0.004313099041533541,0.6448906987490631,20.809359393999827
2026-07-15,0.0412938611855298,True,-0.028708133971291905,True,0.025084530179791065,True,0.04063291145890924,True,0.011169877197279243,True,-0.014159606790255297,True,0.030123983988250558,-0.014548527181036608,0.013914652982511821,0.029463034261629995,0.04063291145890924,0.029463034261629995,0.0280755487493618,-0.026599517662079686,-0.015990248099813642,0.006955399397676754,0.025194377990430672,1.15396715718478,74.72654317569989
2026-07-16,0.011622130607150893,True,0.009852216748768461,True,-0.01589175270467258,True,0.00330493787563535,True,-0.0027095386610569427,True,0.019975001997308173,True,0.014331669268207836,-0.010122785248539712,-0.013182214043615637,0.0060144765366922925,0.00330493787563535,0.0060144765366922925,-0.024921664359105034,0.02174725356849261,-0.03453145964268067,-0.09843937575030015,-0.02424630261660976,1.0709792047370117,74.9995445333435
2026-07-17,-0.09385876748248034,True,-0.019512195121951237,True,-0.036985689690940626,True,-0.023999998849817294,True,-0.016440498089291156,True,-0.00014484209344078902,True,-0.07741826939318919,-0.019367353028510448,-0.02054519160164947,-0.007559500760526139,-0.036985689690940626,-0.02054519160164947,-0.019236395552954866,-0.04690879260198377,-0.008379888268156388,-0.028476101800124165,-0.06707608324803827,0.9889987000394297,67.55623979803079
2026-07-20,0.01429230535634618,True,-0.07761194029850749,True,-0.02177802500433157,True,-0.0221311464542836,True,-0.015029581322824392,True,-0.06473889757658291,True,0.029321886679170572,-0.012873042721924577,-0.006748443681507177,-0.007101565131459209,-0.02177802500433157,-0.006748443681507177,0.0199530516431925,-0.11760644418872268,-0.05426739023186977,-0.0666831113303733,-0.1359026369168358,1.1991953287941344,15.107786468376077
2026-07-21,0.008863622492010004,True,0.0,True,0.00413272900273598,True,0.002317478251045113,True,0.0010498726409937653,True,-0.005192494034838457,True,0.007813749851016238,0.005192494034838457,0.0030828563617422144,0.0012676056100513478,0.00413272900273598,0.0030828563617422144,0.0021735350373848217,0.06358983256701656,0.1394052044609666,0.1394052044609666,-0.20817843866171004,1.0975382942989924,4.685082112053209
2026-07-22,0.1027259001476839,True,0.057173678532901784,True,0.04518368596499456,True,0.019726438214064723,True,0.01854722842715173,True,0.04200670223388481,True,0.08417867172053217,0.015166976299016977,0.026636457537842828,0.0011792097869129936,0.04518368596499456,0.026636457537842828,-0.013050570962479524,-0.05595041322314043,-0.06773851301722023,-0.022606708561168642,-0.11480144404332138,1.2197076772622104,47.58212414848014
2026-07-23,-0.014640851657560572,True,-0.04081632653061229,True,0.004845151300994166,True,0.023011291345846452,True,-0.005106055642898566,True,0.013404288294859956,True,-0.009534796014662006,-0.054220614825472246,0.009951206943892732,0.028117346988745018,0.004845151300994166,0.009951206943892732,0.02319880941959207,-0.009753593429158158,-0.020066040132080354,-0.020658707984082647,-0.2031391698639693,0.9599165836437106,23.86357219780767
2026-07-24,0.0010366907977690243,True,0.0010638297872340718,True,-0.011483857052664526,True,-0.01556169986942113,True,-0.01898336374339682,True,0.0005583247642784173,True,0.020020054541165844,0.0005055050229556546,0.007499506690732294,0.003421663873975689,-0.011483857052664526,0.007499506690732294,-0.03231380680836349,0.0019642857142856407,-0.02637515183064376,-0.004771820232517876,-0.2532421446544939,0.7163159897930398,35.469749060980405
2026-07-27,-0.09278565326259969,True,-0.04250797024442088,True,-0.03271451648281709,True,-0.009197129548412897,True,-0.011171210722356162,True,-0.026665489151664,True,-0.08161444254024353,-0.015842481092756877,-0.02154330576046093,0.001974081173943265,-0.03271451648281709,-0.02154330576046093,0.0,0.04705043664230968,-0.0014447182799354197,-0.045806067816775764,-0.2380499728408474,0.5509340668713918,20.73393501042476
2026-07-28,-0.05859526948523275,True,-0.006659267480577102,True,-0.022523591998161563,True,-0.049941969592287916,True,-0.0030837356474000543,True,-0.00047299308791204364,True,-0.055511533837832694,-0.006186274392665059,-0.01943985635076151,-0.04685823394488786,-0.049941969592287916,-0.04685823394488786,-0.04255319148936165,-0.06000000000000005,-0.03950953678474112,-0.06630336058128972,-0.16702112576208705,0.6185152075653453,64.71327124561951
2026-07-29,-0.12141295573699207,True,-0.09608938547486034,True,-0.03454564329364873,True,0.002544370625660486,True,-0.009719710851298968,True,-0.0465422176004644,True,-0.1116932448856931,-0.04954716787439595,-0.024825932442349763,0.012264081476959454,-0.03454564329364873,-0.024825932442349763,-0.019858156028368712,0.015436565364206345,0.04300862154395002,-0.004063026459221075,-0.30791884816753934,0.7210538194087407,18.652464715147033
2026-07-30,-0.06366736261755401,True,-0.09888751545117425,True,-0.047922914530263205,True,-0.03553117296548236,True,-0.02037047288151972,True,-0.03759743710600294,True,-0.043296889736034294,-0.061290078345171306,-0.027552441648743486,-0.015160700083962642,-0.047922914530263205,-0.027552441648743486,-0.009881235154394319,-0.07350542174455421,-0.020393668831168887,0.0699066558441559,-0.27418798703537683,1.0739204128191495,17.58710869246059
2026-07-31,0.1350103758119774,True,-0.010973936899862813,True,0.06877954684344134,True,0.0264722403535389,True,0.03297419933967949,True,-0.0026443825042463676,True,0.1020361764722979,-0.008329554395616445,0.03580534750376185,-0.006501958986140588,0.06877954684344134,0.03580534750376185,0.09062661833247021,-0.014719848053181384,-0.023161660860559263,-0.04538179079182747,-0.26020994559803845,1.1241185189795107,5.886621960290597
2026-08-03,-0.0006060054846303009,True,0.09986130374479885,True,0.003024688827180544,True,0.029276102311320384,True,0.006495569881900698,True,0.07979428588197601,True,-0.007101575366530999,0.020067017862822834,-0.003470881054720154,0.022780532429419686,0.003024688827180544,-0.003470881054720154,-0.016867469879518038,-0.00382352941176467,-0.006259168704156437,0.06044009779951098,-0.23346878463243437,1.0288377050686368,55.2089714230217
2026-08-04,0.049982644846140456,True,0.09962168978562413,True,0.009120663808806828,True,0.029340005860757135,True,0.017558420982753953,True,0.006184176769345795,True,0.0324242238633865,0.09343751301627834,-0.008437757173947125,0.011781584878003182,0.029340005860757135,0.011781584878003182,0.023521306957976496,0.07471153846153844,0.024660799413274592,0.04354602126879348,-0.2112861911045565,0.6002426725065465,42.09500120879201
2026-08-05,0.09553662477622771,True,0.028669724770642224,True,0.05545777652155115,True,0.02564842761888375,True,0.03396794626081601,True,-0.0005935038162241391,True,0.0615686785154117,0.029263228586866363,0.021489830260735143,-0.008319518641932255,0.05545777652155115,0.021489830260735143,-0.01896752259103507,0.05426356589147274,0.013146362839614456,0.013409290096406679,-0.13837496145544248,0.9542442912582768,82.21294073100043
2026-08-06,-0.011597208856050423,True,0.047937569676700154,True,-0.010439300231446125,True,0.03434935770955749,True,-0.009048794851582387,True,0.028849685446260098,True,-0.002548414004468036,0.019087884230440055,-0.001390505379863738,0.04339815256113988,-0.010439300231446125,-0.001390505379863738,-0.024740484429065734,0.03956004967181137,-0.009549564776472508,0.02256401588777157,-0.09828393135725422,1.1331250813009144,88.3160146300237
2026-08-07,0.03893333798363097,True,0.0478723404255319,True,0.003124395688220316,True,-0.00104914421161717,True,-0.0036943750473806825,True,-0.0048171851317403425,True,0.04262771303101165,0.05268952555727224,0.0068187707356009986,0.0026452308357635124,0.003124395688220316,0.0068187707356009986,0.019965870307167233,0.05295298644805091,0.030032733224222508,0.008837970540098272,-0.14639475600874008,0.8273406641964013,90.91926846605412
2026-08-10,0.006233544292394866,True,-0.003045685279187804,True,0.019633289217022343,True,0.022695108877927694,True,0.011726019049234537,True,-0.0038468864916847423,True,-0.0054924747568396715,0.0008012012124969381,0.007907270167787805,0.010969089828693157,0.019633289217022343,0.007907270167787805,0.007388575514419626,-0.032334384858044074,-0.009685230024213065,-0.030024213075060535,-0.027580346106304,1.1161931019937072,97.34065713285501
2026-08-11,-0.05196417559894995,True,-0.05702647657841142,True,-0.022807686260658766,True,-0.028621234049048927,True,-0.0029874614166396363,True,0.01589230295129762,True,-0.04897671418231031,-0.07291877952970904,-0.01982022484401913,-0.02563377263240929,-0.028621234049048927,-0.02563377263240929,-0.021434392828035942,0.007745481802281962,0.0030672303738705775,0.013761087623310964,-0.015722765923311344,0.8240249637885813,64.16213244673722
2026-08-12,0.0050738288193337144,True,0.0410367170626349,True,0.00618187193282016,True,-0.00022982257177850407,True,-0.0033570539834080204,True,0.004272475445720847,True,0.008430882802741735,0.03676424161691405,0.00953892591622818,0.0031272314116295163,0.0050738288193337144,0.008430882802741735,0.0,0.016611570247933916,0.019560712805636093,0.06199751346871096,-0.11762561073433964,0.5452751234449899,46.985260126267924
2026-08-13,0.056294938818373996,True,0.03734439834024905,True,0.02077046858462639,True,0.030298814143524755,True,0.007307443460370822,True,0.008806410303470624,True,0.048987495358003175,0.028537988036778428,0.013463025124255568,0.022991370683153933,0.030298814143524755,0.022991370683153933,0.015364604503698809,-0.033947157726181065,-0.04691943127962084,-0.04447077409162714,-0.10362165707206872,0.5632160526275448,67.53649252871222
2026-08-14,0.0056480720117579875,True,0.010000000000000009,True,0.007335427221555779,True,0.0053996895745995754,True,0.011565537129121894,True,0.011059567173957285,True,-0.005917465117363907,-0.0010595671739572765,-0.004230109907566115,-0.006165847554522319,0.0056480720117579875,-0.005917465117363907,0.002403447704293127,0.0026457213724679907,0.0029774212223967478,0.010669092713588624,-0.11746635459332944,0.848435497211907,35.425294629180684
2026-08-17,0.008064480686997166,True,0.004950495049504955,True,-0.002206660449048492,True,-0.0006214082568850587,True,-0.0013659941160515388,True,-0.004573272042886933,True,0.009430474803048705,0.009523767092391888,-0.0008406663329969533,0.00074458585916648,-0.0006214082568850587,0.00074458585916648,0.006019625628762348,0.025327868852458968,0.031244847485573102,0.031162407254740287,-0.051095461658841934,0.5655880725864127,48.20917747140959
2026-08-18,0.006999969482421875,True,-0.0049261083743842304,True,0.010632506417143306,True,-0.000666232778611997,True,-0.0016414852746460262,True,0.0010097531306225704,True,0.008641454757067901,-0.005935861505006801,0.012273991691789332,0.0009752524960340292,0.006999969482421875,0.008641454757067901,0.004876488927971767,-0.016785998408910152,-0.004831306868507856,-0.037603671793220106,0.08754999130585994,0.7545086379814264,85.11543527350578
2026-08-19,-0.1083132153910511,True,0.05940594059405946,True,-0.04090424948806892,True,-0.02342113486745523,True,-0.01693448594486635,True,-0.011962985353416111,True,-0.09137872944618475,0.07136892594747557,-0.02396976354320257,-0.006486648922588878,-0.04090424948806892,-0.02396976354320257,-0.0446638077514363,-0.03946811213686796,-0.05191439558602251,-0.021066711252299086,0.008075040783034337,0.6402141699604915,54.57393513889583
2026-08-20,-0.07421845437120123,True,-0.028037383177570097,True,-0.015532647064116611,True,-0.009920829543159648,True,-0.0019930264086855942,True,-0.013006958690137793,True,-0.07222542796251563,-0.015030424487432303,-0.013539620655431017,-0.007927803134474054,-0.015532647064116611,-0.013539620655431017,0.015166211092496162,-0.007035525058629366,-0.023072978977952463,-0.012220133310545167,-0.007178499518515347,0.9341986242517829,9.29638968575577
2026-08-21,-0.01718508375322425,True,-0.014423076923076872,True,0.0030842928699570393,True,-0.0032634287304743603,True,-0.0071919537489711916,True,0.004794048018571306,True,-0.009993130004253059,-0.019217124941648178,0.010276246618928231,0.003928525018496831,-0.0032634287304743603,0.003928525018496831,-0.005685794261721444,0.06633236561977651,0.04016133184587645,-0.00695099974255553,-0.01226887852082259,0.5725583082537571,21.012409107338996
2026-08-24,-0.03357227163926935,True,-0.05853658536585371,True,-0.003963461134172341,True,-0.00982248158901089,True,0.003530669955839505,True,0.0064662054029731575,True,-0.03710294159510885,-0.06500279076882687,-0.007494131090011846,-0.013353151544850395,-0.00982248158901089,-0.013353151544850395,-0.007755135714874961,-0.0390787395027854,0.007058208434994606,-0.003659811781108413,0.08011049723756902,0.906715485016614,73.27866889623226
2026-08-25,-0.030939009775825976,True,-0.01761658031088087,True,-0.024303193198895956,True,-0.029061133472992107,True,-0.009979845564302758,True,-0.010215058314384073,True,-0.020959164211523218,-0.007401521996496796,-0.014323347634593198,-0.01908128790868935,-0.029061133472992107,-0.01908128790868935,-0.02154538375010817,0.010700389105058328,-0.017282889079965558,0.02123817712811693,-0.01642553191489371,0.7647687115205681,35.17416848591792
2026-08-26,0.048356984432032846,True,0.024261603375527407,True,0.01649601267852474,True,0.021920585148795357,True,0.006229422572993526,True,0.009095610374029395,True,0.04212756185903932,0.015165993001498013,0.010266590105531215,0.01569116257580183,0.021920585148795357,0.01569116257580183,0.018636801119958024,0.024050850369352395,0.008458805616647025,0.015056673997631442,0.08075650118203326,0.7572365319219548,28.457470062432648
2026-08-27,0.0837043066877925,True,0.07106076210092693,True,-8.993521699474094e-05,True,-0.01591177757196449,True,0.0009146072815255923,True,0.014681604395669012,True,0.0827896994062669,0.05637915770525792,-0.0010045424985203333,-0.016826384853490084,-8.993521699474094e-05,-0.0010045424985203333,0.023318235195437076,0.00016393442622941734,0.014213282353918943,0.04355415177458233,0.1327315914489311,1.1153508650682944,71.046590367676
2026-08-28,0.02489734169820923,True,-0.009615384615384581,True,0.031001996983000657,True,0.08737952570943941,True,0.013691886096947492,True,0.003111269939336747,True,0.011205455601261738,-0.012726654554721328,0.017310110886053165,0.07368763961249192,0.031001996983000657,0.017310110886053165,-0.00016390755613826524,-0.0024590163934425924,-0.041581351393920274,-0.022444479445582033,0.2638011393060591,1.2015541592272263,82.72676225636127
2026-08-31,-0.04874530319425918,True,0.09708737864077666,True,-0.034712067449280126,True,-0.04574959711400217,True,-0.006489968792703249,True,0.00774831481905669,True,-0.04225533440155593,0.08933906382171997,-0.028222098656576877,-0.03925962832129892,-0.04574959711400217,-0.03925962832129892,-0.028841413311421538,0.056857602166003884,0.006689232753062546,-0.02103481624758219,0.17301204819277105,1.141277775247631,75.74263901098783
2026-09-01,0.00227557218368446,True,0.030973451327433565,True,0.0063640498715868965,True,0.014847184139841207,True,0.00046060937059055895,True,-0.004381051578845385,True,0.001814962813093901,0.03535450290627895,0.0059034405009963375,0.014386574769250648,0.0063640498715868965,0.0059034405009963375,-0.00024017292450562167,-0.03331197950032028,0.011139961470809867,-0.000753831979227737,0.22930813896270053,0.9525913528184072,90.99496817067019
2026-09-02,-0.030188331594072526,True,0.05150214592274671,True,-0.020498417404016256,True,-0.015128141366563597,True,-0.01272396313002655,True,0.01778186057823561,True,-0.017464368464045976,0.0337202853445111,-0.007774454273989706,-0.0024041782365370468,-0.020498417404016256,-0.007774454273989706,-0.013750828363154333,-0.0056274147488660775,-0.007128480375712787,-0.014005367326400564,0.08007515433479462,0.8405244898763341,34.448675693113074
2026-09-03,0.0023410789801419085,True,-0.04081632653061229,True,0.00964750018023297,True,0.03205479246106968,True,0.0022610270072151994,True,-0.016699071260597553,True,8.005197292670907e-05,-0.024117255270014737,0.007386473173017771,0.02979376545385448,0.00964750018023297,0.007386473173017771,0.016977785285919422,-0.03305647840531567,-0.0023993144815767087,-0.006169665809768632,0.024134948096885767,0.6549249031966676,20.370232411082767
2026-09-04,-0.001816601100731563,True,-0.06382978723404253,True,0.0038511756874106684,True,0.01800272774996836,True,0.01188593267524074,True,-0.0066513693154471865,True,-0.013702533775972303,-0.05717841791859535,-0.008034756987830072,0.006116795074727621,0.0038511756874106684,-0.008034756987830072,0.013571551279848881,-0.05508474576271183,-0.029928658430485422,0.023490516791369487,-0.006655290102389078,0.6835508812623553,12.045761212560876
2026-09-07,0.08848253001540951,True,-0.050000000000000044,True,0.02607679119856665,True,0.008360701613143284,True,0.0017975381542669755,True,0.015122200906831251,True,0.08668499186114254,-0.0651222009068313,0.024279253044299676,0.006563163458876309,0.02607679119856665,0.024279253044299676,0.018923766816143495,0.0795704603468006,0.029893357964564604,0.0644050717944411,-0.11416540875506476,1.0836078533824218,3.960833569986818
2026-09-08,0.0,False,0.0717703349282297,True,0.0,False,0.0,False,0.0,False,0.016651381893682204,True,0.0,0.0551189530345475,0.0,0.0,0.0,0.0,0.027313493681206724,-0.0087301587301587,0.0010419171275146688,0.027330287729422142,-0.00040749796251016157,1.7195208830689122,76.24061550851947
2026-09-09,0.029856749004397498,True,-0.0401785714285714,True,0.011851590954986335,True,-0.020099006637865124,True,-0.0008345245704174387,True,-0.004658898396891598,True,0.030691273574814937,-0.0355196730316798,0.012686115525403774,-0.019264482067447686,0.011851590954986335,0.012686115525403774,0.02001601281024823,0.0011773940345367606,-0.013152804642166394,-0.006963249516441006,0.03223140495867782,1.4345637991445186,81.77601967172053
2026-09-10,-0.03942795410024347,True,0.023255813953488413,True,0.0009760646604806134,True,-0.009125929338658634,True,-0.002853702094152255,True,0.001646891802691508,True,-0.03657425200609121,0.021608922150796905,0.0038297667546328684,-0.006272227244506379,-0.009125929338658634,-0.006272227244506379,-0.011681693453547637,0.0147548786292242,-0.0039710348049522,-0.012769602117885248,0.03690756849036658,0.9778324492653283,88.23342040623844
2026-09-11,-0.015372262874119746,True,-0.050000000000000044,True,-0.024395251992020084,True,-0.0226479169280428,True,-0.010637841445189311,True,-0.005147388760934346,True,-0.004734421428930435,-0.0448526112390657,-0.013757410546830773,-0.012010075482853488,-0.0226479169280428,-0.012010075482853488,-0.014618511569731152,0.017453391511305094,0.011196089253331154,-0.013955688717180448,0.06016907011437089,0.7424461610524047,89.29285473549007
2026-09-14,0.033513210938733495,True,-0.014354066985645897,True,0.01472477969695496,True,-0.00032060507429509943,True,0.008734391341528314,True,-0.016097760087677493,True,0.02477881959720518,0.001743693102031596,0.005990388355426646,-0.009054996415823413,0.01472477969695496,0.005990388355426646,-0.04654970760233912,0.027968596663395573,-0.018582136164897012,-0.0013272954403499293,0.05755751628597339,0.9138357666381646,90.77453436888136
2026-09-15,-0.10455552804049828,True,-0.009708737864077666,True,-0.047543714322890174,True,-0.03357912317427003,True,-0.007973401255785939,True,-0.006979172181896032,True,-0.09658212678471234,-0.002729565682181634,-0.039570313067104235,-0.025605721918484092,-0.047543714322890174,-0.039570313067104235,0.0,0.0009546539379474694,-0.03207939072236343,-0.037387491345488244,0.004876488927971767,0.739406010105114,28.92165172288793
2026-09-16,-0.006712613743476092,True,-0.04705882352941182,True,0.0011264734100877583,True,0.005735643802473378,True,-0.006542800059618603,True,-0.007653989654031412,True,-0.0001698136838574893,-0.03940483387538041,0.007669273469706361,0.012278443862091981,0.0011264734100877583,0.007669273469706361,0.005325067556827268,0.010356549924895209,0.023546371936568944,0.028191574563511068,0.018043531030018434,0.8556885342085361,33.20525527942418
2026-09-17,0.013693766032939259,True,0.020576131687242816,True,0.0063640447515349585,True,0.008153818836165172,True,0.00025548151370968775,True,0.007413735937723764,True,0.01343828451922957,0.013162395749519051,0.006108563237825271,0.007898337322455484,0.008153818836165172,0.007898337322455484,0.0,-0.033802816901408406,-0.017895490336435227,-0.0256899705718604,0.12688475443082625,0.9193787592188563,77.6514722406928
2026-09-18,0.006754356518126281,True,-0.04233870967741937,True,0.02758631105711218,True,0.025432457207263504,True,0.01731186438003518,True,0.009577145306960189,True,-0.010557507861908899,-0.05191585498437956,0.010274446677076998,0.008120592827228323,0.025432457207263504,0.008120592827228323,0.022027858762552643,-0.021394611727416857,0.02252028481536672,0.04255671468786226,0.08012596221133661,0.9256459981847305,19.892126263690955
2026-09-21,0.027881891358668476,True,0.0736842105263158,True,0.022100952484225944,True,0.013358292985729214,True,0.006318759752816483,True,0.019286856204631775,True,0.021563131605851993,0.05439735432168402,0.01578219273140946,0.007039533232912731,0.022100952484225944,0.01578219273140946,0.017975708502024235,0.00222717149220486,0.012536162005786,0.024991963998714173,0.01889283062453595,1.216428034496327,20.440079075807546
2026-09-22,0.051284185468852383,True,0.02450980392156854,True,0.04019202320571558,True,0.022990059441793553,True,0.02882053954743813,True,0.011404859900489006,True,0.022463645921414255,0.013104944021079534,0.011371483658277448,-0.005830480105644575,0.04019202320571558,0.011371483658277448,0.015873015873015817,-0.022343749999999996,-0.018971464408905625,0.005566008153025992,0.09024833434282264,0.9124691355950033,70.64260121683063
2026-09-23,0.027818131519273814,True,-0.004784688995215336,True,0.01917687383849609,True,0.006552863938686704,True,0.008078616135797079,True,0.0017044008512425712,True,0.019739515383476736,-0.006489089846457907,0.01109825770269901,-0.001525752197110375,0.01917687383849609,0.01109825770269901,-0.003835704011507124,0.027595058559281238,0.00802644003777142,-0.004564054139124973,0.09493393997725086,0.903077803035697,49.25816307641935
2026-09-24,-0.012944234016457501,True,0.09615384615384626,True,-0.009959583526958915,True,-0.014680826154739757,True,-0.008361651213807164,True,0.007471044004483618,True,-0.004582582802650337,0.08868280214936264,-0.0015979323131517509,-0.006319174940932593,-0.012944234016457501,-0.004582582802650337,-0.011631537861045982,-0.0202195719137509,-0.014537654909437592,-0.0455989831585637,0.07448414695520889,1.267936713031424,83.54563701677841
2026-09-28,0.026625325721240545,True,-0.030701754385964897,True,0.008563250767417596,True,-0.001951076197662105,True,0.004438658315207178,True,-0.0027552942157478277,True,0.022186667406033367,-0.02794646017021707,0.004124592452210418,-0.006389734512869283,0.008563250767417596,0.004124592452210418,-0.008464328899637219,-0.047154471544715415,-0.01669603154627064,-0.006376373856867068,0.016636616948041416,0.7967079796590617,29.323421617375104
2026-09-29,-0.03855381124203139,True,0.0,False,-0.010798581870437363,True,0.0168391752023771,True,-0.010705131904801934,True,0.0,False,-0.027848679337229454,0.0,-9.344996563542818e-05,0.027544307107179034,-0.010798581870437363,-9.344996563542818e-05,0.0008532423208189588,0.015089514066496168,0.010952623535404937,0.003396162336559705,-0.03697617091207883,0.9009711328510965,9.176682930417684
2026-09-30,-0.011192522444020803,True,0.013574660633484115,True,0.011483166174392379,True,-0.007209621131189281,True,0.0019007553300205426,True,-0.00817582264558736,True,-0.013093277774041345,0.021750483279071475,0.009582410844371836,-0.009110376461209824,-0.007209621131189281,-0.009110376461209824,0.004955068447132005,-0.031171653016881073,-0.010582913715114772,0.04233165486045909,-0.04675366263709879,0.5656332650040921,33.95248079812613
2026-10-08,0.04397389057236745,True,0.1116071428571428,True,0.02987313256465307,True,0.04515643767290878,True,0.026831797039679417,True,0.045650233865096146,True,0.01714209353268803,0.06595690899204665,0.003041335524973654,0.01832464063322936,0.04397389057236745,0.01714209353268803,0.013542655050461372,-0.01378723404255322,-0.04562675012353823,,-0.039678595096090064,0.6760636651070906,17.71947044225014
